url,domain,page_title,source_pattern,recommended_variant,functional_intuitiveness_1_5,minimalism_1_5,mobile_1_5,reduced_motion_1_5,cms_change_resilience_1_5,total_25,evidence_excerpt,decision_rationale,implementation_note,source_access_limitation
https://www.figma.com/blog/introducing-figma-sites/,figma.com,Publish Your Designs On The Web With Figma Sites | Figma Blog,큐레이션·시각 위계,center-only,5,5,5,5,5,25,"메타: Today, we’re launching Figma Sites, an all-in-one tool for you to design and build custom, responsive websites. / 관찰 소제목: Featured Topics | News | Design systems | Explore topics",한 항목에만 시선을 집중시켜 가장 미니멀하고 직관적이며 긴 CMS 문구나 다양한 포스터 비율에도 안전함.,단일 템플릿과 01/02/03 인디케이터만 유지. 전환 시 텍스트·날짜·장소도 같은 상태로 교체.,
https://www.figma.com/community/file/1337383844852052585/parallax-scrolling-example,figma.com,Parallax-Scrolling-Example | Figma,모션·상호작용,hidden-offstage,4,5,5,5,5,24,메타: Simple prototype showing parallax animation,활성 템플릿만 보이고 나머지는 프레임 밖에서 대기해 구조가 가장 안정적이며 모바일·CMS·reduced-motion 대응이 쉬움.,이전/다음은 opacity 0과 x 이동으로 대기. DOM/CMS 데이터는 유지하고 시각 상태만 전환.,Figma Community robots/로그인 정책으로 상세 캔버스 직접 분석 제한; 공개 메타/공식 설명만 사용
https://www.figma.com/community/file/1524448265587210925/figmastica-free-1-0,figma.com,Figmastica FREE 1.0 | Figma,큐레이션·시각 위계,center-only,5,5,5,5,5,25,메타: 👉 30+ Variants of Components 👉 3800+ All components 👉 20+ Sections & blocks 👉 30+ Text styles 👉 60+ Variables 👉 50+ Design tokens 👉 Autolayout 4.0+Variants Available for everyone!,한 항목에만 시선을 집중시켜 가장 미니멀하고 직관적이며 긴 CMS 문구나 다양한 포스터 비율에도 안전함.,단일 템플릿과 01/02/03 인디케이터만 유지. 전환 시 텍스트·날짜·장소도 같은 상태로 교체.,Figma Community robots/로그인 정책으로 상세 캔버스 직접 분석 제한; 공개 메타/공식 설명만 사용
https://www.figma.com/prototyping/,figma.com,Free Prototyping Tool: Build Interactive Prototype Designs | Figma,큐레이션·시각 위계,center-only,5,5,5,5,5,25,메타: Use our free online prototyping tool to build realistic experiences in one live file to ensure your designs are always up to date. / 관찰 소제목: What you can do in figma | Explore all products | Additional product resources | Use cases,한 항목에만 시선을 집중시켜 가장 미니멀하고 직관적이며 긴 CMS 문구나 다양한 포스터 비율에도 안전함.,단일 템플릿과 01/02/03 인디케이터만 유지. 전환 시 텍스트·날짜·장소도 같은 상태로 교체.,
https://www.figma.com/resource-library/ai-website-examples/,figma.com,"29 AI Website Examples for SaaS, E-commerce, + More | Figma",큐레이션·시각 위계,center-only,5,5,5,5,5,25,"메타: Explore 29 AI website examples across industries like SaaS, tech, and retail. See how AI handles complex hierarchy and use these files to start your Web design. / 관찰 소제목: What you can do in figma | Explore all products | Additional product resources | Use cases",한 항목에만 시선을 집중시켜 가장 미니멀하고 직관적이며 긴 CMS 문구나 다양한 포스터 비율에도 안전함.,단일 템플릿과 01/02/03 인디케이터만 유지. 전환 시 텍스트·날짜·장소도 같은 상태로 교체.,
https://muz.li/blog/weekly-designers-update-433/,muz.li,Weekly Designers Update #433 | Muzli Blog,큐레이션·시각 위계,excluded,2,2,2,2,2,10,"메타: Web design inspiration, weekly recap / 관찰 소제목: Weekly Designers Update #433 | Web design inspiration | How do we burn up forests, villages and people with our own hands | Convex Seascape Survey",공연 템플릿의 선택·비교보다 장식 모션 또는 다른 제품 목적이 앞서 이번 캐러셀의 직접 근거로 채택하지 않음.,직접 구현 근거에서는 제외하고 표면 스타일 또는 실패 방지 사례로만 보존.,
https://muz.li/blog/weekly-designers-update-434/,muz.li,Weekly Designers Update #434 | Muzli Blog,큐레이션·시각 위계,excluded,2,2,2,2,2,10,"메타: Web design inspiration, weekly recap / 관찰 소제목: Weekly Designers Update #434 | Web design inspiration | All Around Us* Environment Explorer Collection AW 2023 | Buttermax",공연 템플릿의 선택·비교보다 장식 모션 또는 다른 제품 목적이 앞서 이번 캐러셀의 직접 근거로 채택하지 않음.,직접 구현 근거에서는 제외하고 표면 스타일 또는 실패 방지 사례로만 보존.,
https://muz.li/blog/weekly-designers-update-435/,muz.li,Weekly Designers Update #435 | Muzli Blog,큐레이션·시각 위계,excluded,2,2,2,2,2,10,"메타: Web design inspiration, weekly recap / 관찰 소제목: Weekly Designers Update #435 | Web design inspiration | Eurecah | Creative Agency | Evan Fasquelle — Digital Designer",공연 템플릿의 선택·비교보다 장식 모션 또는 다른 제품 목적이 앞서 이번 캐러셀의 직접 근거로 채택하지 않음.,직접 구현 근거에서는 제외하고 표면 스타일 또는 실패 방지 사례로만 보존.,
https://muz.li/blog/weekly-designers-update-436/,muz.li,Weekly Designers Update #436 | Muzli Blog,큐레이션·시각 위계,excluded,2,2,2,2,2,10,"메타: Web design inspiration, weekly recap / 관찰 소제목: Weekly Designers Update #436 | Web design inspiration | Sala X | Bonhomme | 10 Ans",공연 템플릿의 선택·비교보다 장식 모션 또는 다른 제품 목적이 앞서 이번 캐러셀의 직접 근거로 채택하지 않음.,직접 구현 근거에서는 제외하고 표면 스타일 또는 실패 방지 사례로만 보존.,
https://muz.li/blog/weekly-designers-update-437/,muz.li,Weekly Designers Update #437 | Muzli Blog,큐레이션·시각 위계,excluded,2,2,2,2,2,10,"메타: Web design inspiration, weekly recap / 관찰 소제목: Weekly Designers Update #437 | Web design inspiration | Nokia 3310 Eng | Concept Capers",공연 템플릿의 선택·비교보다 장식 모션 또는 다른 제품 목적이 앞서 이번 캐러셀의 직접 근거로 채택하지 않음.,직접 구현 근거에서는 제외하고 표면 스타일 또는 실패 방지 사례로만 보존.,
https://muz.li/blog/weekly-designers-update-438/,muz.li,Weekly Designers Update #438 | Muzli Blog,큐레이션·시각 위계,excluded,2,2,2,2,2,10,"메타: Web design inspiration, weekly recap / 관찰 소제목: Weekly Designers Update #438 | Web design inspiration | Active Theory · Creative Digital Experiences | Loket Design",공연 템플릿의 선택·비교보다 장식 모션 또는 다른 제품 목적이 앞서 이번 캐러셀의 직접 근거로 채택하지 않음.,직접 구현 근거에서는 제외하고 표면 스타일 또는 실패 방지 사례로만 보존.,
https://muz.li/blog/weekly-designers-update-439/,muz.li,Weekly Designers Update #439 | Muzli Blog,큐레이션·시각 위계,excluded,2,2,2,2,2,10,"메타: Web design inspiration, weekly recap / 관찰 소제목: Weekly Designers Update #439 | Web design inspiration | Backstage With Bon Jovi | Otoh",공연 템플릿의 선택·비교보다 장식 모션 또는 다른 제품 목적이 앞서 이번 캐러셀의 직접 근거로 채택하지 않음.,직접 구현 근거에서는 제외하고 표면 스타일 또는 실패 방지 사례로만 보존.,
https://muz.li/blog/weekly-designers-update-440/,muz.li,Weekly Designers Update #440 | Muzli Blog,큐레이션·시각 위계,excluded,2,2,2,2,2,10,"메타: Web design inspiration, weekly recap / 관찰 소제목: Weekly Designers Update #440 | Web design inspiration | The Cursed Library | Louisvuitton-Package",공연 템플릿의 선택·비교보다 장식 모션 또는 다른 제품 목적이 앞서 이번 캐러셀의 직접 근거로 채택하지 않음.,직접 구현 근거에서는 제외하고 표면 스타일 또는 실패 방지 사례로만 보존.,
https://muz.li/blog/weekly-designers-update-441/,muz.li,Weekly Designers Update #441 | Muzli Blog,큐레이션·시각 위계,excluded,2,2,2,2,2,10,"메타: Web design inspiration, weekly recap / 관찰 소제목: Weekly Designers Update #441 | Web design inspiration | Format–3 | Web Design Studio — WLT Design",공연 템플릿의 선택·비교보다 장식 모션 또는 다른 제품 목적이 앞서 이번 캐러셀의 직접 근거로 채택하지 않음.,직접 구현 근거에서는 제외하고 표면 스타일 또는 실패 방지 사례로만 보존.,
https://muz.li/blog/weekly-designers-update-442/,muz.li,Weekly Designers Update #442 | Muzli Blog,큐레이션·시각 위계,excluded,2,2,2,2,3,11,"메타: Web design inspiration, weekly recap / 관찰 소제목: Weekly Designers Update #442 | Web design inspiration | Drams — Framer Components Inspired By Dieter Rams’ | Hero Collective",공연 템플릿의 선택·비교보다 장식 모션 또는 다른 제품 목적이 앞서 이번 캐러셀의 직접 근거로 채택하지 않음.,직접 구현 근거에서는 제외하고 표면 스타일 또는 실패 방지 사례로만 보존.,
https://muz.li/blog/weekly-designers-update-443/,muz.li,Weekly Designers Update #443 | Muzli Blog,3D·공간 깊이,spatial-3d,3,3,2,2,3,13,"메타: Web design inspiration, weekly recap / 관찰 소제목: Weekly Designers Update #443 | Web design inspiration | Add depth and illusion to sites on Wix Studio | Metalab | We Make Interfaces",건축 개구부의 깊이를 강화하지만 카메라·광원·가림 순서가 조금만 어긋나도 조잡해지고 모바일 비용이 큼.,단일 perspective-origin·고정 카메라·기준 PNG 전면 마스크. 사용자 조작에 따라 카메라 자체는 움직이지 않음.,
https://muz.li/blog/weekly-designers-update-444/,muz.li,Weekly Designers Update #444 | Muzli Blog,큐레이션·시각 위계,excluded,2,2,2,2,2,10,"메타: Web design inspiration, weekly recap / 관찰 소제목: Weekly Designers Update #444 | Web design inspiration | Muzli AI Color Combination Generator | Peter Tarka",공연 템플릿의 선택·비교보다 장식 모션 또는 다른 제품 목적이 앞서 이번 캐러셀의 직접 근거로 채택하지 않음.,직접 구현 근거에서는 제외하고 표면 스타일 또는 실패 방지 사례로만 보존.,
https://muz.li/blog/weekly-designers-update-445/,muz.li,Weekly Designers Update #445 | Muzli Blog,큐레이션·시각 위계,excluded,2,2,2,2,2,10,"메타: Web design inspiration, weekly recap / 관찰 소제목: Weekly Designers Update #445 | Web design inspiration | Razorfish | Agence Digitale | Monopo Paris",공연 템플릿의 선택·비교보다 장식 모션 또는 다른 제품 목적이 앞서 이번 캐러셀의 직접 근거로 채택하지 않음.,직접 구현 근거에서는 제외하고 표면 스타일 또는 실패 방지 사례로만 보존.,
https://muz.li/blog/weekly-designers-update-446/,muz.li,Weekly Designers Update #446 | Muzli Blog,큐레이션·시각 위계,excluded,2,2,2,2,2,10,"메타: Web design inspiration, weekly recap / 관찰 소제목: Weekly Designers Update #446 | Web design inspiration | Merriment | 84–24",공연 템플릿의 선택·비교보다 장식 모션 또는 다른 제품 목적이 앞서 이번 캐러셀의 직접 근거로 채택하지 않음.,직접 구현 근거에서는 제외하고 표면 스타일 또는 실패 방지 사례로만 보존.,
https://muz.li/blog/weekly-designers-update-447/,muz.li,Weekly Designers Update #447 | Muzli Blog,큐레이션·시각 위계,excluded,2,2,2,2,2,10,"메타: Web design inspiration, weekly recap / 관찰 소제목: Weekly Designers Update #447 | Web design inspiration | Aircord | Ma Sai Gon",공연 템플릿의 선택·비교보다 장식 모션 또는 다른 제품 목적이 앞서 이번 캐러셀의 직접 근거로 채택하지 않음.,직접 구현 근거에서는 제외하고 표면 스타일 또는 실패 방지 사례로만 보존.,
https://muz.li/blog/weekly-designers-update-448/,muz.li,Weekly Designers Update #448 | Muzli Blog,큐레이션·시각 위계,excluded,2,2,2,2,2,10,"메타: Web design inspiration, weekly recap / 관찰 소제목: Weekly Designers Update #448 | Web design inspiration | Innovative Fashion Worlds | NeoCultural Couture | Madmusem — Contemporary Artist And Creator",공연 템플릿의 선택·비교보다 장식 모션 또는 다른 제품 목적이 앞서 이번 캐러셀의 직접 근거로 채택하지 않음.,직접 구현 근거에서는 제외하고 표면 스타일 또는 실패 방지 사례로만 보존.,
https://muz.li/blog/weekly-designers-update-449/,muz.li,Weekly Designers Update #449 | Muzli Blog,큐레이션·시각 위계,excluded,2,2,2,2,2,10,"메타: Web design inspiration, weekly recap / 관찰 소제목: Weekly Designers Update #449 | Web design inspiration | Basement.Studio | RayRay Lab",공연 템플릿의 선택·비교보다 장식 모션 또는 다른 제품 목적이 앞서 이번 캐러셀의 직접 근거로 채택하지 않음.,직접 구현 근거에서는 제외하고 표면 스타일 또는 실패 방지 사례로만 보존.,
https://muz.li/blog/weekly-designers-update-450/,muz.li,Weekly Designers Update #450 | Muzli Blog,큐레이션·시각 위계,excluded,2,2,2,2,2,10,"메타: Web design inspiration, weekly recap / 관찰 소제목: Weekly Designers Update #450 | Web design inspiration | Buttermax: Slosh Seltzer | Equinox",공연 템플릿의 선택·비교보다 장식 모션 또는 다른 제품 목적이 앞서 이번 캐러셀의 직접 근거로 채택하지 않음.,직접 구현 근거에서는 제외하고 표면 스타일 또는 실패 방지 사례로만 보존.,
https://muz.li/blog/weekly-designers-update-451/,muz.li,Weekly Designers Update #451 | Muzli Blog,큐레이션·시각 위계,excluded,2,2,2,2,2,10,"메타: Web design inspiration, weekly recap / 관찰 소제목: Weekly Designers Update #451 | Web design inspiration | WLKR 76 | DECATHLON | Say Social",공연 템플릿의 선택·비교보다 장식 모션 또는 다른 제품 목적이 앞서 이번 캐러셀의 직접 근거로 채택하지 않음.,직접 구현 근거에서는 제외하고 표면 스타일 또는 실패 방지 사례로만 보존.,
https://muz.li/blog/weekly-designers-update-452/,muz.li,Weekly Designers Update #452 | Muzli Blog,큐레이션·시각 위계,excluded,2,2,2,2,2,10,"메타: Web design inspiration, weekly recap / 관찰 소제목: Weekly Designers Update #452 | Web design inspiration | Rob Hemus | Design Collective | TWOMUCH.STUDIO",공연 템플릿의 선택·비교보다 장식 모션 또는 다른 제품 목적이 앞서 이번 캐러셀의 직접 근거로 채택하지 않음.,직접 구현 근거에서는 제외하고 표면 스타일 또는 실패 방지 사례로만 보존.,
https://muz.li/blog/weekly-designers-update-453/,muz.li,Weekly Designers Update #453 | Muzli Blog,큐레이션·시각 위계,excluded,2,2,2,2,2,10,"메타: Web design inspiration, weekly recap / 관찰 소제목: Weekly Designers Update #453 | Web design inspiration | Crazy Creative | A Solo Design Agency With Super Powers. | Local Studio — Digital Creative Studio",공연 템플릿의 선택·비교보다 장식 모션 또는 다른 제품 목적이 앞서 이번 캐러셀의 직접 근거로 채택하지 않음.,직접 구현 근거에서는 제외하고 표면 스타일 또는 실패 방지 사례로만 보존.,
https://muz.li/blog/weekly-designers-update-454/,muz.li,Weekly Designers Update #454 | Muzli Blog,큐레이션·시각 위계,excluded,2,2,2,2,2,10,"메타: Web design inspiration, weekly recap / 관찰 소제목: Weekly Designers Update #454 | Web design inspiration | A./CHEN — Web Designer Of The Future ( 未來界 ) | STR8FIRE | Redefining Entertainment",공연 템플릿의 선택·비교보다 장식 모션 또는 다른 제품 목적이 앞서 이번 캐러셀의 직접 근거로 채택하지 않음.,직접 구현 근거에서는 제외하고 표면 스타일 또는 실패 방지 사례로만 보존.,
https://muz.li/blog/weekly-designers-update-455/,muz.li,Weekly Designers Update #455 | Muzli Blog,큐레이션·시각 위계,excluded,2,2,2,2,2,10,"메타: Web design inspiration, weekly recap / 관찰 소제목: Weekly Designers Update #455 | Weekly Designers Update #567 | Weekly Designers Update #566 | Weekly Designers Update #565",공연 템플릿의 선택·비교보다 장식 모션 또는 다른 제품 목적이 앞서 이번 캐러셀의 직접 근거로 채택하지 않음.,직접 구현 근거에서는 제외하고 표면 스타일 또는 실패 방지 사례로만 보존.,
https://muz.li/blog/weekly-designers-update-456/,muz.li,Weekly Designers Update #456 | Muzli Blog,큐레이션·시각 위계,excluded,2,2,2,2,2,10,"메타: Web design inspiration, weekly recap / 관찰 소제목: Weekly Designers Update #456 | Web design inspiration | Noomo Labs | Superpower",공연 템플릿의 선택·비교보다 장식 모션 또는 다른 제품 목적이 앞서 이번 캐러셀의 직접 근거로 채택하지 않음.,직접 구현 근거에서는 제외하고 표면 스타일 또는 실패 방지 사례로만 보존.,
https://muz.li/blog/weekly-designers-update-457/,muz.li,Weekly Designers Update #457 | Muzli Blog,큐레이션·시각 위계,excluded,2,2,2,2,2,10,"메타: Web design inspiration, weekly recap / 관찰 소제목: Weekly Designers Update #457 | Web design inspiration | Fountain Of Youth Coconut Water | The Golden Temple | DES® | Design Education Series® By Obys®",공연 템플릿의 선택·비교보다 장식 모션 또는 다른 제품 목적이 앞서 이번 캐러셀의 직접 근거로 채택하지 않음.,직접 구현 근거에서는 제외하고 표면 스타일 또는 실패 방지 사례로만 보존.,
https://muz.li/blog/weekly-designers-update-458/,muz.li,Weekly Designers Update #458 | Muzli Blog,큐레이션·시각 위계,excluded,2,2,2,2,2,10,"메타: Web design inspiration, weekly recap / 관찰 소제목: Weekly Designers Update #458 | Web design inspiration | Everything App For Your Teams | Rogier De Boevé — Creative Developer",공연 템플릿의 선택·비교보다 장식 모션 또는 다른 제품 목적이 앞서 이번 캐러셀의 직접 근거로 채택하지 않음.,직접 구현 근거에서는 제외하고 표면 스타일 또는 실패 방지 사례로만 보존.,
https://muz.li/blog/weekly-designers-update-459/,muz.li,Weekly Designers Update #459 | Muzli Blog,큐레이션·시각 위계,excluded,2,2,2,2,2,10,"메타: Web design inspiration, weekly recap / 관찰 소제목: Weekly Designers Update #459 | Web design inspiration | Dracarys — Robert Borghesi LAB | Francobolli Per La Lessinia",공연 템플릿의 선택·비교보다 장식 모션 또는 다른 제품 목적이 앞서 이번 캐러셀의 직접 근거로 채택하지 않음.,직접 구현 근거에서는 제외하고 표면 스타일 또는 실패 방지 사례로만 보존.,
https://muz.li/blog/weekly-designers-update-460/,muz.li,Weekly Designers Update #460 | Muzli Blog,큐레이션·시각 위계,excluded,2,2,2,2,2,10,"메타: Web design inspiration, weekly recap / 관찰 소제목: Weekly Designers Update #460 | Web design inspiration | Ashfall Studio | Empowering Brands Through Strategy, Design and Technology | Sigma Software Design",공연 템플릿의 선택·비교보다 장식 모션 또는 다른 제품 목적이 앞서 이번 캐러셀의 직접 근거로 채택하지 않음.,직접 구현 근거에서는 제외하고 표면 스타일 또는 실패 방지 사례로만 보존.,
https://muz.li/blog/weekly-designers-update-461/,muz.li,Weekly Designers Update #461 | Muzli Blog,큐레이션·시각 위계,excluded,2,2,2,2,2,10,"메타: Web design inspiration, weekly recap / 관찰 소제목: Weekly Designers Update #461 | Web design inspiration | Samson – Art | Office Of Overview — Twenty Three Degrees",공연 템플릿의 선택·비교보다 장식 모션 또는 다른 제품 목적이 앞서 이번 캐러셀의 직접 근거로 채택하지 않음.,직접 구현 근거에서는 제외하고 표면 스타일 또는 실패 방지 사례로만 보존.,
https://muz.li/blog/weekly-designers-update-462/,muz.li,Weekly Designers Update #462 | Muzli Blog,큐레이션·시각 위계,excluded,2,2,2,2,2,10,"메타: Web design inspiration, weekly recap / 관찰 소제목: Weekly Designers Update #462 | Web design inspiration | Decathland · Yeye Weller X Decathlon | O Positive Films",공연 템플릿의 선택·비교보다 장식 모션 또는 다른 제품 목적이 앞서 이번 캐러셀의 직접 근거로 채택하지 않음.,직접 구현 근거에서는 제외하고 표면 스타일 또는 실패 방지 사례로만 보존.,
https://muz.li/blog/weekly-designers-update-463/,muz.li,Weekly Designers Update #463 | Muzli Blog,큐레이션·시각 위계,excluded,2,2,2,2,2,10,"메타: Web design inspiration, weekly recap / 관찰 소제목: Weekly Designers Update #463 | Web design inspiration | Contra | Project Cost Calculator | Chrono – Timeless Threads",공연 템플릿의 선택·비교보다 장식 모션 또는 다른 제품 목적이 앞서 이번 캐러셀의 직접 근거로 채택하지 않음.,직접 구현 근거에서는 제외하고 표면 스타일 또는 실패 방지 사례로만 보존.,
https://muz.li/blog/weekly-designers-update-464/,muz.li,Weekly Designers Update #464 | Muzli Blog,큐레이션·시각 위계,excluded,2,2,2,2,2,10,"메타: Web design inspiration, weekly recap / 관찰 소제목: Weekly Designers Update #464 | Web design inspiration | Botanic Expo | Crafted Futuristic Plants | tinyPod",공연 템플릿의 선택·비교보다 장식 모션 또는 다른 제품 목적이 앞서 이번 캐러셀의 직접 근거로 채택하지 않음.,직접 구현 근거에서는 제외하고 표면 스타일 또는 실패 방지 사례로만 보존.,
https://muz.li/blog/weekly-designers-update-465/,muz.li,Weekly Designers Update #465 | Muzli Blog,큐레이션·시각 위계,excluded,2,2,2,2,2,10,"메타: Web design inspiration, weekly recap / 관찰 소제목: Weekly Designers Update #465 | Web design inspiration | Retronova | Timeless Fashion | Friend AI",공연 템플릿의 선택·비교보다 장식 모션 또는 다른 제품 목적이 앞서 이번 캐러셀의 직접 근거로 채택하지 않음.,직접 구현 근거에서는 제외하고 표면 스타일 또는 실패 방지 사례로만 보존.,
https://muz.li/blog/weekly-designers-update-466/,muz.li,Weekly Designers Update #466 | Muzli Blog,큐레이션·시각 위계,excluded,2,2,2,2,2,10,"메타: Web design inspiration, weekly recap / 관찰 소제목: Weekly Designers Update #466 | Web design inspiration | UNOXUNO | Pasticcino’s Quest — Treasures of Japan",공연 템플릿의 선택·비교보다 장식 모션 또는 다른 제품 목적이 앞서 이번 캐러셀의 직접 근거로 채택하지 않음.,직접 구현 근거에서는 제외하고 표면 스타일 또는 실패 방지 사례로만 보존.,
https://muz.li/blog/weekly-designers-update-467/,muz.li,Weekly Designers Update #467 | Muzli Blog,큐레이션·시각 위계,excluded,2,2,2,2,2,10,"메타: Web design inspiration, weekly recap / 관찰 소제목: Weekly Designers Update #467 | Web design inspiration | Price Adapter | Lokal Poster Co. – For Your City",공연 템플릿의 선택·비교보다 장식 모션 또는 다른 제품 목적이 앞서 이번 캐러셀의 직접 근거로 채택하지 않음.,직접 구현 근거에서는 제외하고 표면 스타일 또는 실패 방지 사례로만 보존.,
https://muz.li/blog/weekly-designers-update-468/,muz.li,Weekly Designers Update #468 | Muzli Blog,큐레이션·시각 위계,excluded,2,2,2,2,2,10,"메타: Web design inspiration, weekly recap / 관찰 소제목: Weekly Designers Update #468 | Web design inspiration | SERIOUS.BUSINESS | Gladeye — Digital Product & Brand Experience Agency",공연 템플릿의 선택·비교보다 장식 모션 또는 다른 제품 목적이 앞서 이번 캐러셀의 직접 근거로 채택하지 않음.,직접 구현 근거에서는 제외하고 표면 스타일 또는 실패 방지 사례로만 보존.,
https://muz.li/blog/weekly-designers-update-469/,muz.li,Weekly Designers Update #469 | Muzli Blog,큐레이션·시각 위계,excluded,2,2,2,2,2,10,"메타: Web design inspiration, weekly recap / 관찰 소제목: Weekly Designers Update #469 | Web design inspiration | Following Wildfire | Unanswered",공연 템플릿의 선택·비교보다 장식 모션 또는 다른 제품 목적이 앞서 이번 캐러셀의 직접 근거로 채택하지 않음.,직접 구현 근거에서는 제외하고 표면 스타일 또는 실패 방지 사례로만 보존.,
https://muz.li/blog/weekly-designers-update-470/,muz.li,Weekly Designers Update #470 | Muzli Blog,미니멀·에디토리얼 위계,excluded,2,3,2,3,2,12,"메타: Web design inspiration, weekly recap / 관찰 소제목: Weekly Designers Update #470 | Hello Designers, | Web design inspiration | Federico Pian / Portfolio 2024",공연 템플릿의 선택·비교보다 장식 모션 또는 다른 제품 목적이 앞서 이번 캐러셀의 직접 근거로 채택하지 않음.,직접 구현 근거에서는 제외하고 표면 스타일 또는 실패 방지 사례로만 보존.,
https://muz.li/blog/weekly-designers-update-471/,muz.li,Weekly Designers Update #471 | Muzli Blog,큐레이션·시각 위계,excluded,2,2,2,2,2,10,"메타: Web design inspiration, weekly recap / 관찰 소제목: Weekly Designers Update #471 | Web design inspiration | terradactyl — A bespoke + boutique QA agency | Locomotive Dynasty — 2018 to 2023",공연 템플릿의 선택·비교보다 장식 모션 또는 다른 제품 목적이 앞서 이번 캐러셀의 직접 근거로 채택하지 않음.,직접 구현 근거에서는 제외하고 표면 스타일 또는 실패 방지 사례로만 보존.,
https://muz.li/blog/weekly-designers-update-472/,muz.li,Weekly Designers Update #472 | Muzli Blog,큐레이션·시각 위계,excluded,2,2,2,2,2,10,"메타: Web design inspiration, weekly recap / 관찰 소제목: Weekly Designers Update #472 | Web design inspiration | Thirtysixstudio | APOSSIBLE",공연 템플릿의 선택·비교보다 장식 모션 또는 다른 제품 목적이 앞서 이번 캐러셀의 직접 근거로 채택하지 않음.,직접 구현 근거에서는 제외하고 표면 스타일 또는 실패 방지 사례로만 보존.,
https://muz.li/blog/weekly-designers-update-473/,muz.li,Weekly Designers Update #473 | Muzli Blog,큐레이션·시각 위계,excluded,2,2,2,2,2,10,"메타: Web design inspiration, weekly recap / 관찰 소제목: Weekly Designers Update #473 | Web design inspiration | Sam Grinberg | Orken",공연 템플릿의 선택·비교보다 장식 모션 또는 다른 제품 목적이 앞서 이번 캐러셀의 직접 근거로 채택하지 않음.,직접 구현 근거에서는 제외하고 표면 스타일 또는 실패 방지 사례로만 보존.,
https://muz.li/blog/weekly-designers-update-474/,muz.li,Weekly Designers Update #474 | Muzli Blog,큐레이션·시각 위계,excluded,2,2,2,2,2,10,"메타: Web design inspiration, weekly recap / 관찰 소제목: Weekly Designers Update #474 | Web design inspiration | Treize grammes — Agence de Branding | Ben Powell Independent Designer + Filmmaker",공연 템플릿의 선택·비교보다 장식 모션 또는 다른 제품 목적이 앞서 이번 캐러셀의 직접 근거로 채택하지 않음.,직접 구현 근거에서는 제외하고 표면 스타일 또는 실패 방지 사례로만 보존.,
https://muz.li/blog/weekly-designers-update-475/,muz.li,Weekly Designers Update #475 | Muzli Blog,모션·상호작용,hidden-offstage,4,5,5,5,5,24,"메타: Web design inspiration, weekly recap / 관찰 소제목: Weekly Designers Update #475 | Web design inspiration | Monkey Talkie — Creative Video Agency | The Line Studio — Animation Studio London",활성 템플릿만 보이고 나머지는 프레임 밖에서 대기해 구조가 가장 안정적이며 모바일·CMS·reduced-motion 대응이 쉬움.,이전/다음은 opacity 0과 x 이동으로 대기. DOM/CMS 데이터는 유지하고 시각 상태만 전환.,
https://muz.li/blog/weekly-designers-update-476/,muz.li,Weekly Designers Update #476 | Muzli Blog,큐레이션·시각 위계,excluded,2,2,2,2,2,10,"메타: Web design inspiration, weekly recap / 관찰 소제목: Weekly Designers Update #476 | Web design inspiration | Poster Generator | Deeo Studio — A creative digital design studio",공연 템플릿의 선택·비교보다 장식 모션 또는 다른 제품 목적이 앞서 이번 캐러셀의 직접 근거로 채택하지 않음.,직접 구현 근거에서는 제외하고 표면 스타일 또는 실패 방지 사례로만 보존.,
https://muz.li/blog/weekly-designers-update-477/,muz.li,Weekly Designers Update #477 | Muzli Blog,큐레이션·시각 위계,excluded,2,2,2,2,2,10,"메타: Web design inspiration, weekly recap / 관찰 소제목: Weekly Designers Update #477 | Web design inspiration | BETC Fullsix | Otherlife Creative Agency | Unconventional Solutions",공연 템플릿의 선택·비교보다 장식 모션 또는 다른 제품 목적이 앞서 이번 캐러셀의 직접 근거로 채택하지 않음.,직접 구현 근거에서는 제외하고 표면 스타일 또는 실패 방지 사례로만 보존.,
https://muz.li/blog/weekly-designers-update-478/,muz.li,Weekly Designers Update #478 | Muzli Blog,큐레이션·시각 위계,excluded,2,2,2,2,2,10,"메타: Web design inspiration, weekly recap / 관찰 소제목: Weekly Designers Update #478 | Inside Kristallnacht | Noomo Beat — Personalized AI Audiovisual Experience. | ChainGPT Labs",공연 템플릿의 선택·비교보다 장식 모션 또는 다른 제품 목적이 앞서 이번 캐러셀의 직접 근거로 채택하지 않음.,직접 구현 근거에서는 제외하고 표면 스타일 또는 실패 방지 사례로만 보존.,
https://muz.li/blog/weekly-designers-update-479/,muz.li,Weekly Designers Update #479 | Muzli Blog,큐레이션·시각 위계,excluded,2,2,2,2,2,10,"메타: Web design inspiration, weekly recap / 관찰 소제목: Weekly Designers Update #479 | Web design inspiration | AW — Creative Developer Freelance — France | Thibaud Fellay — Swiss director of photography",공연 템플릿의 선택·비교보다 장식 모션 또는 다른 제품 목적이 앞서 이번 캐러셀의 직접 근거로 채택하지 않음.,직접 구현 근거에서는 제외하고 표면 스타일 또는 실패 방지 사례로만 보존.,
https://muz.li/blog/weekly-designers-update-480/,muz.li,Weekly Designers Update #480 | Muzli Blog,큐레이션·시각 위계,excluded,2,2,2,2,2,10,"메타: Web design inspiration, weekly recap / 관찰 소제목: Weekly Designers Update #480 | Web design inspiration | Teletech — Born In Manchester. Made Global By You. | Rhythm Influence | Influencer Marketing Studio",공연 템플릿의 선택·비교보다 장식 모션 또는 다른 제품 목적이 앞서 이번 캐러셀의 직접 근거로 채택하지 않음.,직접 구현 근거에서는 제외하고 표면 스타일 또는 실패 방지 사례로만 보존.,
https://muz.li/blog/weekly-designers-update-481/,muz.li,Weekly Designers Update #481 | Muzli Blog,큐레이션·시각 위계,excluded,2,2,2,2,2,10,"메타: Web design inspiration, weekly recap / 관찰 소제목: Weekly Designers Update #481 | Web design inspiration | eBay Playbook — One system for everyone to love. | Ten years of Source.paris",공연 템플릿의 선택·비교보다 장식 모션 또는 다른 제품 목적이 앞서 이번 캐러셀의 직접 근거로 채택하지 않음.,직접 구현 근거에서는 제외하고 표면 스타일 또는 실패 방지 사례로만 보존.,
https://muz.li/blog/weekly-designers-update-482/,muz.li,Weekly Designers Update #482 | Muzli Blog,큐레이션·시각 위계,excluded,2,2,2,2,2,10,"메타: Web design inspiration, weekly recap / 관찰 소제목: Weekly Designers Update #482 | Muzli Picks | Ricky — Not just another boring AI companion | Chapter: Bride | Milla Nova",공연 템플릿의 선택·비교보다 장식 모션 또는 다른 제품 목적이 앞서 이번 캐러셀의 직접 근거로 채택하지 않음.,직접 구현 근거에서는 제외하고 표면 스타일 또는 실패 방지 사례로만 보존.,
https://muz.li/blog/weekly-designers-update-483/,muz.li,Weekly Designers Update #483 | Muzli Blog,큐레이션·시각 위계,excluded,2,2,2,2,2,10,"메타: Web design inspiration, weekly recap / 관찰 소제목: Weekly Designers Update #483 | From Muzli Picks | Pantone Color of the Year 2025 exclusively on Wix Studio | Chain — Labs | Blockchain Web3 Design Studio",공연 템플릿의 선택·비교보다 장식 모션 또는 다른 제품 목적이 앞서 이번 캐러셀의 직접 근거로 채택하지 않음.,직접 구현 근거에서는 제외하고 표면 스타일 또는 실패 방지 사례로만 보존.,
https://muz.li/blog/weekly-designers-update-484/,muz.li,Weekly Designers Update #484 | Muzli Blog,3D·공간 깊이,spatial-3d,3,3,2,2,3,13,"메타: Web design inspiration, weekly recap / 관찰 소제목: Weekly Designers Update #484 | From Muzli Picks | Immersive Garden | Your Creative | Award Winning Melbourne Digital & Design Agency",건축 개구부의 깊이를 강화하지만 카메라·광원·가림 순서가 조금만 어긋나도 조잡해지고 모바일 비용이 큼.,단일 perspective-origin·고정 카메라·기준 PNG 전면 마스크. 사용자 조작에 따라 카메라 자체는 움직이지 않음.,
https://muz.li/blog/weekly-designers-update-485/,muz.li,Weekly Designers Update #485 | Muzli Blog,큐레이션·시각 위계,excluded,2,2,2,2,2,10,"메타: Web design inspiration, weekly recap / 관찰 소제목: Weekly Designers Update #485 | From Muzli Picks | Mobile Apps Design and Development for Startups | Polecat Agency | Sundae Creative | A new generation communications agency",공연 템플릿의 선택·비교보다 장식 모션 또는 다른 제품 목적이 앞서 이번 캐러셀의 직접 근거로 채택하지 않음.,직접 구현 근거에서는 제외하고 표면 스타일 또는 실패 방지 사례로만 보존.,
https://muz.li/blog/weekly-designers-update-486/,muz.li,Weekly Designers Update #486 | Muzli Blog,큐레이션·시각 위계,excluded,2,2,2,2,2,10,"메타: Web design inspiration, weekly recap / 관찰 소제목: Weekly Designers Update #486 | From Muzli Picks | Lumos | We are Büro",공연 템플릿의 선택·비교보다 장식 모션 또는 다른 제품 목적이 앞서 이번 캐러셀의 직접 근거로 채택하지 않음.,직접 구현 근거에서는 제외하고 표면 스타일 또는 실패 방지 사례로만 보존.,
https://muz.li/blog/weekly-designers-update-487/,muz.li,Weekly Designers Update #487 | Muzli Blog,큐레이션·시각 위계,excluded,2,2,2,2,2,10,"메타: Web design inspiration, weekly recap / 관찰 소제목: Weekly Designers Update #487 | From Muzli Picks | NIKI Studio | Analogue aF-1 | Just point and shoot.",공연 템플릿의 선택·비교보다 장식 모션 또는 다른 제품 목적이 앞서 이번 캐러셀의 직접 근거로 채택하지 않음.,직접 구현 근거에서는 제외하고 표면 스타일 또는 실패 방지 사례로만 보존.,
https://muz.li/blog/weekly-designers-update-488/,muz.li,Weekly Designers Update #488 | Muzli Blog,큐레이션·시각 위계,excluded,2,2,2,2,2,10,"메타: Web design inspiration, weekly recap / 관찰 소제목: Weekly Designers Update #488 | From Muzli Picks | Gianluca Gradogna — Multidisciplinary Designer | HiKeys — 1977",공연 템플릿의 선택·비교보다 장식 모션 또는 다른 제품 목적이 앞서 이번 캐러셀의 직접 근거로 채택하지 않음.,직접 구현 근거에서는 제외하고 표면 스타일 또는 실패 방지 사례로만 보존.,
https://muz.li/blog/weekly-designers-update-489/,muz.li,Weekly Designers Update #489 | Muzli Blog,큐레이션·시각 위계,excluded,2,2,2,2,2,10,"메타: Web design inspiration, weekly recap / 관찰 소제목: Weekly Designers Update #489 | From Muzli Picks | Lacoste — Members Experience | Fondation Ahadi | Unies par le handicap, puissantes par notre leadership !",공연 템플릿의 선택·비교보다 장식 모션 또는 다른 제품 목적이 앞서 이번 캐러셀의 직접 근거로 채택하지 않음.,직접 구현 근거에서는 제외하고 표면 스타일 또는 실패 방지 사례로만 보존.,
https://muz.li/blog/weekly-designers-update-490/,muz.li,Weekly Designers Update #490 | Muzli Blog,큐레이션·시각 위계,excluded,2,2,2,2,2,10,"메타: Web design inspiration, weekly recap / 관찰 소제목: Weekly Designers Update #490 | From Muzli Picks | Emmpo | Fiddle.Digital Design Agency",공연 템플릿의 선택·비교보다 장식 모션 또는 다른 제품 목적이 앞서 이번 캐러셀의 직접 근거로 채택하지 않음.,직접 구현 근거에서는 제외하고 표면 스타일 또는 실패 방지 사례로만 보존.,
https://muz.li/blog/weekly-designers-update-491/,muz.li,Weekly Designers Update #491 | Muzli Blog,큐레이션·시각 위계,excluded,2,2,2,2,2,10,"메타: Web design inspiration, weekly recap / 관찰 소제목: Weekly Designers Update #491 | From Muzli Picks | WHO IS GUILTY: Designers vs. developers | FRANKY’S | Get a hat",공연 템플릿의 선택·비교보다 장식 모션 또는 다른 제품 목적이 앞서 이번 캐러셀의 직접 근거로 채택하지 않음.,직접 구현 근거에서는 제외하고 표면 스타일 또는 실패 방지 사례로만 보존.,
https://muz.li/blog/weekly-designers-update-492/,muz.li,Weekly Designers Update #492 | Muzli Blog,큐레이션·시각 위계,excluded,2,2,2,2,2,10,"메타: Web design inspiration, weekly recap / 관찰 소제목: Weekly Designers Update #492 | From Muzli Picks | Yellow Fellow | OddCommon",공연 템플릿의 선택·비교보다 장식 모션 또는 다른 제품 목적이 앞서 이번 캐러셀의 직접 근거로 채택하지 않음.,직접 구현 근거에서는 제외하고 표면 스타일 또는 실패 방지 사례로만 보존.,
https://muz.li/blog/weekly-designers-update-493/,muz.li,Weekly Designers Update #493 | Muzli Blog,큐레이션·시각 위계,excluded,2,2,2,2,2,10,"메타: Web design inspiration, weekly recap / 관찰 소제목: Weekly Designers Update #493 | From Muzli Picks | Astral Frontier | A Journey Across Distant Worlds | Midlife Engineering — Sound therapy for a harmonious mind",공연 템플릿의 선택·비교보다 장식 모션 또는 다른 제품 목적이 앞서 이번 캐러셀의 직접 근거로 채택하지 않음.,직접 구현 근거에서는 제외하고 표면 스타일 또는 실패 방지 사례로만 보존.,
https://muz.li/blog/weekly-designers-update-494/,muz.li,Weekly Designers Update #494 | Muzli Blog,큐레이션·시각 위계,excluded,2,2,2,2,2,10,"메타: Web design inspiration, weekly recap / 관찰 소제목: Weekly Designers Update #494 | From Muzli Picks | Turn your logo into liquid metal | Paper | 1X Technologies | Safe, Intelligent Humanoids",공연 템플릿의 선택·비교보다 장식 모션 또는 다른 제품 목적이 앞서 이번 캐러셀의 직접 근거로 채택하지 않음.,직접 구현 근거에서는 제외하고 표면 스타일 또는 실패 방지 사례로만 보존.,
https://muz.li/blog/weekly-designers-update-495/,muz.li,Weekly Designers Update #495 | Muzli Blog,큐레이션·시각 위계,excluded,2,2,2,2,2,10,"메타: Web design inspiration, weekly recap / 관찰 소제목: Weekly Designers Update #495 | From Muzli Picks | SoScale | Because content is what matters | Sui Overflow 2025 Hackathon",공연 템플릿의 선택·비교보다 장식 모션 또는 다른 제품 목적이 앞서 이번 캐러셀의 직접 근거로 채택하지 않음.,직접 구현 근거에서는 제외하고 표면 스타일 또는 실패 방지 사례로만 보존.,
https://muz.li/blog/weekly-designers-update-497/,muz.li,Weekly Designers Update #497 | Muzli Blog,3D·공간 깊이,excluded,1,2,1,1,1,6,"메타: Web design inspiration, weekly recap / 관찰 소제목: Weekly Designers Update #497 | Your weekly dose of design inspiration, featuring the hottest projects, must-have tools, and game-changing products. | 🔥 Must-See Design Picks | Altermind — Immersive Design at Its Best",공연 템플릿의 선택·비교보다 장식 모션 또는 다른 제품 목적이 앞서 이번 캐러셀의 직접 근거로 채택하지 않음.,직접 구현 근거에서는 제외하고 표면 스타일 또는 실패 방지 사례로만 보존.,
https://muz.li/blog/weekly-designers-update-498/,muz.li,Weekly Designers Update #498 | Muzli Blog,큐레이션·시각 위계,excluded,2,2,2,2,2,10,"메타: Web design inspiration, weekly recap / 관찰 소제목: Weekly Designers Update #498 | 🔥 Must-See Design Picks | Artpill Studio — A Playful Journey Through Design | 21-TSI — Redefining Sports Innovation",공연 템플릿의 선택·비교보다 장식 모션 또는 다른 제품 목적이 앞서 이번 캐러셀의 직접 근거로 채택하지 않음.,직접 구현 근거에서는 제외하고 표면 스타일 또는 실패 방지 사례로만 보존.,
https://muz.li/blog/weekly-designers-update-499/,muz.li,Weekly Designers Update #499 | Muzli Blog,모션·상호작용,hidden-offstage,5,5,5,5,5,25,"메타: Web design inspiration, weekly recap / 관찰 소제목: Weekly Designers Update #499 | 🔥 Must-See Design Picks | Basement Studio — A Virtual Space with Real-World Attitude | Navigate — Engaging Illustrations and Subtle Scroll Animations",활성 템플릿만 보이고 나머지는 프레임 밖에서 대기해 구조가 가장 안정적이며 모바일·CMS·reduced-motion 대응이 쉬움.,이전/다음은 opacity 0과 x 이동으로 대기. DOM/CMS 데이터는 유지하고 시각 상태만 전환.,
https://muz.li/blog/weekly-designers-update-500/,muz.li,Weekly Designers Update #500 | Muzli Blog,큐레이션·시각 위계,excluded,2,2,2,2,2,10,"메타: Web design inspiration, weekly recap / 관찰 소제목: Weekly Designers Update #500 | …… | 🔥 Must-See Design Picks | UI in Real Life — When Iconic Screens Step Into Our World",공연 템플릿의 선택·비교보다 장식 모션 또는 다른 제품 목적이 앞서 이번 캐러셀의 직접 근거로 채택하지 않음.,직접 구현 근거에서는 제외하고 표면 스타일 또는 실패 방지 사례로만 보존.,
https://muz.li/blog/weekly-designers-update-501/,muz.li,Weekly Designers Update #501 | Muzli Blog,3D·공간 깊이,spatial-3d,3,4,2,3,3,15,"메타: Weekly inspiration featuring futuristic portfolios, smart tools, and creative design twists. / 관찰 소제목: Weekly Designers Update #501 | 🔥 Must-See Design Picks | UI8 Studio | Kode Immersive",건축 개구부의 깊이를 강화하지만 카메라·광원·가림 순서가 조금만 어긋나도 조잡해지고 모바일 비용이 큼.,단일 perspective-origin·고정 카메라·기준 PNG 전면 마스크. 사용자 조작에 따라 카메라 자체는 움직이지 않음.,
https://muz.li/blog/weekly-designers-update-502/,muz.li,Weekly Designers Update #502 | Muzli Blog,3D·공간 깊이,excluded,1,3,1,2,1,8,"메타: Weekly inspiration packed with bold portfolios, smart tools, creative trends – and plenty more to explore. / 관찰 소제목: Weekly Designers Update #502 | 🔥 Must-See Design Picks | Valentime: A Cinematic Scroll Journey with Immersive 3D Design | Aurelien Vigne: A Playable Portfolio in a 3D Theater World",공연 템플릿의 선택·비교보다 장식 모션 또는 다른 제품 목적이 앞서 이번 캐러셀의 직접 근거로 채택하지 않음.,직접 구현 근거에서는 제외하고 표면 스타일 또는 실패 방지 사례로만 보존.,
https://muz.li/blog/weekly-designers-update-503/,muz.li,Weekly Designers Update #503 | Muzli Blog,큐레이션·시각 위계,excluded,2,2,2,2,2,10,"메타: A curated roundup of cutting-edge design projects, tools, and trends—your weekly creative boost from Muzli. / 관찰 소제목: Weekly Designers Update #503 | 🔥 Must-See Design Picks | Topology VC | Decathlon Quechua — SS25 Lookbook",공연 템플릿의 선택·비교보다 장식 모션 또는 다른 제품 목적이 앞서 이번 캐러셀의 직접 근거로 채택하지 않음.,직접 구현 근거에서는 제외하고 표면 스타일 또는 실패 방지 사례로만 보존.,
https://muz.li/blog/weekly-designers-update-504/,muz.li,Weekly Designers Update #504 | Muzli Blog,큐레이션·시각 위계,excluded,2,2,2,2,2,10,"메타: Design inspiration, cutting-edge tools, and must-see projects—this week’s roundup is packed with creative fuel for every designer. / 관찰 소제목: Weekly Designers Update #504 | 🔥 Must-See Design Picks | Inkwell | Rabbits Black",공연 템플릿의 선택·비교보다 장식 모션 또는 다른 제품 목적이 앞서 이번 캐러셀의 직접 근거로 채택하지 않음.,직접 구현 근거에서는 제외하고 표면 스타일 또는 실패 방지 사례로만 보존.,
https://muz.li/blog/weekly-designers-update-505/,muz.li,Weekly Designers Update #505 | Muzli Blog,큐레이션·시각 위계,excluded,2,2,2,2,2,10,"메타: A weekly roundup of standout web design, bold experiments, fresh tools, and what the design world is buzzing about right now. / 관찰 소제목: Weekly Designers Update #505 | 🔥 Must-See Design Picks | The Best You — by Klook | Tracing Art by Getty",공연 템플릿의 선택·비교보다 장식 모션 또는 다른 제품 목적이 앞서 이번 캐러셀의 직접 근거로 채택하지 않음.,직접 구현 근거에서는 제외하고 표면 스타일 또는 실패 방지 사례로만 보존.,
https://muz.li/blog/weekly-designers-update-506/,muz.li,Weekly Designers Update #506 | Muzli Blog,큐레이션·시각 위계,excluded,2,2,2,2,2,10,"메타: Fresh design inspiration, smart tools, and creative highlights from around the web. / 관찰 소제목: Weekly Designers Update #506 | 🔥 Must-See Design Picks | Gucci The Art of Silk | For the creators of tomorrow | GO-SEE",공연 템플릿의 선택·비교보다 장식 모션 또는 다른 제품 목적이 앞서 이번 캐러셀의 직접 근거로 채택하지 않음.,직접 구현 근거에서는 제외하고 표면 스타일 또는 실패 방지 사례로만 보존.,
https://muz.li/blog/weekly-designers-update-507/,muz.li,Weekly Designers Update #507 | Muzli Blog,큐레이션·시각 위계,excluded,2,2,2,2,2,10,"메타: Design inspiration, cutting-edge tools, and must-see projects—this week’s roundup is packed with creative fuel for every designer. / 관찰 소제목: Weekly Designers Update #507 | 🔥 Must-See Design Picks | LEOLEO Studio — Brand design, identity & custom websites | Sunny Bonnell | Author, Visionary Leadership Expert, Speaker",공연 템플릿의 선택·비교보다 장식 모션 또는 다른 제품 목적이 앞서 이번 캐러셀의 직접 근거로 채택하지 않음.,직접 구현 근거에서는 제외하고 표면 스타일 또는 실패 방지 사례로만 보존.,
https://muz.li/blog/weekly-designers-update-508/,muz.li,Weekly Designers Update #508 | Muzli Blog,미니멀·에디토리얼 위계,excluded,2,3,2,3,2,12,"메타: A weekly roundup of standout web design, bold experiments, fresh tools, and what the design world is buzzing about right now. / 관찰 소제목: Weekly Designers Update #508 | 🔥 Must-See Design Pick | Montfort — Corporate Showcase | Karim Saab — Portfolio",공연 템플릿의 선택·비교보다 장식 모션 또는 다른 제품 목적이 앞서 이번 캐러셀의 직접 근거로 채택하지 않음.,직접 구현 근거에서는 제외하고 표면 스타일 또는 실패 방지 사례로만 보존.,
https://muz.li/blog/weekly-designers-update-509/,muz.li,Weekly Designers Update #509 | Muzli Blog,큐레이션·시각 위계,excluded,1,2,1,1,1,6,"메타: Your weekly dose of design inspiration, featuring the hottest projects, must-have tools, and game-changing products. / 관찰 소제목: Weekly Designers Update #509 | 🔥 Must-See Design Picks | Telescope | SAMI — Influence Marketing & Personal Brands",공연 템플릿의 선택·비교보다 장식 모션 또는 다른 제품 목적이 앞서 이번 캐러셀의 직접 근거로 채택하지 않음.,직접 구현 근거에서는 제외하고 표면 스타일 또는 실패 방지 사례로만 보존.,
https://muz.li/blog/weekly-designers-update-510/,muz.li,Weekly Designers Update #510 | Muzli Blog,미니멀·에디토리얼 위계,excluded,2,3,2,3,2,12,"메타: Weekly inspiration packed with bold portfolios, smart tools, creative trends – and plenty more to explore. / 관찰 소제목: Weekly Designers Update #510 | 🔥 Must-See Design Picks | Teh Tarik Nation — 80 Years of Tradition in Every Sip | Studio Herrström — Creative Studio",공연 템플릿의 선택·비교보다 장식 모션 또는 다른 제품 목적이 앞서 이번 캐러셀의 직접 근거로 채택하지 않음.,직접 구현 근거에서는 제외하고 표면 스타일 또는 실패 방지 사례로만 보존.,
https://muz.li/blog/weekly-designers-update-511/,muz.li,Weekly Designers Update #511 | Muzli Blog,미니멀·에디토리얼 위계,excluded,1,3,1,2,1,8,"메타: Weekly inspiration packed with bold portfolios, smart tools, creative trends – and plenty more to explore. / 관찰 소제목: Weekly Designers Update #511 | Your weekly dose of design inspiration, featuring the hottest projects, must-have tools, and game-changing products. | 🔥 Must-See Design Picks | Naya Studio — Floral Design Studio",공연 템플릿의 선택·비교보다 장식 모션 또는 다른 제품 목적이 앞서 이번 캐러셀의 직접 근거로 채택하지 않음.,직접 구현 근거에서는 제외하고 표면 스타일 또는 실패 방지 사례로만 보존.,
https://muz.li/blog/weekly-designers-update-512/,muz.li,Weekly Designers Update #512 | Muzli Blog,큐레이션·시각 위계,excluded,1,2,1,1,1,6,"메타: Design inspiration, cutting-edge tools, and must-see projects—this week’s roundup is packed with creative fuel for every designer. / 관찰 소제목: Weekly Designers Update #512 | Your weekly dose of design inspiration, featuring the hottest projects, must-have tools, and game-changing products. | 🔥 Must-See Design Picks | 🚀🚀 Introducing Muzli Me",공연 템플릿의 선택·비교보다 장식 모션 또는 다른 제품 목적이 앞서 이번 캐러셀의 직접 근거로 채택하지 않음.,직접 구현 근거에서는 제외하고 표면 스타일 또는 실패 방지 사례로만 보존.,
https://muz.li/blog/weekly-designers-update-513/,muz.li,Weekly Designers Update #513 | Muzli Blog,미니멀·에디토리얼 위계,excluded,1,3,1,2,1,8,"메타: Your weekly dose of design inspiration, featuring the hottest projects, must-have tools, and game-changing products. / 관찰 소제목: Weekly Designers Update #513 | 🏆 Muzli Community Uploads | Tore S. Bentsen — Portfolio | SWANK — Creative Design Concept",공연 템플릿의 선택·비교보다 장식 모션 또는 다른 제품 목적이 앞서 이번 캐러셀의 직접 근거로 채택하지 않음.,직접 구현 근거에서는 제외하고 표면 스타일 또는 실패 방지 사례로만 보존.,
https://muz.li/blog/weekly-designers-update-514/,muz.li,Weekly Designers Update #514 | Muzli Blog,미니멀·에디토리얼 위계,excluded,2,3,2,3,2,12,"메타: Weekly inspiration packed with bold portfolios, smart tools, creative trends – and plenty more to explore. / 관찰 소제목: Weekly Designers Update #514 | 🏆 Muzli Community Uploads | DODD // Website | 🔥 Must-See Design Picks",공연 템플릿의 선택·비교보다 장식 모션 또는 다른 제품 목적이 앞서 이번 캐러셀의 직접 근거로 채택하지 않음.,직접 구현 근거에서는 제외하고 표면 스타일 또는 실패 방지 사례로만 보존.,
https://muz.li/blog/weekly-designers-update-515/,muz.li,Weekly Designers Update #515 | Muzli Blog,큐레이션·시각 위계,excluded,1,2,1,1,1,6,"메타: Web design inspiration, weekly recap / 관찰 소제목: Weekly Designers Update #515 | Your weekly dose of design inspiration, featuring the hottest projects, must-have tools, and game-changing products. | 🏆 Muzli Community Uploads | Flowee — Coffee Beans, Brewing Tools & Com",공연 템플릿의 선택·비교보다 장식 모션 또는 다른 제품 목적이 앞서 이번 캐러셀의 직접 근거로 채택하지 않음.,직접 구현 근거에서는 제외하고 표면 스타일 또는 실패 방지 사례로만 보존.,
https://muz.li/blog/weekly-designers-update-516/,muz.li,Weekly Designers Update #516 | Muzli Blog,큐레이션·시각 위계,excluded,1,2,1,1,1,6,"메타: Web design inspiration, weekly recap / 관찰 소제목: Weekly Designers Update #516 | Your weekly dose of design inspiration, featuring the hottest projects, must-have tools, and game-changing products. | 🏆 Muzli Community Uploads | Viva La Labia",공연 템플릿의 선택·비교보다 장식 모션 또는 다른 제품 목적이 앞서 이번 캐러셀의 직접 근거로 채택하지 않음.,직접 구현 근거에서는 제외하고 표면 스타일 또는 실패 방지 사례로만 보존.,
https://muz.li/blog/weekly-designers-update-518/,muz.li,Weekly Designers Update #518 | Muzli Blog,큐레이션·시각 위계,excluded,1,2,1,1,1,6,"메타: A curated roundup of cutting-edge design projects, tools, and trends—your weekly creative boost from Muzli. / 관찰 소제목: Weekly Designers Update #518 | Your weekly dose of design inspiration, featuring the hottest projects, must-have tools, and game-changing products. | 🏆 Muzli Community Uploads | Maggie App",공연 템플릿의 선택·비교보다 장식 모션 또는 다른 제품 목적이 앞서 이번 캐러셀의 직접 근거로 채택하지 않음.,직접 구현 근거에서는 제외하고 표면 스타일 또는 실패 방지 사례로만 보존.,
https://muz.li/blog/weekly-designers-update-519/,muz.li,Weekly Designers Update #519 | Muzli Blog,미니멀·에디토리얼 위계,excluded,1,3,1,2,1,8,"메타: Weekly inspiration packed with bold portfolios, smart tools, creative trends – and plenty more to explore. / 관찰 소제목: Weekly Designers Update #519 | Your weekly dose of design inspiration, featuring the hottest projects, must-have tools, and game-changing products. | 🏆 Muzli Community Uploads | Geex | UI/UX Design, Branding & Developmen",공연 템플릿의 선택·비교보다 장식 모션 또는 다른 제품 목적이 앞서 이번 캐러셀의 직접 근거로 채택하지 않음.,직접 구현 근거에서는 제외하고 표면 스타일 또는 실패 방지 사례로만 보존.,
https://muz.li/blog/weekly-designers-update-520/,muz.li,Weekly Designers Update #520 | Muzli Blog,모션·상호작용,center-only,4,5,4,5,4,22,"메타: Weekly inspiration packed with bold portfolios, smart tools, creative trends – and plenty more to explore. / 관찰 소제목: Weekly Designers Update #520 | Your weekly dose of design inspiration, featuring the hottest projects, must-have tools, and game-changing products. | 🏆 Muzli Community Uploads | Hover Exploration №002",한 항목에만 시선을 집중시켜 가장 미니멀하고 직관적이며 긴 CMS 문구나 다양한 포스터 비율에도 안전함.,단일 템플릿과 01/02/03 인디케이터만 유지. 전환 시 텍스트·날짜·장소도 같은 상태로 교체.,
https://muz.li/blog/weekly-designers-update-521/,muz.li,Weekly Designers Update #521 | Muzli Blog,큐레이션·시각 위계,excluded,2,2,2,2,2,10,"메타: Web design inspiration, weekly recap / 관찰 소제목: Weekly Designers Update #521 | 🏆 Muzli Community Uploads | ATMOS® Lamp by AYOCIN | WaxyWeb — Design & Development Agency",공연 템플릿의 선택·비교보다 장식 모션 또는 다른 제품 목적이 앞서 이번 캐러셀의 직접 근거로 채택하지 않음.,직접 구현 근거에서는 제외하고 표면 스타일 또는 실패 방지 사례로만 보존.,
https://muz.li/blog/weekly-designers-update-522/,muz.li,Weekly Designers Update #522 | Muzli Blog,큐레이션·시각 위계,excluded,2,2,2,2,2,10,"메타: Web design inspiration, weekly recap / 관찰 소제목: Weekly Designers Update #522 | 🏆 Muzli Community Uploads | Le Journal Society | OXELIS — Fashion Website Design & Landing Page",공연 템플릿의 선택·비교보다 장식 모션 또는 다른 제품 목적이 앞서 이번 캐러셀의 직접 근거로 채택하지 않음.,직접 구현 근거에서는 제외하고 표면 스타일 또는 실패 방지 사례로만 보존.,
https://muz.li/blog/weekly-designers-update-523/,muz.li,Weekly Designers Update #523 | Muzli Blog,큐레이션·시각 위계,excluded,1,2,1,1,1,6,"메타: A curated roundup of cutting-edge design projects, tools, and trends, your weekly creative boost from Muzli. / 관찰 소제목: Weekly Designers Update #523 | Your weekly dose of design inspiration, featuring the hottest projects, must-have tools, and game-changing products. | 🏆 Muzli Community Uploads | Blossom",공연 템플릿의 선택·비교보다 장식 모션 또는 다른 제품 목적이 앞서 이번 캐러셀의 직접 근거로 채택하지 않음.,직접 구현 근거에서는 제외하고 표면 스타일 또는 실패 방지 사례로만 보존.,
https://muz.li/blog/weekly-designers-update-524/,muz.li,Weekly Designers Update #524 | Muzli Blog,큐레이션·시각 위계,excluded,1,2,1,1,1,6,"메타: Design inspiration, cutting-edge tools, and must-see projects—this week’s roundup is packed with creative fuel for every designer. / 관찰 소제목: Weekly Designers Update #524 | Your weekly dose of design inspiration, featuring the hottest projects, must-have tools, and game-changing products. | 🏆 Muzli Community Uploads | DePoly; Bringing Enhanced Recycling Full-C",공연 템플릿의 선택·비교보다 장식 모션 또는 다른 제품 목적이 앞서 이번 캐러셀의 직접 근거로 채택하지 않음.,직접 구현 근거에서는 제외하고 표면 스타일 또는 실패 방지 사례로만 보존.,
https://muz.li/blog/weekly-designers-update-525/,muz.li,Weekly Designers Update #525 | Muzli Blog,큐레이션·시각 위계,excluded,1,2,1,1,1,6,"메타: A curated roundup of cutting-edge design projects, tools, and trends, your weekly creative boost from Muzli. / 관찰 소제목: Weekly Designers Update #525 | Your weekly dose of design inspiration, featuring the hottest projects, must-have tools, and game-changing products. | 🏆 Muzli Community Uploads | MO4 performance controller Website",공연 템플릿의 선택·비교보다 장식 모션 또는 다른 제품 목적이 앞서 이번 캐러셀의 직접 근거로 채택하지 않음.,직접 구현 근거에서는 제외하고 표면 스타일 또는 실패 방지 사례로만 보존.,
https://muz.li/blog/weekly-designers-update-526/,muz.li,Weekly Designers Update #526 | Muzli Blog,미니멀·에디토리얼 위계,excluded,1,3,1,2,1,8,"메타: Weekly inspiration packed with bold portfolios, smart tools, creative trends, and plenty more to explore. / 관찰 소제목: Weekly Designers Update #526 | Your weekly dose of design inspiration, featuring the hottest projects, must-have tools, and game-changing products. | 🏆 Muzli Community Uploads | Iventions",공연 템플릿의 선택·비교보다 장식 모션 또는 다른 제품 목적이 앞서 이번 캐러셀의 직접 근거로 채택하지 않음.,직접 구현 근거에서는 제외하고 표면 스타일 또는 실패 방지 사례로만 보존.,
https://muz.li/blog/weekly-designers-update-527/,muz.li,Weekly Designers Update #527 | Muzli Blog,큐레이션·시각 위계,excluded,1,2,1,1,1,6,"메타: A curated roundup of cutting-edge design projects, tools, and trends, your weekly creative boost from Muzli. / 관찰 소제목: Weekly Designers Update #527 | Your weekly dose of design inspiration, featuring the hottest projects, must-have tools, and game-changing products. | 🏆 Muzli Community Uploads | Frmt: Alphabet [Tubes & Wires]",공연 템플릿의 선택·비교보다 장식 모션 또는 다른 제품 목적이 앞서 이번 캐러셀의 직접 근거로 채택하지 않음.,직접 구현 근거에서는 제외하고 표면 스타일 또는 실패 방지 사례로만 보존.,
https://muz.li/blog/weekly-designers-update-528/,muz.li,Weekly Designers Update #528 | Muzli Blog,큐레이션·시각 위계,excluded,1,2,1,1,1,6,"메타: A curated roundup of cutting-edge design projects, tools, and trends, your weekly creative boost from Muzli. / 관찰 소제목: Weekly Designers Update #528 | Your weekly dose of design inspiration, featuring the hottest projects, must-have tools, and game-changing products. | 🏆 Muzli Community Uploads | Animated Website for a Wellness Brand",공연 템플릿의 선택·비교보다 장식 모션 또는 다른 제품 목적이 앞서 이번 캐러셀의 직접 근거로 채택하지 않음.,직접 구현 근거에서는 제외하고 표면 스타일 또는 실패 방지 사례로만 보존.,
https://muz.li/blog/weekly-designers-update-529/,muz.li,Weekly Designers Update #529 | Muzli Blog,모션·상호작용,hidden-offstage,4,5,5,5,5,24,"메타: A curated roundup of cutting-edge design projects, tools, and trends, your weekly creative boost from Muzli. / 관찰 소제목: Weekly Designers Update #529 | 🏆 Muzli Community Uploads | Nas Illmatic | Design Trends 2026: Where AI Meets Emotion",활성 템플릿만 보이고 나머지는 프레임 밖에서 대기해 구조가 가장 안정적이며 모바일·CMS·reduced-motion 대응이 쉬움.,이전/다음은 opacity 0과 x 이동으로 대기. DOM/CMS 데이터는 유지하고 시각 상태만 전환.,
https://muz.li/blog/weekly-designers-update-530/,muz.li,Weekly Designers Update #530 | Muzli Blog,큐레이션·시각 위계,excluded,1,2,1,1,1,6,"메타: Your weekly dose of design inspiration, featuring the hottest projects, must-have tools, and game-changing products. / 관찰 소제목: Weekly Designers Update #530 | 🏆 Muzli Community Uploads | Tweet | Animal Futures",공연 템플릿의 선택·비교보다 장식 모션 또는 다른 제품 목적이 앞서 이번 캐러셀의 직접 근거로 채택하지 않음.,직접 구현 근거에서는 제외하고 표면 스타일 또는 실패 방지 사례로만 보존.,
https://muz.li/blog/weekly-designers-update-531/,muz.li,Weekly Designers Update #531 | Muzli Blog,큐레이션·시각 위계,excluded,1,2,1,1,1,6,"메타: Design inspiration, cutting-edge tools, and must-see projects—this week’s roundup is packed with creative fuel for every designer. / 관찰 소제목: Weekly Designers Update #531 | Your weekly dose of design inspiration, featuring the hottest projects, must-have tools, and game-changing products. | 🏆 Muzli Community Uploads | House Of Corto ⏤ eShop",공연 템플릿의 선택·비교보다 장식 모션 또는 다른 제품 목적이 앞서 이번 캐러셀의 직접 근거로 채택하지 않음.,직접 구현 근거에서는 제외하고 표면 스타일 또는 실패 방지 사례로만 보존.,
https://muz.li/blog/weekly-designers-update-532/,muz.li,Weekly Designers Update #532 | Muzli Blog,큐레이션·시각 위계,excluded,1,2,1,1,1,6,"메타: A curated roundup of cutting-edge design projects, tools, and trends, your weekly creative boost from Muzli. / 관찰 소제목: Weekly Designers Update #532 | Your weekly dose of design inspiration, featuring the hottest projects, must-have tools, and game-changing products. | 🏆 Muzli Community Uploads | Gen Z Broke the Marketing Funnel Part II:",공연 템플릿의 선택·비교보다 장식 모션 또는 다른 제품 목적이 앞서 이번 캐러셀의 직접 근거로 채택하지 않음.,직접 구현 근거에서는 제외하고 표면 스타일 또는 실패 방지 사례로만 보존.,
https://muz.li/blog/weekly-designers-update-533/,muz.li,Weekly Designers Update #533 | Muzli Blog,미니멀·에디토리얼 위계,excluded,1,3,1,2,1,8,"메타: Weekly inspiration packed with bold portfolios, smart tools, creative trends – and plenty more to explore. / 관찰 소제목: Weekly Designers Update #533 | Your weekly dose of design inspiration, featuring the hottest projects, must-have tools, and game-changing products. | 🏆 Muzli Community Uploads | Amaterasu",공연 템플릿의 선택·비교보다 장식 모션 또는 다른 제품 목적이 앞서 이번 캐러셀의 직접 근거로 채택하지 않음.,직접 구현 근거에서는 제외하고 표면 스타일 또는 실패 방지 사례로만 보존.,
https://muz.li/blog/weekly-designers-update-534/,muz.li,Weekly Designers Update #534 | Muzli Blog,미니멀·에디토리얼 위계,excluded,1,3,1,2,1,8,"메타: Weekly inspiration packed with bold portfolios, smart tools, creative trends – and plenty more to explore. / 관찰 소제목: Weekly Designers Update #534 | Your weekly dose of design inspiration, featuring the hottest projects, must-have tools, and game-changing products. | 🔥 Must-See Design Picks | NYC Music OS",공연 템플릿의 선택·비교보다 장식 모션 또는 다른 제품 목적이 앞서 이번 캐러셀의 직접 근거로 채택하지 않음.,직접 구현 근거에서는 제외하고 표면 스타일 또는 실패 방지 사례로만 보존.,
https://muz.li/blog/weekly-designers-update-535/,muz.li,Weekly Designers Update #535 | Muzli Blog,미니멀·에디토리얼 위계,excluded,2,3,2,3,2,12,"메타: Weekly inspiration packed with bold portfolios, smart tools, creative trends – and plenty more to explore. / 관찰 소제목: Weekly Designers Update #535 | 🔥 Must-See Design Picks | The Pendragon Cycle — Rise of the Merlin | Google Santa Tracker",공연 템플릿의 선택·비교보다 장식 모션 또는 다른 제품 목적이 앞서 이번 캐러셀의 직접 근거로 채택하지 않음.,직접 구현 근거에서는 제외하고 표면 스타일 또는 실패 방지 사례로만 보존.,
https://muz.li/blog/weekly-designers-update-536/,muz.li,Weekly Designers Update #536 | Muzli Blog,큐레이션·시각 위계,excluded,1,2,1,1,1,6,"메타: A curated roundup of cutting-edge design projects, tools, and trends, your weekly creative boost from Muzli. / 관찰 소제목: Weekly Designers Update #536 | Your weekly dose of design inspiration, featuring the hottest projects, must-have tools, and game-changing products. | 🔥 Must-See Design Picks | Bruno’s",공연 템플릿의 선택·비교보다 장식 모션 또는 다른 제품 목적이 앞서 이번 캐러셀의 직접 근거로 채택하지 않음.,직접 구현 근거에서는 제외하고 표면 스타일 또는 실패 방지 사례로만 보존.,
https://muz.li/blog/weekly-designers-update-537/,muz.li,Weekly Designers Update #537 | Muzli Blog,큐레이션·시각 위계,excluded,1,2,1,1,1,6,"메타: A curated roundup of cutting-edge design projects, tools, and trends, your weekly creative boost from Muzli. / 관찰 소제목: Weekly Designers Update #537 | Your weekly dose of design inspiration, featuring the hottest projects, must-have tools, and game-changing products. | 🔥 Must-See Design Picks | Ironhill | A place the maps won’t show",공연 템플릿의 선택·비교보다 장식 모션 또는 다른 제품 목적이 앞서 이번 캐러셀의 직접 근거로 채택하지 않음.,직접 구현 근거에서는 제외하고 표면 스타일 또는 실패 방지 사례로만 보존.,
https://muz.li/blog/weekly-designers-update-538/,muz.li,Weekly Designers Update #538 | Muzli Blog,큐레이션·시각 위계,excluded,1,2,1,1,1,6,"메타: Your weekly dose of design inspiration, featuring the hottest projects, must-have tools, and game-changing products. / 관찰 소제목: Weekly Designers Update #538 | Your weekly dose of design inspiration, featuring the hottest projects, must-have tools, and game-changing products. | 🔥 Must-See Design Picks | Nicola Romei",공연 템플릿의 선택·비교보다 장식 모션 또는 다른 제품 목적이 앞서 이번 캐러셀의 직접 근거로 채택하지 않음.,직접 구현 근거에서는 제외하고 표면 스타일 또는 실패 방지 사례로만 보존.,
https://muz.li/blog/weekly-designers-update-539/,muz.li,Weekly Designers Update #539 | Muzli Blog,큐레이션·시각 위계,excluded,1,2,1,1,1,6,"메타: A curated roundup of cutting-edge design projects, tools, and trends, your weekly creative boost from Muzli. / 관찰 소제목: Weekly Designers Update #539 | Your weekly dose of design inspiration, featuring the hottest projects, must-have tools, and game-changing products. | 🔥 Must-See Design Picks | ©Design by Dylan",공연 템플릿의 선택·비교보다 장식 모션 또는 다른 제품 목적이 앞서 이번 캐러셀의 직접 근거로 채택하지 않음.,직접 구현 근거에서는 제외하고 표면 스타일 또는 실패 방지 사례로만 보존.,
https://muz.li/blog/weekly-designers-update-540/,muz.li,Weekly Designers Update #540 | Muzli Blog,큐레이션·시각 위계,excluded,2,2,2,2,2,10,"메타: A curated roundup of cutting-edge design projects, tools, and trends, your weekly creative boost from Muzli. / 관찰 소제목: Weekly Designers Update #540 | 🔥 Must-See Design Picks | Jesko Jets® | Vibrant Wellness | Interactive Digital Health Experience",공연 템플릿의 선택·비교보다 장식 모션 또는 다른 제품 목적이 앞서 이번 캐러셀의 직접 근거로 채택하지 않음.,직접 구현 근거에서는 제외하고 표면 스타일 또는 실패 방지 사례로만 보존.,
https://muz.li/blog/weekly-designers-update-541/,muz.li,Weekly Designers Update #541 | Muzli Blog,미니멀·에디토리얼 위계,excluded,1,3,1,2,1,8,"메타: Weekly inspiration featuring futuristic portfolios, smart tools, and creative design twists. / 관찰 소제목: Weekly Designers Update #541 | Your weekly dose of design inspiration, featuring the hottest projects, must-have tools, and game-changing products. | 🔥 Must-See Design Picks | Jason Bergh",공연 템플릿의 선택·비교보다 장식 모션 또는 다른 제품 목적이 앞서 이번 캐러셀의 직접 근거로 채택하지 않음.,직접 구현 근거에서는 제외하고 표면 스타일 또는 실패 방지 사례로만 보존.,
https://muz.li/blog/weekly-designers-update-542/,muz.li,Weekly Designers Update #542 | Muzli Blog,큐레이션·시각 위계,excluded,1,2,1,1,1,6,"메타: A curated roundup of cutting-edge design projects, tools, and trends, your weekly creative boost from Muzli. / 관찰 소제목: Weekly Designers Update #542 | Your weekly dose of design inspiration, featuring the hottest projects, must-have tools, and game-changing products. | 🔥 Must-See Design Picks | СropTab — Highly Efficient Fertilizer",공연 템플릿의 선택·비교보다 장식 모션 또는 다른 제품 목적이 앞서 이번 캐러셀의 직접 근거로 채택하지 않음.,직접 구현 근거에서는 제외하고 표면 스타일 또는 실패 방지 사례로만 보존.,
https://muz.li/blog/weekly-designers-update-543/,muz.li,Weekly Designers Update #543 | Muzli Blog,미니멀·에디토리얼 위계,excluded,1,3,1,2,1,8,"메타: Muzli Weekly: The cutting edge of design, from viral portfolios to the next generation of AI-powered tools. Discover the projects and products shaping... / 관찰 소제목: Weekly Designers Update #543 | Your weekly dose of design inspiration, featuring the hottest projects, must-have tools, and game-changing products. | 🔥 Must-See Design Picks | SuperSkills",공연 템플릿의 선택·비교보다 장식 모션 또는 다른 제품 목적이 앞서 이번 캐러셀의 직접 근거로 채택하지 않음.,직접 구현 근거에서는 제외하고 표면 스타일 또는 실패 방지 사례로만 보존.,
https://muz.li/blog/weekly-designers-update-544/,muz.li,Weekly Designers Update #544 | Muzli Blog,큐레이션·시각 위계,excluded,1,2,1,1,1,6,"메타: Your weekly dose of design inspiration, featuring the hottest projects, must-have tools, and game-changing products. / 관찰 소제목: Weekly Designers Update #544 | Must-See Design Picks | MACHINEZERO | MoMoney",공연 템플릿의 선택·비교보다 장식 모션 또는 다른 제품 목적이 앞서 이번 캐러셀의 직접 근거로 채택하지 않음.,직접 구현 근거에서는 제외하고 표면 스타일 또는 실패 방지 사례로만 보존.,
https://muz.li/blog/weekly-designers-update-545/,muz.li,Weekly Designers Update #545 | Muzli Blog,큐레이션·시각 위계,excluded,1,2,1,1,1,6,"메타: Your weekly dose of design inspiration, featuring the hottest projects, must-have tools, and game-changing products. / 관찰 소제목: Weekly Designers Update #545 | 🔥 Must-See Design Picks | Where Worlds Take Shape | MindJoin | Where computation meets power",공연 템플릿의 선택·비교보다 장식 모션 또는 다른 제품 목적이 앞서 이번 캐러셀의 직접 근거로 채택하지 않음.,직접 구현 근거에서는 제외하고 표면 스타일 또는 실패 방지 사례로만 보존.,
https://muz.li/blog/weekly-designers-update-546/,muz.li,Weekly Designers Update #546 | Muzli Blog,큐레이션·시각 위계,excluded,1,2,1,1,1,6,"메타: Your weekly dose of design inspiration, featuring the hottest projects, must-have tools, and game-changing products. / 관찰 소제목: Weekly Designers Update #546 | 🔥 Must-See Design Picks | Threejs Conf Paris | Utopia Tokyo",공연 템플릿의 선택·비교보다 장식 모션 또는 다른 제품 목적이 앞서 이번 캐러셀의 직접 근거로 채택하지 않음.,직접 구현 근거에서는 제외하고 표면 스타일 또는 실패 방지 사례로만 보존.,
https://muz.li/blog/weekly-designers-update-547/,muz.li,Weekly Designers Update #547 | Muzli Blog,미니멀·에디토리얼 위계,excluded,1,3,1,2,1,8,"메타: Your weekly dose of design inspiration, featuring the hottest projects, must-have tools, and game-changing products. / 관찰 소제목: Weekly Designers Update #547 | 🔥 Must-See Design Picks | Inertia Studios | Arnaud Rocca — Portfolio",공연 템플릿의 선택·비교보다 장식 모션 또는 다른 제품 목적이 앞서 이번 캐러셀의 직접 근거로 채택하지 않음.,직접 구현 근거에서는 제외하고 표면 스타일 또는 실패 방지 사례로만 보존.,
https://muz.li/blog/weekly-designers-update-548/,muz.li,Weekly Designers Update #548 | Muzli Blog,큐레이션·시각 위계,excluded,1,2,1,1,1,6,"메타: Your weekly dose of design inspiration, featuring the hottest projects, must-have tools, and game-changing products. / 관찰 소제목: Weekly Designers Update #548 | Your weekly dose of design inspiration, featuring the hottest projects, must-have tools, and game-changing products. | 🔥 Must-See Design Picks | Champions For Good Club",공연 템플릿의 선택·비교보다 장식 모션 또는 다른 제품 목적이 앞서 이번 캐러셀의 직접 근거로 채택하지 않음.,직접 구현 근거에서는 제외하고 표면 스타일 또는 실패 방지 사례로만 보존.,
https://muz.li/blog/weekly-designers-update-549/,muz.li,Weekly Designers Update #549 | Muzli Blog,큐레이션·시각 위계,excluded,2,2,2,2,2,10,"메타: Your weekly dose of design inspiration, featuring the hottest projects, must-have tools, and fresh ideas shaping the industry. / 관찰 소제목: Weekly Designers Update #549 | Your weekly dose of design inspiration, featuring the hottest projects, must-have tools, and fresh ideas shaping the industry. | 🔥 Must-See Design Picks | Oryzo AI",공연 템플릿의 선택·비교보다 장식 모션 또는 다른 제품 목적이 앞서 이번 캐러셀의 직접 근거로 채택하지 않음.,직접 구현 근거에서는 제외하고 표면 스타일 또는 실패 방지 사례로만 보존.,
https://muz.li/blog/weekly-designers-update-550/,muz.li,Weekly Designers Update #550 | Muzli Blog,큐레이션·시각 위계,excluded,1,2,1,1,1,6,"메타: Your weekly dose of design inspiration, featuring the hottest projects, must-have tools, and fresh ideas shaping the industry. / 관찰 소제목: Weekly Designers Update #550 | Your weekly dose of design inspiration, featuring the hottest projects, must-have tools, and game-changing products. | 🔥 Must-See Design Picks | Web Rewind",공연 템플릿의 선택·비교보다 장식 모션 또는 다른 제품 목적이 앞서 이번 캐러셀의 직접 근거로 채택하지 않음.,직접 구현 근거에서는 제외하고 표면 스타일 또는 실패 방지 사례로만 보존.,
https://muz.li/blog/weekly-designers-update-551/,muz.li,Weekly Designers Update #551 | Muzli Blog,큐레이션·시각 위계,excluded,1,2,1,1,1,6,"메타: Your weekly dose of design inspiration, featuring the hottest projects, must-have tools, and game-changing products. / 관찰 소제목: Weekly Designers Update #551 | Your weekly dose of design inspiration, featuring the hottest projects, must-have tools, and game-changing products. | 🔥 Must-See Design Picks | Shopify Design",공연 템플릿의 선택·비교보다 장식 모션 또는 다른 제품 목적이 앞서 이번 캐러셀의 직접 근거로 채택하지 않음.,직접 구현 근거에서는 제외하고 표면 스타일 또는 실패 방지 사례로만 보존.,
https://muz.li/blog/weekly-designers-update-552/,muz.li,Weekly Designers Update #552 | Muzli Blog,큐레이션·시각 위계,excluded,2,2,2,2,2,10,"메타: Your weekly dose of design inspiration, featuring the hottest projects, must-have tools, and standout creative work. / 관찰 소제목: Weekly Designers Update #552 | Your weekly dose of design inspiration, featuring the hottest projects, must-have tools, and standout creative work. | 🔥 Must-See Design Picks | Ivress",공연 템플릿의 선택·비교보다 장식 모션 또는 다른 제품 목적이 앞서 이번 캐러셀의 직접 근거로 채택하지 않음.,직접 구현 근거에서는 제외하고 표면 스타일 또는 실패 방지 사례로만 보존.,
https://muz.li/blog/weekly-designers-update-553/,muz.li,Weekly Designers Update #553 | Muzli Blog,큐레이션·시각 위계,excluded,1,2,1,1,1,6,"메타: Your weekly dose of design inspiration, featuring the hottest projects, must-have tools, and game-changing products. / 관찰 소제목: Weekly Designers Update #553 | Your weekly dose of design inspiration, featuring the hottest projects, must-have tools, and game-changing products. | 🔥 Must-See Design Picks | Amazonia",공연 템플릿의 선택·비교보다 장식 모션 또는 다른 제품 목적이 앞서 이번 캐러셀의 직접 근거로 채택하지 않음.,직접 구현 근거에서는 제외하고 표면 스타일 또는 실패 방지 사례로만 보존.,
https://muz.li/blog/weekly-designers-update-554/,muz.li,Weekly Designers Update #554 | Muzli Blog,큐레이션·시각 위계,excluded,1,2,1,1,1,6,"메타: Your weekly dose of design inspiration, featuring the hottest projects, must-have tools, and game-changing products. / 관찰 소제목: Weekly Designers Update #554 | 🔥 Must-See Design Picks | Razorpay Sprint 2026: The Age of AI-Native Payments | Looper by basement.studio",공연 템플릿의 선택·비교보다 장식 모션 또는 다른 제품 목적이 앞서 이번 캐러셀의 직접 근거로 채택하지 않음.,직접 구현 근거에서는 제외하고 표면 스타일 또는 실패 방지 사례로만 보존.,
https://muz.li/blog/weekly-designers-update-555/,muz.li,Weekly Designers Update #555 | Muzli Blog,큐레이션·시각 위계,excluded,1,2,1,1,1,6,"메타: Your weekly dose of design inspiration, featuring the hottest projects, must-have tools, and game-changing products. / 관찰 소제목: Weekly Designers Update #555 | 🔥 Must-See Design Picks | Major Media Agency | Upperquad",공연 템플릿의 선택·비교보다 장식 모션 또는 다른 제품 목적이 앞서 이번 캐러셀의 직접 근거로 채택하지 않음.,직접 구현 근거에서는 제외하고 표면 스타일 또는 실패 방지 사례로만 보존.,
https://muz.li/blog/weekly-designers-update-556/,muz.li,Weekly Designers Update #556 | Muzli Blog,큐레이션·시각 위계,excluded,1,2,1,1,1,6,"메타: Your weekly dose of design inspiration, featuring the hottest projects, must-have tools, and game-changing products. / 관찰 소제목: Weekly Designers Update #556 | Your weekly dose of design inspiration, featuring the hottest projects, must-have tools, and game-changing products. | 🔥 Must-See Design Picks | Hashgraph Ventures | AI & Blockchain Venture",공연 템플릿의 선택·비교보다 장식 모션 또는 다른 제품 목적이 앞서 이번 캐러셀의 직접 근거로 채택하지 않음.,직접 구현 근거에서는 제외하고 표면 스타일 또는 실패 방지 사례로만 보존.,
https://muz.li/blog/weekly-designers-update-557/,muz.li,Weekly Designers Update #557 | Muzli Blog,큐레이션·시각 위계,excluded,1,2,1,1,1,6,"메타: Your weekly dose of design inspiration, featuring the hottest projects, must-have tools, and game-changing products. / 관찰 소제목: Weekly Designers Update #557 | Your weekly dose of design inspiration, featuring the hottest projects, must-have tools, and game-changing products. | 🔥 Must-See Design Picks | BRIK",공연 템플릿의 선택·비교보다 장식 모션 또는 다른 제품 목적이 앞서 이번 캐러셀의 직접 근거로 채택하지 않음.,직접 구현 근거에서는 제외하고 표면 스타일 또는 실패 방지 사례로만 보존.,
https://muz.li/blog/weekly-designers-update-558/,muz.li,Weekly Designers Update #558 | Muzli Blog,큐레이션·시각 위계,excluded,1,2,1,1,1,6,"메타: Your weekly dose of design inspiration, featuring the hottest projects, must-have tools, and game-changing products. / 관찰 소제목: Weekly Designers Update #558 | 🔥 Must-See Design Picks | AI in Design Report 2026 | Cyera AI Guardian | Secure the Unknown",공연 템플릿의 선택·비교보다 장식 모션 또는 다른 제품 목적이 앞서 이번 캐러셀의 직접 근거로 채택하지 않음.,직접 구현 근거에서는 제외하고 표면 스타일 또는 실패 방지 사례로만 보존.,
https://muz.li/blog/weekly-designers-update-559/,muz.li,Weekly Designers Update #559 | Muzli Blog,큐레이션·시각 위계,excluded,1,2,1,1,1,6,"메타: Your weekly dose of design inspiration, featuring the hottest projects, must-have tools, and game-changing products. / 관찰 소제목: Weekly Designers Update #559 | 🔥 Must-See Design Picks | HERO STUDIOS | Rembrandt Oil Paints — Sylvan Hillebrand",공연 템플릿의 선택·비교보다 장식 모션 또는 다른 제품 목적이 앞서 이번 캐러셀의 직접 근거로 채택하지 않음.,직접 구현 근거에서는 제외하고 표면 스타일 또는 실패 방지 사례로만 보존.,
https://muz.li/blog/weekly-designers-update-560/,muz.li,Weekly Designers Update #560 | Muzli Blog,큐레이션·시각 위계,excluded,1,2,1,1,1,6,"메타: Your weekly dose of design inspiration, featuring the hottest projects, must-have tools, and game-changing products. / 관찰 소제목: Weekly Designers Update #560 | 🔥 Must-See Design Picks | The Lacoste Polo Atelier Experience | Voyeur Verite // Website",공연 템플릿의 선택·비교보다 장식 모션 또는 다른 제품 목적이 앞서 이번 캐러셀의 직접 근거로 채택하지 않음.,직접 구현 근거에서는 제외하고 표면 스타일 또는 실패 방지 사례로만 보존.,
https://muz.li/blog/weekly-designers-update-561/,muz.li,Weekly Designers Update #561 | Muzli Blog,큐레이션·시각 위계,excluded,1,2,1,1,1,6,"메타: Your weekly dose of design inspiration, featuring the hottest projects, must-have tools, and game-changing products. / 관찰 소제목: Weekly Designers Update #561 | Your weekly dose of design inspiration, featuring the hottest projects, must-have tools, and game-changing products. | 🔥 Must-See Design Picks | Obys Experiment Space",공연 템플릿의 선택·비교보다 장식 모션 또는 다른 제품 목적이 앞서 이번 캐러셀의 직접 근거로 채택하지 않음.,직접 구현 근거에서는 제외하고 표면 스타일 또는 실패 방지 사례로만 보존.,
https://muz.li/blog/weekly-designers-update-562/,muz.li,Weekly Designers Update #562 | Muzli Blog,3D·공간 깊이,excluded,1,2,1,1,1,6,"메타: Your weekly dose of design inspiration, featuring the hottest projects, must-have tools, and game-changing products. / 관찰 소제목: Weekly Designers Update #562 | 🔥 Must-See Design Picks | Noomo Showcase — Immersive 3D & WebGL Work | VERO",공연 템플릿의 선택·비교보다 장식 모션 또는 다른 제품 목적이 앞서 이번 캐러셀의 직접 근거로 채택하지 않음.,직접 구현 근거에서는 제외하고 표면 스타일 또는 실패 방지 사례로만 보존.,
https://muz.li/blog/weekly-designers-update-563/,muz.li,Weekly Designers Update #563 | Muzli Blog,큐레이션·시각 위계,excluded,1,2,1,1,1,6,"메타: Your weekly dose of design inspiration, featuring the hottest projects, must-have tools, and game-changing products. / 관찰 소제목: Weekly Designers Update #563 | 🔥 Must-See Design Picks | Serotoninn Ecommerce Website // Case Study_Vol.1.0 | Le Mans Classic",공연 템플릿의 선택·비교보다 장식 모션 또는 다른 제품 목적이 앞서 이번 캐러셀의 직접 근거로 채택하지 않음.,직접 구현 근거에서는 제외하고 표면 스타일 또는 실패 방지 사례로만 보존.,
https://muz.li/blog/weekly-designers-update-564/,muz.li,Weekly Designers Update #564 | Muzli Blog,큐레이션·시각 위계,excluded,1,2,1,1,1,6,"메타: Your weekly dose of design inspiration, featuring the hottest projects, must-have tools, and game-changing products. / 관찰 소제목: Weekly Designers Update #564 | Your weekly dose of design inspiration, featuring the hottest projects, must-have tools, and game-changing products. | 🔥 Must-See Design Picks | Rams System Icons",공연 템플릿의 선택·비교보다 장식 모션 또는 다른 제품 목적이 앞서 이번 캐러셀의 직접 근거로 채택하지 않음.,직접 구현 근거에서는 제외하고 표면 스타일 또는 실패 방지 사례로만 보존.,
https://muz.li/blog/weekly-designers-update-565/,muz.li,Weekly Designers Update #565 | Muzli Blog,큐레이션·시각 위계,excluded,1,2,1,1,1,6,"메타: Your weekly dose of design inspiration, featuring the hottest projects, must-have tools, and game-changing products. / 관찰 소제목: Weekly Designers Update #565 | Your weekly dose of design inspiration, featuring the hottest projects, must-have tools, and game-changing products. | 🔥 Must-See Design Picks | Learn how to use Framer AI Agents to design,",공연 템플릿의 선택·비교보다 장식 모션 또는 다른 제품 목적이 앞서 이번 캐러셀의 직접 근거로 채택하지 않음.,직접 구현 근거에서는 제외하고 표면 스타일 또는 실패 방지 사례로만 보존.,
https://muz.li/blog/weekly-designers-update-566/,muz.li,Weekly Designers Update #566 | Muzli Blog,큐레이션·시각 위계,excluded,1,2,1,1,1,6,"메타: Your weekly dose of design inspiration, featuring the hottest projects, must-have tools, and game-changing products. / 관찰 소제목: Weekly Designers Update #566 | 🔥 Must-See Design Picks | House Of Yellow | HOY | Raphael Segerman | Creative Developer",공연 템플릿의 선택·비교보다 장식 모션 또는 다른 제품 목적이 앞서 이번 캐러셀의 직접 근거로 채택하지 않음.,직접 구현 근거에서는 제외하고 표면 스타일 또는 실패 방지 사례로만 보존.,
https://muz.li/blog/weekly-designers-update-567/,muz.li,Weekly Designers Update #567 | Muzli Blog,큐레이션·시각 위계,excluded,1,2,1,1,1,6,"메타: Your weekly dose of design inspiration, featuring the hottest projects, must-have tools, and game-changing products / 관찰 소제목: Weekly Designers Update #567 | 🔥 Must-See Design Picks | Brik: Your vision, built to move | Illoca",공연 템플릿의 선택·비교보다 장식 모션 또는 다른 제품 목적이 앞서 이번 캐러셀의 직접 근거로 채택하지 않음.,직접 구현 근거에서는 제외하고 표면 스타일 또는 실패 방지 사례로만 보존.,
https://onepagelove.com/101-genai,onepagelove.com,101 GenAI — One Page Website Award,큐레이션·시각 위계,center-only,5,5,5,5,5,25,"메타: Quality animated infographics throughout this this One Pager (built with Webflow) for 101 GenAI. / 관찰 소제목: 101 GenAI | Similar One Page Websites | Framer - Build better sites, faster | Mainline Next.js Next.js Template built with Tailwind CSS",한 항목에만 시선을 집중시켜 가장 미니멀하고 직관적이며 긴 CMS 문구나 다양한 포스터 비율에도 안전함.,단일 템플릿과 01/02/03 인디케이터만 유지. 전환 시 텍스트·날짜·장소도 같은 상태로 교체.,
https://onepagelove.com/alike,onepagelove.com,alike.page — One Page Website Award,큐레이션·시각 위계,center-only,5,5,5,5,5,25,"메타: Launching soon page (built with Framer) for alike.page – a new link-in-bio solution for stores. / 관찰 소제목: alike.page | Similar One Page Websites | Framer - Build better sites, faster | Housemait",한 항목에만 시선을 집중시켜 가장 미니멀하고 직관적이며 긴 CMS 문구나 다양한 포스터 비율에도 안전함.,단일 템플릿과 01/02/03 인디케이터만 유지. 전환 시 텍스트·날짜·장소도 같은 상태로 교체.,
https://onepagelove.com/allagi,onepagelove.com,Allagi — One Page Website Award,미니멀·에디토리얼 위계,center-only,5,5,5,5,5,25,"메타: Beautifully minimal catalog browsing experience in this One Pager for artist Allagi. / 관찰 소제목: Allagi | Similar One Page Websites | Framer - Build better sites, faster | The Deep End",한 항목에만 시선을 집중시켜 가장 미니멀하고 직관적이며 긴 CMS 문구나 다양한 포스터 비율에도 안전함.,단일 템플릿과 01/02/03 인디케이터만 유지. 전환 시 텍스트·날짜·장소도 같은 상태로 교체.,
https://onepagelove.com/alterg-resources,onepagelove.com,AlterG Resources — One Page Website Award,건축 프레이밍·전시,center-only,5,5,5,5,5,25,"메타: Lovely logomark integration (using a masked blur effect) in the hero of this landing page (built with Webflow) for AlterG Resources. / 관찰 소제목: AlterG Resources | Similar One Page Websites | Framer - Build better sites, faster | Architecture of Socialist-Era Belgrade",한 항목에만 시선을 집중시켜 가장 미니멀하고 직관적이며 긴 CMS 문구나 다양한 포스터 비율에도 안전함.,단일 템플릿과 01/02/03 인디케이터만 유지. 전환 시 텍스트·날짜·장소도 같은 상태로 교체.,
https://onepagelove.com/anatolii-grashchenko,onepagelove.com,Anatolii Grashchenko — One Page Website Award,3D·공간 깊이,spatial-3d,3,3,2,2,3,13,"메타: Unique personal One Pager for creative technologist Anatolii Grashchenko, featuring a 3D scan of him working and live vitals streamed from his smartwatch. / 관찰 소제목: Anatolii Grashchenko | Similar One Page Websites | Framer - Build better sites, faster | Sky Clock",건축 개구부의 깊이를 강화하지만 카메라·광원·가림 순서가 조금만 어긋나도 조잡해지고 모바일 비용이 큼.,단일 perspective-origin·고정 카메라·기준 PNG 전면 마스크. 사용자 조작에 따라 카메라 자체는 움직이지 않음.,
https://onepagelove.com/anidachi,onepagelove.com,Anidachi — One Page Website Award,큐레이션·시각 위계,center-only,5,5,5,5,5,25,"메타: Colorful launching soon page taking waitlist interest for Anidachi – a digital companion device designed to clip to bags, launching in late 2026. / 관찰 소제목: Anidachi | Similar One Page Websites | Framer - Build better sites, faster | Mainline Next.js Next.js Template built with Tailwind CSS",한 항목에만 시선을 집중시켜 가장 미니멀하고 직관적이며 긴 CMS 문구나 다양한 포스터 비율에도 안전함.,단일 템플릿과 01/02/03 인디케이터만 유지. 전환 시 텍스트·날짜·장소도 같은 상태로 교체.,
https://onepagelove.com/atishay-tuli,onepagelove.com,Atishay Tuli — One Page Website Award,미니멀·에디토리얼 위계,center-only,5,5,5,5,5,25,"메타: What a joyful experience having a minimal/creative mode switcher in this One Pager (built with Framer) for Atishay Tuli. Fun! / 관찰 소제목: Atishay Tuli | Similar One Page Websites | Framer - Build better sites, faster | SimpleSketche",한 항목에만 시선을 집중시켜 가장 미니멀하고 직관적이며 긴 CMS 문구나 다양한 포스터 비율에도 안전함.,단일 템플릿과 01/02/03 인디케이터만 유지. 전환 시 텍스트·날짜·장소도 같은 상태로 교체.,
https://onepagelove.com/belen-jones,onepagelove.com,Belen Jones — One Page Website Award,3D·공간 깊이,excluded,1,2,1,1,1,6,"메타: Unique, brutalist One Pager for Belen Jones – featuring a 3D cube rotating projects. / 관찰 소제목: Belen Jones | Similar One Page Websites | Framer - Build better sites, faster | SimpleSketche",공연 템플릿의 선택·비교보다 장식 모션 또는 다른 제품 목적이 앞서 이번 캐러셀의 직접 근거로 채택하지 않음.,직접 구현 근거에서는 제외하고 표면 스타일 또는 실패 방지 사례로만 보존.,
https://onepagelove.com/belgrade-architecture,onepagelove.com,Architecture of Socialist-Era Belgrade — One Page Website Award,건축 프레이밍·전시,center-only,5,5,5,5,5,25,"메타: Storytelling One Pager (built with Webflow) paying homage to the Architecture of Socialist-Era Belgrade. / 관찰 소제목: Architecture of Socialist-Era Belgrade | Similar One Page Websites | Framer - Build better sites, faster | Neuropelvic Surgery",한 항목에만 시선을 집중시켜 가장 미니멀하고 직관적이며 긴 CMS 문구나 다양한 포스터 비율에도 안전함.,단일 템플릿과 01/02/03 인디케이터만 유지. 전환 시 텍스트·날짜·장소도 같은 상태로 교체.,
https://onepagelove.com/billow,onepagelove.com,Billow — One Page Website Award,큐레이션·시각 위계,center-only,5,5,5,5,5,25,"메타: Great breathing room and overall design throughout this One Pager (built with Framer) taking waitlist requests for Billow. / 관찰 소제목: Billow | Similar One Page Websites | Framer - Build better sites, faster | Housemait",한 항목에만 시선을 집중시켜 가장 미니멀하고 직관적이며 긴 CMS 문구나 다양한 포스터 비율에도 안전함.,단일 템플릿과 01/02/03 인디케이터만 유지. 전환 시 텍스트·날짜·장소도 같은 상태로 교체.,
https://onepagelove.com/canopy,onepagelove.com,Canopy — One Page Website Award,큐레이션·시각 위계,center-only,5,5,5,5,5,25,"메타: One Pager for Canopy – a SEO writing tool built for Squarespace. Great to see strong demo examples and tools that all load within the same page experience. / 관찰 소제목: Canopy | Similar One Page Websites | Framer - Build better sites, faster | Housemait",한 항목에만 시선을 집중시켜 가장 미니멀하고 직관적이며 긴 CMS 문구나 다양한 포스터 비율에도 안전함.,단일 템플릿과 01/02/03 인디케이터만 유지. 전환 시 텍스트·날짜·장소도 같은 상태로 교체.,
https://onepagelove.com/cibby,onepagelove.com,Cibby — One Page Website Award,큐레이션·시각 위계,center-only,4,5,4,4,4,21,"메타: Launching soon page for Cibby – an app that lets users preserve and explore their physical game collections. What a first impression with the interactive moving covers and the teas / 관찰 소제목: Cibby | Similar One Page Websites | Framer - Build better sites, faster | Housemait",한 항목에만 시선을 집중시켜 가장 미니멀하고 직관적이며 긴 CMS 문구나 다양한 포스터 비율에도 안전함.,단일 템플릿과 01/02/03 인디케이터만 유지. 전환 시 텍스트·날짜·장소도 같은 상태로 교체.,
https://onepagelove.com/compile,onepagelove.com,Cursor Compile — One Page Website Award,큐레이션·시각 위계,center-only,5,5,5,5,5,25,"메타: Fun interactive hero shapes forming ‘Compile’ – Cursor’s invite-only conference happening 16 June 2026. Neat touch with the lined halftone speaker portraits, almost resembling guil / 관찰 소제목: Cursor Compile | Similar One Page Websites | Framer - Build better sites, faster | Rendez-vous Francéclat",한 항목에만 시선을 집중시켜 가장 미니멀하고 직관적이며 긴 CMS 문구나 다양한 포스터 비율에도 안전함.,단일 템플릿과 01/02/03 인디케이터만 유지. 전환 시 텍스트·날짜·장소도 같은 상태로 교체.,
https://onepagelove.com/digital-original-xr,onepagelove.com,Digital Original XR — One Page Website Award,모션·상호작용,hidden-offstage,3,5,4,4,4,20,"메타: Incredibly impressive meta quest demo that activates as you scroll this One Pager for Digital Original XR. The app experience lets users view art in virtual and mixed reality, brow / 관찰 소제목: Digital Original XR | Similar One Page Websites | Framer - Build better sites, faster | Housemait",활성 템플릿만 보이고 나머지는 프레임 밖에서 대기해 구조가 가장 안정적이며 모바일·CMS·reduced-motion 대응이 쉬움.,이전/다음은 opacity 0과 x 이동으로 대기. DOM/CMS 데이터는 유지하고 시각 상태만 전환.,
https://onepagelove.com/experience-lab,onepagelove.com,Experience.Lab — One Page Website Award,모션·상호작용,hidden-offstage,5,5,5,5,5,25,"메타: Motion-led One Pager (built with Framer) for Experience.Lab – Publicis Groupe Japan’s hub delivering solutions across APAC. Really love how they integrated the team members on hove / 관찰 소제목: Experience.Lab | Similar One Page Websites | Framer - Build better sites, faster | Mainline Next.js Next.js Template built with Tailwind CSS",활성 템플릿만 보이고 나머지는 프레임 밖에서 대기해 구조가 가장 안정적이며 모바일·CMS·reduced-motion 대응이 쉬움.,이전/다음은 opacity 0과 x 이동으로 대기. DOM/CMS 데이터는 유지하고 시각 상태만 전환.,
https://onepagelove.com/flex-digital,onepagelove.com,Flex Digital — One Page Website Award,미니멀·에디토리얼 위계,center-only,5,5,5,5,5,25,"메타: Good breathing room in this One Page portfolio for Flex Digital. / 관찰 소제목: Flex Digital | Similar One Page Websites | Framer - Build better sites, faster | SimpleSketche",한 항목에만 시선을 집중시켜 가장 미니멀하고 직관적이며 긴 CMS 문구나 다양한 포스터 비율에도 안전함.,단일 템플릿과 01/02/03 인디케이터만 유지. 전환 시 텍스트·날짜·장소도 같은 상태로 교체.,
https://onepagelove.com/fourmula,onepagelove.com,Fourmula — One Page Website Award,모션·상호작용,hidden-offstage,4,5,5,5,5,24,"메타: One Pager (built with Webflow) for an AI product generator tool called Fourmula. Always a fan of an interactive onboarding before scrolling, well played. / 관찰 소제목: Fourmula | Similar One Page Websites | Framer - Build better sites, faster | Housemait",활성 템플릿만 보이고 나머지는 프레임 밖에서 대기해 구조가 가장 안정적이며 모바일·CMS·reduced-motion 대응이 쉬움.,이전/다음은 opacity 0과 x 이동으로 대기. DOM/CMS 데이터는 유지하고 시각 상태만 전환.,
https://onepagelove.com/frontend-supply,onepagelove.com,Frontend Supply™ — One Page Website Award,미니멀·에디토리얼 위계,center-only,5,5,5,5,5,25,"메타: Neat One Page portfolio for Frontend Supply, a frontend-subscription service for startups, led by Doğukan. / 관찰 소제목: Frontend Supply™ | Similar One Page Websites | Framer - Build better sites, faster | SimpleSketche",한 항목에만 시선을 집중시켜 가장 미니멀하고 직관적이며 긴 CMS 문구나 다양한 포스터 비율에도 안전함.,단일 템플릿과 01/02/03 인디케이터만 유지. 전환 시 텍스트·날짜·장소도 같은 상태로 교체.,
https://onepagelove.com/generative-ai-trends-2026,onepagelove.com,2026 Generative AI Trends — One Page Website Award,큐레이션·시각 위계,center-only,5,5,5,5,5,25,"메타: Annual report One Pager (built with Webflow) sharing the results for Typeform’s 2026 AI in marketing data report. / 관찰 소제목: 2026 Generative AI Trends | Similar One Page Websites | Framer - Build better sites, faster | Shopify Editions – Spring 2026",한 항목에만 시선을 집중시켜 가장 미니멀하고 직관적이며 긴 CMS 문구나 다양한 포스터 비율에도 안전함.,단일 템플릿과 01/02/03 인디케이터만 유지. 전환 시 텍스트·날짜·장소도 같은 상태로 교체.,
https://onepagelove.com/george-wood,onepagelove.com,George Wood — One Page Website Award,미니멀·에디토리얼 위계,center-only,5,5,5,5,5,25,"메타: Minimal One Pager for George Wood – an interface and product designer based in Nottingham. You can customise the entire site using the settings panel and George even added a little / 관찰 소제목: George Wood | Similar One Page Websites | Framer - Build better sites, faster | SimpleSketche",한 항목에만 시선을 집중시켜 가장 미니멀하고 직관적이며 긴 CMS 문구나 다양한 포스터 비율에도 안전함.,단일 템플릿과 01/02/03 인디케이터만 유지. 전환 시 텍스트·날짜·장소도 같은 상태로 교체.,
https://onepagelove.com/glyphs-grids,onepagelove.com,Glyphs & Grids — One Page Website Award,모션·상호작용,hidden-offstage,5,5,5,5,5,25,"메타: Playful inline icon animations bring charm to the storytelling in this launching soon page for Glyphs & Grids, a macOS font manager. / 관찰 소제목: Glyphs & Grids | Similar One Page Websites | Framer - Build better sites, faster | Housemait",활성 템플릿만 보이고 나머지는 프레임 밖에서 대기해 구조가 가장 안정적이며 모바일·CMS·reduced-motion 대응이 쉬움.,이전/다음은 opacity 0과 x 이동으로 대기. DOM/CMS 데이터는 유지하고 시각 상태만 전환.,
https://onepagelove.com/heaven-in-color,onepagelove.com,Heaven in Color — One Page Website Award,큐레이션·시각 위계,center-only,5,5,5,5,5,25,"메타: Fascinating single-serving One Pager for Heaven in Color, turning San Francisco sky colors captured every 30 minutes into one beautiful collage. / 관찰 소제목: Heaven in Color | Similar One Page Websites | Framer - Build better sites, faster | Sky Clock",한 항목에만 시선을 집중시켜 가장 미니멀하고 직관적이며 긴 CMS 문구나 다양한 포스터 비율에도 안전함.,단일 템플릿과 01/02/03 인디케이터만 유지. 전환 시 텍스트·날짜·장소도 같은 상태로 교체.,
https://onepagelove.com/hebbia,onepagelove.com,Hebbia — One Page Website Award,미니멀·에디토리얼 위계,center-only,5,5,5,5,5,25,"메타: Unique elements and creative ideas throughout this One Page portfolio for Hebbia Design Studio. / 관찰 소제목: Hebbia | Similar One Page Websites | Framer - Build better sites, faster | SimpleSketche",한 항목에만 시선을 집중시켜 가장 미니멀하고 직관적이며 긴 CMS 문구나 다양한 포스터 비율에도 안전함.,단일 템플릿과 01/02/03 인디케이터만 유지. 전환 시 텍스트·날짜·장소도 같은 상태로 교체.,
https://onepagelove.com/heyclicky,onepagelove.com,heyclicky — One Page Website Award,큐레이션·시각 위계,excluded,2,2,2,2,2,10,"메타: Fun, retro and slightly unhinged landing page for heyclicky – an AI assistant for macOS that teaches users, provides guidance, and runs automated tasks. The latency of the interact / 관찰 소제목: heyclicky | Similar One Page Websites | Framer - Build better sites, faster | Housemait",공연 템플릿의 선택·비교보다 장식 모션 또는 다른 제품 목적이 앞서 이번 캐러셀의 직접 근거로 채택하지 않음.,직접 구현 근거에서는 제외하고 표면 스타일 또는 실패 방지 사례로만 보존.,
https://onepagelove.com/hire-webflow,onepagelove.com,Hire Webflow help - One Page Love,큐레이션·시각 위계,center-only,5,5,5,5,5,25,"메타: A curated list of skilled Webflow freelancers and agencies, each with work featured on One Page Love. / 관찰 소제목: Hire Webflow help",한 항목에만 시선을 집중시켜 가장 미니멀하고 직관적이며 긴 CMS 문구나 다양한 포스터 비율에도 안전함.,단일 템플릿과 01/02/03 인디케이터만 유지. 전환 시 텍스트·날짜·장소도 같은 상태로 교체.,
https://onepagelove.com/housemait,onepagelove.com,Housemait — One Page Website Award,모션·상호작용,excluded,2,2,1,2,2,9,"메타: Long-scrolling Landing Page for Housemait, an app to help family calendars, meals, shopping and chores, with an AI assistant accessible through WhatsApp. / 관찰 소제목: Housemait | Similar One Page Websites | Framer - Build better sites, faster | Triple Kingdom",공연 템플릿의 선택·비교보다 장식 모션 또는 다른 제품 목적이 앞서 이번 캐러셀의 직접 근거로 채택하지 않음.,직접 구현 근거에서는 제외하고 표면 스타일 또는 실패 방지 사례로만 보존.,
https://onepagelove.com/invoicemon,onepagelove.com,invoicemon — One Page Website Award,모션·상호작용,excluded,2,2,2,2,2,10,"메타: Brilliant scroll-to-demo interactive experience in this One Pager for invoicemon, a free browser-based invoice generator. ps. Mighil was kind enough to give OPL readers a 50% disco / 관찰 소제목: invoicemon | Similar One Page Websites | Framer - Build better sites, faster | Billow",공연 템플릿의 선택·비교보다 장식 모션 또는 다른 제품 목적이 앞서 이번 캐러셀의 직접 근거로 채택하지 않음.,직접 구현 근거에서는 제외하고 표면 스타일 또는 실패 방지 사례로만 보존.,
https://onepagelove.com/johny-vino,onepagelove.com,Johny Vino — One Page Website Award,캐러셀·갤러리 전환,partial-visible,5,5,1,5,5,21,"메타: Slick One Page portfolio for Johny Vino, showcasing his product and UX/UI design work within horizontal sliders. / 관찰 소제목: Johny Vino | Similar One Page Websites | Framer - Build better sites, faster | SimpleSketche","좌우 다음 항목이 일부 보여 순환 가능성을 즉시 알리지만, 모바일에서는 폭을 압박하므로 데스크톱 전용 보조 단서로 적합.","Desktop: 중앙 100%, 좌우 82–88% 축소·각 12–18% 노출. Mobile/reduced-motion: hidden-offstage로 자동 전환.",
https://onepagelove.com/kevin,onepagelove.com,Kevin — One Page Website Award,큐레이션·시각 위계,center-only,5,5,5,5,5,25,"메타: Clean One Pager for a new AI-powered mockup scene tool called Kevin. / 관찰 소제목: Kevin | Similar One Page Websites | Framer - Build better sites, faster | Housemait",한 항목에만 시선을 집중시켜 가장 미니멀하고 직관적이며 긴 CMS 문구나 다양한 포스터 비율에도 안전함.,단일 템플릿과 01/02/03 인디케이터만 유지. 전환 시 텍스트·날짜·장소도 같은 상태로 교체.,
https://onepagelove.com/landmark,onepagelove.com,Landmark — One Page Website Award,미니멀·에디토리얼 위계,center-only,5,5,5,5,5,25,"메타: Smart One Pager (built using WordPress) for Landmark, showcasing their real estate services and property portfolio. Big domain this (alre.com) – Landmark is the operating brand of / 관찰 소제목: Landmark | Similar One Page Websites | Framer - Build better sites, faster | SimpleSketche",한 항목에만 시선을 집중시켜 가장 미니멀하고 직관적이며 긴 CMS 문구나 다양한 포스터 비율에도 안전함.,단일 템플릿과 01/02/03 인디케이터만 유지. 전환 시 텍스트·날짜·장소도 같은 상태로 교체.,
https://onepagelove.com/lovably,onepagelove.com,Lovably — One Page Website Award,미니멀·에디토리얼 위계,center-only,5,5,5,5,5,25,"메타: Wonderful minimal direction in this One Pager (built with Webflow) for Lovably, a New York brand strategy and design studio celebrating 12 years in business. / 관찰 소제목: Lovably | Similar One Page Websites | Framer - Build better sites, faster | Mainline Next.js Next.js Template built with Tailwind CSS",한 항목에만 시선을 집중시켜 가장 미니멀하고 직관적이며 긴 CMS 문구나 다양한 포스터 비율에도 안전함.,단일 템플릿과 01/02/03 인디케이터만 유지. 전환 시 텍스트·날짜·장소도 같은 상태로 교체.,
https://onepagelove.com/ma,onepagelove.com,鳥獣戯間 — One Page Website Award,모션·상호작용,center-only,4,5,4,5,4,22,"메타: Experimental, case-study One Pager on “Ma” (間) — the Japanese concept of negative space. The Site Page site explores how a story can unfold in emptiness, using Chōjū-giga (the 12th / 관찰 소제목: 鳥獣戯間 | Similar One Page Websites | Framer - Build better sites, faster | History of Software Design",한 항목에만 시선을 집중시켜 가장 미니멀하고 직관적이며 긴 CMS 문구나 다양한 포스터 비율에도 안전함.,단일 템플릿과 01/02/03 인디케이터만 유지. 전환 시 텍스트·날짜·장소도 같은 상태로 교체.,
https://onepagelove.com/madie,onepagelove.com,Madie — One Page Website Award,큐레이션·시각 위계,center-only,5,5,5,5,5,25,"메타: Charming One Pager for Madie – a new madeleine and coffee shop in Madrid, Spain. Make sure you check out the overlay navigation transition, slick. / 관찰 소제목: Madie | Similar One Page Websites | Framer - Build better sites, faster | 11 Bar",한 항목에만 시선을 집중시켜 가장 미니멀하고 직관적이며 긴 CMS 문구나 다양한 포스터 비율에도 안전함.,단일 템플릿과 01/02/03 인디케이터만 유지. 전환 시 텍스트·날짜·장소도 같은 상태로 교체.,
https://onepagelove.com/magma,onepagelove.com,Magma — One Page Website Award,큐레이션·시각 위계,center-only,5,5,5,5,5,25,"메타: Dark-schemed launching soon page (built with Webflow) for Magma, a service to help companies build sovereign, expert-trained AI agents and automation. / 관찰 소제목: Magma | Similar One Page Websites | Framer - Build better sites, faster | Mainline Next.js Next.js Template built with Tailwind CSS",한 항목에만 시선을 집중시켜 가장 미니멀하고 직관적이며 긴 CMS 문구나 다양한 포스터 비율에도 안전함.,단일 템플릿과 01/02/03 인디케이터만 유지. 전환 시 텍스트·날짜·장소도 같은 상태로 교체.,
https://onepagelove.com/marina-rachello,onepagelove.com,Marina Rachello — One Page Website Award,미니멀·에디토리얼 위계,center-only,5,5,5,5,5,25,"메타: Vibrant, bold type throughout this One Page portfolio for visual designer, Marina Rachello. / 관찰 소제목: Marina Rachello | Similar One Page Websites | Framer - Build better sites, faster | SimpleSketche",한 항목에만 시선을 집중시켜 가장 미니멀하고 직관적이며 긴 CMS 문구나 다양한 포스터 비율에도 안전함.,단일 템플릿과 01/02/03 인디케이터만 유지. 전환 시 텍스트·날짜·장소도 같은 상태로 교체.,
https://onepagelove.com/mat,onepagelove.com,Mat — One Page Website Award,큐레이션·시각 위계,center-only,5,5,5,5,5,25,"메타: One Pager (built with Framer) for Mat – an iOS app that lets users create custom home screen layouts by arranging photo cutouts on personalized digital mats. / 관찰 소제목: Mat | Similar One Page Websites | Framer - Build better sites, faster | Housemait",한 항목에만 시선을 집중시켜 가장 미니멀하고 직관적이며 긴 CMS 문구나 다양한 포스터 비율에도 안전함.,단일 템플릿과 01/02/03 인디케이터만 유지. 전환 시 텍스트·날짜·장소도 같은 상태로 교체.,
https://onepagelove.com/materials,onepagelove.com,Materials¹ — One Page Website Award,모션·상호작용,stack,4,3,4,4,4,19,"메타: Gorgeous morph of the hero object as you scroll this One Pager promoting the Materials¹ abstract design pack. / 관찰 소제목: Materials¹ | Similar One Page Websites | Framer - Build better sites, faster | Housemait",앞뒤 순서를 보여 주지만 겹침과 그림자가 정보 구조를 복잡하게 만들 수 있어 제한적 보조안으로만 적합.,"최대 3장, 동일 템플릿 컴포넌트만 사용. 회전은 ±1.5° 이하, 그림자는 한 방향으로 통일.",
https://onepagelove.com/matthew-chudnovski,onepagelove.com,Matthew Chudnovski — One Page Website Award,미니멀·에디토리얼 위계,center-only,5,5,5,5,5,25,"메타: Fun touch with the audio commentary function, within this One Page portfolio for marketing and creative director, Matthew Chudnovski. Also note how he loads up projects (via footer / 관찰 소제목: Matthew Chudnovski | Similar One Page Websites | Framer - Build better sites, faster | SimpleSketche",한 항목에만 시선을 집중시켜 가장 미니멀하고 직관적이며 긴 CMS 문구나 다양한 포스터 비율에도 안전함.,단일 템플릿과 01/02/03 인디케이터만 유지. 전환 시 텍스트·날짜·장소도 같은 상태로 교체.,
https://onepagelove.com/medium-rare,onepagelove.com,Medium Rare — One Page Website Award,큐레이션·시각 위계,center-only,5,5,5,5,5,25,"메타: Fun, interactive elements in this One Pager showcasing the work and experiments from the Medium Rare duo. / 관찰 소제목: Medium Rare | Similar One Page Websites | Framer - Build better sites, faster | Sky Clock",한 항목에만 시선을 집중시켜 가장 미니멀하고 직관적이며 긴 CMS 문구나 다양한 포스터 비율에도 안전함.,단일 템플릿과 01/02/03 인디케이터만 유지. 전환 시 텍스트·날짜·장소도 같은 상태로 교체.,
https://onepagelove.com/michael-pumo,onepagelove.com,Michael Pumo — One Page Website Award,미니멀·에디토리얼 위계,center-only,5,5,5,5,5,25,"메타: One Page portfolio (built using Storyblok CMS) for London-based freelance web designer and frontend developer, Michael Pumo. / 관찰 소제목: Michael Pumo | Similar One Page Websites | Framer - Build better sites, faster | SimpleSketche",한 항목에만 시선을 집중시켜 가장 미니멀하고 직관적이며 긴 CMS 문구나 다양한 포스터 비율에도 안전함.,단일 템플릿과 01/02/03 인디케이터만 유지. 전환 시 텍스트·날짜·장소도 같은 상태로 교체.,
https://onepagelove.com/monolog,onepagelove.com,Monolog — One Page Website Award,미니멀·에디토리얼 위계,center-only,5,5,5,5,5,25,"메타: Brilliant attention to detail and obvious care woven throughout this One Page portfolio (built with Webflow) for Monolog, the studio led by Huy “By Huy” Nguyen. / 관찰 소제목: Monolog | Similar One Page Websites | Framer - Build better sites, faster | Mainline Next.js Next.js Template built with Tailwind CSS",한 항목에만 시선을 집중시켜 가장 미니멀하고 직관적이며 긴 CMS 문구나 다양한 포스터 비율에도 안전함.,단일 템플릿과 01/02/03 인디케이터만 유지. 전환 시 텍스트·날짜·장소도 같은 상태로 교체.,
https://onepagelove.com/neuropelvic-surgery,onepagelove.com,Neuropelvic Surgery — One Page Website Award,건축 프레이밍·전시,center-only,5,5,5,5,5,25,"메타: Informational One Pager about Neuropelvic Surgery that provides pelvic health treatments and surgical solutions for women. / 관찰 소제목: Neuropelvic Surgery | Similar One Page Websites | Framer - Build better sites, faster | Architecture of Socialist-Era Belgrade",한 항목에만 시선을 집중시켜 가장 미니멀하고 직관적이며 긴 CMS 문구나 다양한 포스터 비율에도 안전함.,단일 템플릿과 01/02/03 인디케이터만 유지. 전환 시 텍스트·날짜·장소도 같은 상태로 교체.,
https://onepagelove.com/og-generator,onepagelove.com,OG Image Generator - One Page Love,큐레이션·시각 위계,stack,4,3,4,4,4,19,"메타: Paste a URL — get three designer-grade Open Graph cards in seconds. Edit any field and download the result as a JPG, ready for your <head>. / 관찰 소제목: OG Image Generator | Try a recent One Pager | ' + e.label + ' ' + e.sel + '",앞뒤 순서를 보여 주지만 겹침과 그림자가 정보 구조를 복잡하게 만들 수 있어 제한적 보조안으로만 적합.,"최대 3장, 동일 템플릿 컴포넌트만 사용. 회전은 ±1.5° 이하, 그림자는 한 방향으로 통일.",
https://onepagelove.com/onlook-cam,onepagelove.com,Onlook — One Page Website Award,큐레이션·시각 위계,center-only,5,5,5,5,5,25,"메타: Beautifully designed One Pager for Onlook, an app to view Ring camera feeds directly from your macOS menu bar. Always been a huge fan of in-page demos, where you can see exactly ho / 관찰 소제목: Onlook | Similar One Page Websites | Framer - Build better sites, faster | Housemait",한 항목에만 시선을 집중시켜 가장 미니멀하고 직관적이며 긴 CMS 문구나 다양한 포스터 비율에도 안전함.,단일 템플릿과 01/02/03 인디케이터만 유지. 전환 시 텍스트·날짜·장소도 같은 상태로 교체.,
https://onepagelove.com/pattern-breaking,onepagelove.com,Pattern Breaking — One Page Website Award,모션·상호작용,center-only,4,5,4,4,4,21,"메타: Storytelling One Pager for Pattern Breaking – an experimental project exposing manipulative tactics used by fast fashion websites to pressure customers into unnecessary purchases. / 관찰 소제목: Pattern Breaking | Similar One Page Websites | Framer - Build better sites, faster | Shopify Editions – Spring 2026",한 항목에만 시선을 집중시켜 가장 미니멀하고 직관적이며 긴 CMS 문구나 다양한 포스터 비율에도 안전함.,단일 템플릿과 01/02/03 인디케이터만 유지. 전환 시 텍스트·날짜·장소도 같은 상태로 교체.,
https://onepagelove.com/pp-neue-montreal,onepagelove.com,PP Neue Montreal — One Page Website Award,모션·상호작용,hidden-offstage,4,5,4,5,5,23,"메타: Brilliant showcase of the Neue Montreal typeface (by Pangram Pangram) throughout this long-scrolling One Pager (built with Framer). / 관찰 소제목: PP Neue Montreal | Similar One Page Websites | Framer - Build better sites, faster | Housemait",활성 템플릿만 보이고 나머지는 프레임 밖에서 대기해 구조가 가장 안정적이며 모바일·CMS·reduced-motion 대응이 쉬움.,이전/다음은 opacity 0과 x 이동으로 대기. DOM/CMS 데이터는 유지하고 시각 상태만 전환.,
https://onepagelove.com/printable-mockups,onepagelove.com,Printable Mockups — One Page Website Award,큐레이션·시각 위계,center-only,5,5,5,5,5,25,"메타: One Pager for Printable Mockups, a web app that lets users create UI mockups and wireframes using a drag-and-drop builder, then export and print them. Cheers for this Alex! / 관찰 소제목: Printable Mockups | Similar One Page Websites | Framer - Build better sites, faster | Housemait",한 항목에만 시선을 집중시켜 가장 미니멀하고 직관적이며 긴 CMS 문구나 다양한 포스터 비율에도 안전함.,단일 템플릿과 01/02/03 인디케이터만 유지. 전환 시 텍스트·날짜·장소도 같은 상태로 교체.,
https://onepagelove.com/rcl,onepagelove.com,Right-Click Logo — One Page Website Award,건축 프레이밍·전시,center-only,5,5,5,5,5,25,"메타: One Pager with a ready-to-use prompt for adding a right-click brand menu to your website logo. The interactive demo includes a real-time menu builder, so you can also preview and c / 관찰 소제목: Right-Click Logo | Similar One Page Websites | Framer - Build better sites, faster | Housemait",한 항목에만 시선을 집중시켜 가장 미니멀하고 직관적이며 긴 CMS 문구나 다양한 포스터 비율에도 안전함.,단일 템플릿과 01/02/03 인디케이터만 유지. 전환 시 텍스트·날짜·장소도 같은 상태로 교체.,
https://onepagelove.com/rectangles-fm,onepagelove.com,Rectangles.fm — One Page Website Award,큐레이션·시각 위계,center-only,5,5,5,5,5,25,"메타: Beautifully crafted One Pager (built with Framer) for Rectangles.fm delivering weekly design conversations. / 관찰 소제목: Rectangles.fm | Similar One Page Websites | Framer - Build better sites, faster | Mainline Next.js Next.js Template built with Tailwind CSS",한 항목에만 시선을 집중시켜 가장 미니멀하고 직관적이며 긴 CMS 문구나 다양한 포스터 비율에도 안전함.,단일 템플릿과 01/02/03 인디케이터만 유지. 전환 시 텍스트·날짜·장소도 같은 상태로 교체.,
https://onepagelove.com/rendez-vous-franceclat,onepagelove.com,Rendez-vous Francéclat — One Page Website Award,큐레이션·시각 위계,center-only,5,5,5,5,5,25,"메타: One Pager for Rendez-vous – a fine jewellery event launched by Francéclat. / 관찰 소제목: Rendez-vous Francéclat | Similar One Page Websites | Framer - Build better sites, faster | Sarah & Matt Wedding",한 항목에만 시선을 집중시켜 가장 미니멀하고 직관적이며 긴 CMS 문구나 다양한 포스터 비율에도 안전함.,단일 템플릿과 01/02/03 인디케이터만 유지. 전환 시 텍스트·날짜·장소도 같은 상태로 교체.,
https://onepagelove.com/root-square,onepagelove.com,Root Square — One Page Website Award,큐레이션·시각 위계,center-only,5,5,5,5,5,25,"메타: Friendly, approachable One Pager (built with Framer) for Root Square, offering online math tutoring for kids in English and Russian. The playful identity centers around a cat masco / 관찰 소제목: Root Square | Similar One Page Websites | Framer - Build better sites, faster | Mainline Next.js Next.js Template built with Tailwind CSS",한 항목에만 시선을 집중시켜 가장 미니멀하고 직관적이며 긴 CMS 문구나 다양한 포스터 비율에도 안전함.,단일 템플릿과 01/02/03 인디케이터만 유지. 전환 시 텍스트·날짜·장소도 같은 상태로 교체.,
https://onepagelove.com/rsquad,onepagelove.com,RSquad — One Page Website Award,모션·상호작용,hidden-offstage,5,5,5,5,5,25,"메타: Creative and unique One Pager (built with Webflow) for blockchain engineers, RSquad. The design direction and scroll concept is fascinating: “RSquad is a team of hardcore blockchai / 관찰 소제목: RSquad | Similar One Page Websites | Framer - Build better sites, faster | Mainline Next.js Next.js Template built with Tailwind CSS",활성 템플릿만 보이고 나머지는 프레임 밖에서 대기해 구조가 가장 안정적이며 모바일·CMS·reduced-motion 대응이 쉬움.,이전/다음은 opacity 0과 x 이동으로 대기. DOM/CMS 데이터는 유지하고 시각 상태만 전환.,
https://onepagelove.com/sarah-matt-wedding,onepagelove.com,Sarah & Matt Wedding — One Page Website Award,3D·공간 깊이,spatial-3d,3,3,2,2,3,13,"메타: Beautifully crafted One Pager sharing details about the wedding celebration of Sarah & Matt, taking place at Excelsior in Lancaster, Pennsylvania. The interactive hero, 3D invitati / 관찰 소제목: Sarah & Matt Wedding | Similar One Page Websites | Framer - Build better sites, faster | Rendez-vous Francéclat",건축 개구부의 깊이를 강화하지만 카메라·광원·가림 순서가 조금만 어긋나도 조잡해지고 모바일 비용이 큼.,단일 perspective-origin·고정 카메라·기준 PNG 전면 마스크. 사용자 조작에 따라 카메라 자체는 움직이지 않음.,
https://onepagelove.com/secret-garden-stresa,onepagelove.com,Secret Garden Stresa — One Page Website Award,큐레이션·시각 위계,center-only,5,5,5,5,5,25,"메타: Elegant One Pager for Secret Garden Stresa, a private boutique residence near Lake Maggiore. / 관찰 소제목: Secret Garden Stresa | Similar One Page Websites | Framer - Build better sites, faster | Deiterhaus",한 항목에만 시선을 집중시켜 가장 미니멀하고 직관적이며 긴 CMS 문구나 다양한 포스터 비율에도 안전함.,단일 템플릿과 01/02/03 인디케이터만 유지. 전환 시 텍스트·날짜·장소도 같은 상태로 교체.,
https://onepagelove.com/shopify-editions-spring-2026,onepagelove.com,Shopify Editions – Spring 2026 — One Page Website Award,큐레이션·시각 위계,center-only,5,5,5,5,5,25,"메타: Another spectacular landing page by Shopify for their Editions campaign, now showing Spring 2026. See their Winter edition here. / 관찰 소제목: Shopify Editions – Spring 2026 | Similar One Page Websites | Framer - Build better sites, faster | 2026 Generative AI Trends",한 항목에만 시선을 집중시켜 가장 미니멀하고 직관적이며 긴 CMS 문구나 다양한 포스터 비율에도 안전함.,단일 템플릿과 01/02/03 인디케이터만 유지. 전환 시 텍스트·날짜·장소도 같은 상태로 교체.,
https://onepagelove.com/shopify-themes,onepagelove.com,Shopify Themes,큐레이션·시각 위계,center-only,5,5,5,5,5,25,메타: Browse 2 curated shopify themes. Each reviewed with a live demo and full-page screenshots. / 관찰 소제목: Hongo Shopify Theme | Citrus Shopify Theme,한 항목에만 시선을 집중시켜 가장 미니멀하고 직관적이며 긴 CMS 문구나 다양한 포스터 비율에도 안전함.,단일 템플릿과 01/02/03 인디케이터만 유지. 전환 시 텍스트·날짜·장소도 같은 상태로 교체.,
https://onepagelove.com/simplesketche,onepagelove.com,SimpleSketche — One Page Website Award,3D·공간 깊이,excluded,1,3,1,2,1,8,"메타: An incredible 3D cube portfolio showcasing SimpleSketche, the 3D design services of Yankun Yang. / 관찰 소제목: SimpleSketche | Similar One Page Websites | Framer - Build better sites, faster | Marina Rachello",공연 템플릿의 선택·비교보다 장식 모션 또는 다른 제품 목적이 앞서 이번 캐러셀의 직접 근거로 채택하지 않음.,직접 구현 근거에서는 제외하고 표면 스타일 또는 실패 방지 사례로만 보존.,
https://onepagelove.com/sky-clock,onepagelove.com,Sky Clock — One Page Website Award,큐레이션·시각 위계,center-only,5,5,5,5,5,25,"메타: Single-serving One Pager for Sky Clock, that visualizes today’s sky as a 24-hour gradient based on cloud coverage. “Then we added the sun and moon positions as well. It’s a poetic / 관찰 소제목: Sky Clock | Similar One Page Websites | Framer - Build better sites, faster | 鳥獣戯間",한 항목에만 시선을 집중시켜 가장 미니멀하고 직관적이며 긴 CMS 문구나 다양한 포스터 비율에도 안전함.,단일 템플릿과 01/02/03 인디케이터만 유지. 전환 시 텍스트·날짜·장소도 같은 상태로 교체.,
https://onepagelove.com/supaste,onepagelove.com,Supaste — One Page Website Award,큐레이션·시각 위계,center-only,5,5,5,5,5,25,"메타: Neat interactive demo in this One Pager (built with Framer) for Supaste, a macOS notch menubar app, that organizes your copied items in a searchable timeline. / 관찰 소제목: Supaste | Similar One Page Websites | Framer - Build better sites, faster | Housemait",한 항목에만 시선을 집중시켜 가장 미니멀하고 직관적이며 긴 CMS 문구나 다양한 포스터 비율에도 안전함.,단일 템플릿과 01/02/03 인디케이터만 유지. 전환 시 텍스트·날짜·장소도 같은 상태로 교체.,
https://onepagelove.com/tenztan,onepagelove.com,Tenztan — One Page Website Award,모션·상호작용,center-only,4,5,4,5,4,22,"메타: Unique scroll experience in this dazzling One Page portfolio for Tenztan, showcasing of work by Tanmay Premee. / 관찰 소제목: Tenztan | Similar One Page Websites | Framer - Build better sites, faster | SimpleSketche",한 항목에만 시선을 집중시켜 가장 미니멀하고 직관적이며 긴 CMS 문구나 다양한 포스터 비율에도 안전함.,단일 템플릿과 01/02/03 인디케이터만 유지. 전환 시 텍스트·날짜·장소도 같은 상태로 교체.,
https://onepagelove.com/thayon,onepagelove.com,Thayon — One Page Website Award,큐레이션·시각 위계,center-only,5,5,5,5,5,25,"메타: One Pager (built with Framer) for Thayon, a service that connects AI researchers and engineers with hard-to-find, specialized job opportunities. / 관찰 소제목: Thayon | Similar One Page Websites | Framer - Build better sites, faster | Mainline Next.js Next.js Template built with Tailwind CSS",한 항목에만 시선을 집중시켜 가장 미니멀하고 직관적이며 긴 CMS 문구나 다양한 포스터 비율에도 안전함.,단일 템플릿과 01/02/03 인디케이터만 유지. 전환 시 텍스트·날짜·장소도 같은 상태로 교체.,
https://onepagelove.com/tori,onepagelove.com,Tori by TalkJS — One Page Website Award,큐레이션·시각 위계,center-only,5,5,5,5,5,25,"메타: Terminal-inspired One Pager for Tori, an AI support agent (by TalkJS) for dev tools. / 관찰 소제목: Tori by TalkJS | Similar One Page Websites | Framer - Build better sites, faster | Housemait",한 항목에만 시선을 집중시켜 가장 미니멀하고 직관적이며 긴 CMS 문구나 다양한 포스터 비율에도 안전함.,단일 템플릿과 01/02/03 인디케이터만 유지. 전환 시 텍스트·날짜·장소도 같은 상태로 교체.,
https://onepagelove.com/triple-kingdom,onepagelove.com,Triple Kingdom — One Page Website Award,모션·상호작용,hidden-offstage,3,5,4,4,4,20,"메타: Fun and creative Landing page for Triple Kingdom, the match & merge city-builder game by Peter Hinton. The testimonial/rating animation as you scroll down is delightful! / 관찰 소제목: Triple Kingdom | Similar One Page Websites | Framer - Build better sites, faster | Housemait",활성 템플릿만 보이고 나머지는 프레임 밖에서 대기해 구조가 가장 안정적이며 모바일·CMS·reduced-motion 대응이 쉬움.,이전/다음은 opacity 0과 x 이동으로 대기. DOM/CMS 데이터는 유지하고 시각 상태만 전환.,
https://onepagelove.com/vault-ai,onepagelove.com,Vault AI — One Page Website Award,큐레이션·시각 위계,center-only,5,5,5,5,5,25,"메타: Dark-schemed One Pager for Vault AI, a financial management platform that helps small businesses track transactions and automate manual accounting work. / 관찰 소제목: Vault AI | Similar One Page Websites | Framer - Build better sites, faster | Billow",한 항목에만 시선을 집중시켜 가장 미니멀하고 직관적이며 긴 CMS 문구나 다양한 포스터 비율에도 안전함.,단일 템플릿과 01/02/03 인디케이터만 유지. 전환 시 텍스트·날짜·장소도 같은 상태로 교체.,
https://onepagelove.com/waxyweb,onepagelove.com,WaxyWeb — One Page Website Award,큐레이션·시각 위계,center-only,5,5,5,5,5,25,"메타: Vibrant One Pager filled with positive vibes for Waxy Web creative agency. / 관찰 소제목: WaxyWeb | Similar One Page Websites | Framer - Build better sites, faster | SimpleSketche",한 항목에만 시선을 집중시켜 가장 미니멀하고 직관적이며 긴 CMS 문구나 다양한 포스터 비율에도 안전함.,단일 템플릿과 01/02/03 인디케이터만 유지. 전환 시 텍스트·날짜·장소도 같은 상태로 교체.,
https://onepagelove.com/weppy,onepagelove.com,Weppy — One Page Website Award,큐레이션·시각 위계,center-only,5,5,5,5,5,25,"메타: Neat One Pager for Weppy – a free macOS desktop app that resizes and optimizes images offline with lossless. / 관찰 소제목: Weppy | Similar One Page Websites | Framer - Build better sites, faster | Housemait",한 항목에만 시선을 집중시켜 가장 미니멀하고 직관적이며 긴 CMS 문구나 다양한 포스터 비율에도 안전함.,단일 템플릿과 01/02/03 인디케이터만 유지. 전환 시 텍스트·날짜·장소도 같은 상태로 교체.,
https://onepagelove.com/wordpress-themes,onepagelove.com,One Page WordPress Themes,큐레이션·시각 위계,center-only,5,5,5,5,5,25,"메타: Browse 40 curated one page wordpress themes. Each reviewed with a live demo and full-page screenshots. / 관찰 소제목: Crafto Music WordPress Theme | Crafto Freelancer WordPress Theme | Framer - Build better sites, faster | Crafto Product WordPress Theme",한 항목에만 시선을 집중시켜 가장 미니멀하고 직관적이며 긴 CMS 문구나 다양한 포스터 비율에도 안전함.,단일 템플릿과 01/02/03 인디케이터만 유지. 전환 시 텍스트·날짜·장소도 같은 상태로 교체.,
https://onepagelove.com/world-cup-next,onepagelove.com,World Cup Next — One Page Website Award,큐레이션·시각 위계,center-only,5,5,5,5,5,25,"메타: Very useful single-serving One Pager providing the kick off time and stadium/tv info, for the next couple of World Cup matches. / 관찰 소제목: World Cup Next | Similar One Page Websites | Framer - Build better sites, faster | Sky Clock",한 항목에만 시선을 집중시켜 가장 미니멀하고 직관적이며 긴 CMS 문구나 다양한 포스터 비율에도 안전함.,단일 템플릿과 01/02/03 인디케이터만 유지. 전환 시 텍스트·날짜·장소도 같은 상태로 교체.,
