analysis_id,original_evidence_id,evidence_origin,option_code,option_name,source,domain,url,title,observed_evidence,source_pattern,relation_basis,evidence_strength_1_5,smyc_minimalism_fit_1_10,cognitive_clarity_1_10,motion_risk_1_10,recommendation_role,classification_note
1,678,679-row verified ledger reclassification,A,건축 포켓에 일부 노출,Codrops,tympanus.net,https://tympanus.net/codrops/css_reference/perspective/,perspective | Codrops,"개별 페이지의 title·meta·공개 본문에서 확인된 키워드: perspective, depth, 3d, webgl, layer, mask, clip, window, loop, animation, motion, transition, scroll, portfolio, grid, performance",공유 원근·깊이 | 레이어·마스크 | 캐러셀·순환 | 모션·전환 | 미니멀·편집 | 성능·접근성,"mask, 마스크, 가림, 개구부, 건축, depth, 깊이, perspective, layer, 레이어",5,10,9,3,primary support,채택
2,679,679-row verified ledger reclassification,A,건축 포켓에 일부 노출,Codrops,tympanus.net,https://tympanus.net/codrops/css_reference/transform/,transform | Codrops,"개별 페이지의 title·meta·공개 본문에서 확인된 키워드: perspective, depth, 3d, webgl, mask, clip, window, horizontal, animation, transition, scroll, interaction, portfolio, grid, performance",공유 원근·깊이 | 레이어·마스크 | 캐러셀·순환 | 모션·전환 | 미니멀·편집 | 성능·접근성,"mask, 마스크, 가림, 개구부, 건축, depth, 깊이, perspective, 레이어",5,10,9,3,primary support,채택
3,297,679-row verified ledger reclassification,A,건축 포켓에 일부 노출,Codrops,tympanus.net,https://tympanus.net/codrops/2013/02/27/image-techniques-for-creating-depth-in-web-design/,Image Techniques for Creating Depth in Web Design | Codrops,"개별 페이지의 title·meta·공개 본문에서 확인된 키워드: perspective, depth, 3d, webgl, layer, clip, window, animation, motion, transition, scroll, portfolio, grid, performance",공유 원근·깊이 | 레이어·마스크 | 모션·전환 | 미니멀·편집 | 성능·접근성,"마스크, 가림, 개구부, 건축, depth, 깊이, perspective, layer, 레이어",5,10,9,3,primary support,채택
4,526,679-row verified ledger reclassification,A,건축 포켓에 일부 노출,Codrops,tympanus.net,https://tympanus.net/codrops/2025/10/29/building-a-layered-zoom-scroll-effect-with-gsap-scrollsmoother-and-scrolltrigger/,Building a Layered Zoom Scroll Effect with GSAP ScrollSmoother and ScrollTrigger,"Codrops 공식 WordPress API 제목·초록에서 확인된 키워드: depth, layer, layered, animation, scroll, gsap",공유 원근·깊이 | 레이어·마스크 | 모션·전환,"마스크, 가림, 개구부, 건축, depth, 깊이, layer, 레이어",5,9,8,2,primary support,채택
5,640,679-row verified ledger reclassification,A,건축 포켓에 일부 노출,Codrops,tympanus.net,https://tympanus.net/codrops/2026/05/28/the-never-ending-story-building-a-seamless-infinite-scroll-experience-with-gsap-lenis/,The Never Ending Story: Building a Seamless Infinite Scroll Experience with GSAP & Lenis,"Codrops 공식 WordPress API 제목·초록에서 확인된 키워드: depth, layer, layered, infinite, scroll, gsap, parallax",공유 원근·깊이 | 레이어·마스크 | 캐러셀·순환 | 모션·전환,"마스크, 가림, 개구부, 건축, depth, 깊이, layer, 레이어",5,9,8,3,primary support,채택
6,667,679-row verified ledger reclassification,A,건축 포켓에 일부 노출,Codrops,tympanus.net,https://tympanus.net/codrops/2026/07/15/the-architecture-behind-trionn-coordinating-gsap-three-js-lenis-and-web-audio/,"The Architecture Behind Trionn: Coordinating GSAP, Three.js, Lenis, and Web Audio","Codrops 공식 WordPress API 제목·초록에서 확인된 키워드: three.js, architecture, layer, animation, interaction, gsap",공유 원근·깊이 | 레이어·마스크 | 모션·전환,"마스크, 가림, 개구부, architect, 건축, 깊이, layer, 레이어",5,9,8,2,primary support,채택
7,60,679-row verified ledger reclassification,A,건축 포켓에 일부 노출,Awwwards,awwwards.com,https://www.awwwards.com/sites/spotify-wrapped-party,Spotify Wrapped Party - Awwwards SOTD,Awwwards 개별 사례 페이지의 title·meta description에서 확인된 키워드: layer,레이어·마스크,"마스크, 가림, 개구부, 건축, 깊이, layer, 레이어",5,9,8,2,primary support,채택
8,14,679-row verified ledger reclassification,A,건축 포켓에 일부 노출,Awwwards,awwwards.com,https://www.awwwards.com/sites/cobloc,Cobloc - Awwwards Honorable Mention,Awwwards 개별 사례 페이지의 title·meta description에서 확인된 키워드: architecture,공유 원근·깊이,"가림, 개구부, architect, 건축, 깊이, 레이어",5,9,8,2,primary support,채택
9,35,679-row verified ledger reclassification,A,건축 포켓에 일부 노출,Awwwards,awwwards.com,https://www.awwwards.com/sites/kononenko-architectural-bureau,Kononenko Architectural Bureau - Awwwards Honorable Mention,"Awwwards 개별 사례 페이지의 title·meta description에서 확인된 키워드: architectural, minimal, typography",공유 원근·깊이 | 미니멀·편집,"가림, 개구부, architect, 건축, 깊이, 레이어",5,10,8,2,primary support,채택
10,44,679-row verified ledger reclassification,A,건축 포켓에 일부 노출,Awwwards,awwwards.com,https://www.awwwards.com/sites/mr-day,Mr Day - Awwwards Honorable Mention,"Awwwards 개별 사례 페이지의 title·meta description에서 확인된 키워드: architecture, animation",공유 원근·깊이 | 모션·전환,"가림, 개구부, architect, 건축, 깊이, 레이어",5,9,8,2,primary support,채택
11,53,679-row verified ledger reclassification,A,건축 포켓에 일부 노출,Awwwards,awwwards.com,https://www.awwwards.com/sites/pelizzari-studio-2,Pelizzari Studio - Awwwards Honorable Mention,Awwwards 개별 사례 페이지의 title·meta description에서 확인된 키워드: architecture,공유 원근·깊이,"가림, 개구부, architect, 건축, 깊이, 레이어",5,9,8,2,primary support,채택
12,217,679-row verified ledger reclassification,A,건축 포켓에 일부 노출,onepagelove.com,onepagelove.com,https://onepagelove.com/alterg-resources,AlterG Resources — One Page Website Award,"메타: Lovely logomark integration (using a masked blur effect) in the hero of this landing page (built with Webflow) for AlterG Resources. / 관찰 소제목: AlterG Resources | Similar One Page Websites | Framer - Build better sites, faster | Architecture of Socialist-Era Belgrade",건축 프레이밍·전시,"mask, 가림, 개구부, architect, 건축",5,9,8,2,primary support,검토
13,22,679-row verified ledger reclassification,A,건축 포켓에 일부 노출,Awwwards,awwwards.com,https://www.awwwards.com/sites/ducati-superleggera-v4,Ducati Superleggera V4 - Awwwards Honorable Mention,Awwwards 개별 사례 페이지의 title·meta description에서 확인된 키워드: immersive,공유 원근·깊이,"가림, 개구부, 건축, 깊이, 레이어",5,9,8,3,primary support,채택
14,222,679-row verified ledger reclassification,A,건축 포켓에 일부 노출,onepagelove.com,onepagelove.com,https://onepagelove.com/belgrade-architecture,Architecture of Socialist-Era Belgrade — One Page Website Award,"메타: Storytelling One Pager (built with Webflow) paying homage to the Architecture of Socialist-Era Belgrade. / 관찰 소제목: Architecture of Socialist-Era Belgrade | Similar One Page Websites | Framer - Build better sites, faster | Neuropelvic Surgery",건축 프레이밍·전시,"가림, 개구부, architect, 건축",5,9,8,2,primary support,검토
15,255,679-row verified ledger reclassification,A,건축 포켓에 일부 노출,onepagelove.com,onepagelove.com,https://onepagelove.com/neuropelvic-surgery,Neuropelvic Surgery — One Page Website Award,"메타: Informational One Pager about Neuropelvic Surgery that provides pelvic health treatments and surgical solutions for women. / 관찰 소제목: Neuropelvic Surgery | Similar One Page Websites | Framer - Build better sites, faster | Architecture of Socialist-Era Belgrade",건축 프레이밍·전시,"가림, 개구부, architect, 건축",5,9,8,2,primary support,검토
16,261,679-row verified ledger reclassification,A,건축 포켓에 일부 노출,onepagelove.com,onepagelove.com,https://onepagelove.com/rcl,Right-Click Logo — One Page Website Award,"메타: One Pager with a ready-to-use prompt for adding a right-click brand menu to your website logo. The interactive demo includes a real-time menu builder, so you can also preview and c / 관찰 소제목: Right-Click Logo | Similar One Page Websites | Framer - Build better sites, faster | Housemait",건축 프레이밍·전시,"가림, 개구부, 건축",5,9,8,2,primary support,검토
17,218,679-row verified ledger reclassification,A,건축 포켓에 일부 노출,onepagelove.com,onepagelove.com,https://onepagelove.com/anatolii-grashchenko,Anatolii Grashchenko — One Page Website Award,"메타: Unique personal One Pager for creative technologist Anatolii Grashchenko, featuring a 3D scan of him working and live vitals streamed from his smartwatch. / 관찰 소제목: Anatolii Grashchenko | Similar One Page Websites | Framer - Build better sites, faster | Sky Clock",3D·공간 깊이,"가림, 깊이, 공간",4,9,8,3,primary support,검토
18,221,679-row verified ledger reclassification,A,건축 포켓에 일부 노출,onepagelove.com,onepagelove.com,https://onepagelove.com/belen-jones,Belen Jones — One Page Website Award,"메타: Unique, brutalist One Pager for Belen Jones – featuring a 3D cube rotating projects. / 관찰 소제목: Belen Jones | Similar One Page Websites | Framer - Build better sites, faster | SimpleSketche",3D·공간 깊이,"가림, 깊이, 공간",4,9,8,3,primary support,검토
19,165,679-row verified ledger reclassification,A,건축 포켓에 일부 노출,muz.li,muz.li,https://muz.li/blog/weekly-designers-update-519/,Weekly Designers Update #519 | Muzli Blog,"메타: Weekly inspiration packed with bold portfolios, smart tools, creative trends – and plenty more to explore. / 관찰 소제목: Weekly Designers Update #519 | Your weekly dose of design inspiration, featuring the hottest projects, must-have tools, and game-changing products. | 🏆 Muzli Community Uploads | Geex | UI/UX Design, Branding & Developmen",미니멀·에디토리얼 위계,레이어,3,10,8,2,primary support,검토
20,172,679-row verified ledger reclassification,A,건축 포켓에 일부 노출,muz.li,muz.li,https://muz.li/blog/weekly-designers-update-526/,Weekly Designers Update #526 | Muzli Blog,"메타: Weekly inspiration packed with bold portfolios, smart tools, creative trends, and plenty more to explore. / 관찰 소제목: Weekly Designers Update #526 | Your weekly dose of design inspiration, featuring the hottest projects, must-have tools, and game-changing products. | 🏆 Muzli Community Uploads | Iventions",미니멀·에디토리얼 위계,레이어,3,10,8,2,primary support,검토
21,179,679-row verified ledger reclassification,A,건축 포켓에 일부 노출,muz.li,muz.li,https://muz.li/blog/weekly-designers-update-533/,Weekly Designers Update #533 | Muzli Blog,"메타: Weekly inspiration packed with bold portfolios, smart tools, creative trends – and plenty more to explore. / 관찰 소제목: Weekly Designers Update #533 | Your weekly dose of design inspiration, featuring the hottest projects, must-have tools, and game-changing products. | 🏆 Muzli Community Uploads | Amaterasu",미니멀·에디토리얼 위계,레이어,3,10,8,2,primary support,검토
22,180,679-row verified ledger reclassification,A,건축 포켓에 일부 노출,muz.li,muz.li,https://muz.li/blog/weekly-designers-update-534/,Weekly Designers Update #534 | Muzli Blog,"메타: Weekly inspiration packed with bold portfolios, smart tools, creative trends – and plenty more to explore. / 관찰 소제목: Weekly Designers Update #534 | Your weekly dose of design inspiration, featuring the hottest projects, must-have tools, and game-changing products. | 🔥 Must-See Design Picks | NYC Music OS",미니멀·에디토리얼 위계,레이어,3,10,8,2,primary support,검토
23,181,679-row verified ledger reclassification,A,건축 포켓에 일부 노출,muz.li,muz.li,https://muz.li/blog/weekly-designers-update-535/,Weekly Designers Update #535 | Muzli Blog,"메타: Weekly inspiration packed with bold portfolios, smart tools, creative trends – and plenty more to explore. / 관찰 소제목: Weekly Designers Update #535 | 🔥 Must-See Design Picks | The Pendragon Cycle — Rise of the Merlin | Google Santa Tracker",미니멀·에디토리얼 위계,레이어,3,10,8,2,primary support,검토
24,187,679-row verified ledger reclassification,A,건축 포켓에 일부 노출,muz.li,muz.li,https://muz.li/blog/weekly-designers-update-541/,Weekly Designers Update #541 | Muzli Blog,"메타: Weekly inspiration featuring futuristic portfolios, smart tools, and creative design twists. / 관찰 소제목: Weekly Designers Update #541 | Your weekly dose of design inspiration, featuring the hottest projects, must-have tools, and game-changing products. | 🔥 Must-See Design Picks | Jason Bergh",미니멀·에디토리얼 위계,레이어,3,10,8,2,primary support,검토
25,491,679-row verified ledger reclassification,A,건축 포켓에 일부 노출,Codrops,tympanus.net,https://tympanus.net/codrops/2025/08/28/interactive-video-projection-mapping-with-three-js/,Interactive Video Projection Mapping with Three.js,"Codrops 공식 WordPress API 제목·초록에서 확인된 키워드: 3d, three.js, mask, motion, interactive, grid",공유 원근·깊이 | 레이어·마스크 | 모션·전환 | 미니멀·편집,"mask, 마스크, 가림, 개구부, 건축, 깊이, 레이어",5,10,8,3,primary support,채택
26,627,679-row verified ledger reclassification,A,건축 포켓에 일부 노출,Codrops,tympanus.net,https://tympanus.net/codrops/2026/05/02/designing-against-the-gallery-a-two-year-journey-to-a-layered-portfolio-experience/,Designing Against the Gallery: A Two-Year Journey to a Layered Portfolio Experience,"Codrops 공식 WordPress API 제목·초록에서 확인된 키워드: layer, layered, gallery, portfolio",레이어·마스크 | 캐러셀·순환 | 미니멀·편집,"마스크, 가림, 개구부, 건축, 깊이, layer, 레이어, gallery",5,10,8,2,primary support,채택
27,508,679-row verified ledger reclassification,A,건축 포켓에 일부 노출,Codrops,tympanus.net,https://tympanus.net/codrops/2025/10/03/fluid-worlds-and-layered-visions-tomoya-okadas-digital-craft/,Fluid Worlds and Layered Visions: Tomoya Okada’s Digital Craft,"Codrops 공식 WordPress API 제목·초록에서 확인된 키워드: immersive, layer, layered, motion",공유 원근·깊이 | 레이어·마스크 | 모션·전환,"마스크, 가림, 개구부, 건축, 깊이, layer, 레이어",5,9,8,3,primary support,채택
28,592,679-row verified ledger reclassification,A,건축 포켓에 일부 노출,Codrops,tympanus.net,https://tympanus.net/codrops/2026/03/04/webgl-for-designers-creating-interactive-shader-driven-graphics-directly-in-the-browser/,"WebGL for Designers: Creating Interactive, Shader-Driven Graphics Directly in the Browser","Codrops 공식 WordPress API 제목·초록에서 확인된 키워드: webgl, layer, interactive",공유 원근·깊이 | 레이어·마스크 | 모션·전환,"마스크, 가림, 개구부, 건축, 깊이, layer, 레이어",5,9,8,3,primary support,채택
29,41,679-row verified ledger reclassification,A,건축 포켓에 일부 노출,Awwwards,awwwards.com,https://www.awwwards.com/sites/made-with-gsap-1,Made With Gsap - Awwwards SOTD,Awwwards 개별 사례 페이지의 title·meta description에서 확인된 키워드: gsap,모션·전환,"가림, 개구부, 건축, 깊이, 레이어",5,9,8,2,primary support,채택
30,49,679-row verified ledger reclassification,A,건축 포켓에 일부 노출,Awwwards,awwwards.com,https://www.awwwards.com/sites/obys-r-experiment-space,Obys® Experiment Space - Awwwards SOTD,Awwwards 개별 사례 페이지의 title·meta description에서 확인된 키워드: interactive,모션·전환,"가림, 개구부, 건축, 깊이, 레이어",5,9,8,2,primary support,채택
31,70,679-row verified ledger reclassification,A,건축 포켓에 일부 노출,Awwwards,awwwards.com,https://www.awwwards.com/sites/yungbld-creative-studio,YUNGBLD CREATIVE STUDIO - Awwwards Honorable Mention,Awwwards 개별 사례 페이지의 title·meta description에서 확인된 키워드: animation,모션·전환,"가림, 개구부, 건축, 깊이, 레이어",5,9,8,2,primary support,채택
32,1,679-row verified ledger reclassification,A,건축 포켓에 일부 노출,Awwwards,awwwards.com,https://www.awwwards.com/sites/20-years-inspired-by-people,20 Years Inspired by People - Awwwards Honorable Mention,Awwwards 개별 사례 페이지의 title·meta description에서 확인된 키워드: 관련 기술 키워드 없음,직접 관련 패턴 미확인,"마스크, 개구부, 레이어",4,9,8,2,primary support,배제
33,253,679-row verified ledger reclassification,A,건축 포켓에 일부 노출,onepagelove.com,onepagelove.com,https://onepagelove.com/michael-pumo,Michael Pumo — One Page Website Award,"메타: One Page portfolio (built using Storyblok CMS) for London-based freelance web designer and frontend developer, Michael Pumo. / 관찰 소제목: Michael Pumo | Similar One Page Websites | Framer - Build better sites, faster | SimpleSketche",미니멀·에디토리얼 위계,레이어,3,10,8,2,primary support,검토
34,254,679-row verified ledger reclassification,A,건축 포켓에 일부 노출,onepagelove.com,onepagelove.com,https://onepagelove.com/monolog,Monolog — One Page Website Award,"메타: Brilliant attention to detail and obvious care woven throughout this One Page portfolio (built with Webflow) for Monolog, the studio led by Huy “By Huy” Nguyen. / 관찰 소제목: Monolog | Similar One Page Websites | Framer - Build better sites, faster | Mainline Next.js Next.js Template built with Tailwind CSS",미니멀·에디토리얼 위계,레이어,3,10,8,2,primary support,검토
35,457,679-row verified ledger reclassification,A,건축 포켓에 일부 노출,Codrops,tympanus.net,https://tympanus.net/codrops/2025/05/27/animated-product-grid-preview-with-gsap-clip-path/,Animated Product Grid Preview with GSAP & Clip-Path,"Codrops 공식 WordPress API 제목·초록에서 확인된 키워드: clip, interactive, gsap, grid",레이어·마스크 | 모션·전환 | 미니멀·편집,"마스크, 가림, 개구부, 건축, 깊이, 레이어",5,10,8,2,primary support,채택
36,293,679-row verified ledger reclassification,B,완전 숨김 후 전환 시 등장,Codrops,tympanus.net,https://tympanus.net/codrops/2012/04/30/fluid-css3-slideshow-with-parallax-effect/,Fluid CSS3 Slideshow with Parallax Effect | Codrops,"개별 페이지의 title·meta·공개 본문에서 확인된 키워드: depth, 3d, webgl, three.js, clip, reveal, window, carousel, slider, slideshow, animation, transition, scroll, interaction, portfolio, grid, performance",공유 원근·깊이 | 레이어·마스크 | 캐러셀·순환 | 모션·전환 | 미니멀·편집 | 성능·접근성,"reveal, transition, 전환, slide, 모션, interaction, 마스크, clip",5,8,7,7,comparative evidence,채택
37,282,679-row verified ledger reclassification,B,완전 숨김 후 전환 시 등장,Codrops,tympanus.net,https://tympanus.net/codrops/?p=21765,perspective-origin | Codrops,"개별 페이지의 title·meta·공개 본문에서 확인된 키워드: perspective, 3d, webgl, three.js, mask, clip, window, loop, horizontal, animation, motion, transition, scroll, portfolio, grid, performance",공유 원근·깊이 | 레이어·마스크 | 캐러셀·순환 | 모션·전환 | 미니멀·편집 | 성능·접근성,"transition, 전환, motion, 모션, mask, 마스크, clip",5,8,7,7,comparative evidence,채택
38,581,679-row verified ledger reclassification,B,완전 숨김 후 전환 시 등장,Codrops,tympanus.net,https://tympanus.net/codrops/2026/02/18/joffrey-spitzer-portfolio-a-minimalist-astro-gsap-build-with-reveals-flip-transitions-and-subtle-motion/,"Joffrey Spitzer Portfolio: A Minimalist Astro + GSAP Build with Reveals, Flip Transitions and Subtle Motion","Codrops 공식 WordPress API 제목·초록에서 확인된 키워드: reveal, animation, motion, transition, gsap, minimal, portfolio",레이어·마스크 | 모션·전환 | 미니멀·편집,"reveal, transition, 전환, motion, 모션, 마스크",5,8,6,6,comparative evidence,채택
39,596,679-row verified ledger reclassification,B,완전 숨김 후 전환 시 등장,Codrops,tympanus.net,https://tympanus.net/codrops/2026/03/11/svg-mask-transitions-on-scroll-with-gsap-and-scrolltrigger/,SVG Mask Transitions on Scroll with GSAP and ScrollTrigger,"Codrops 공식 WordPress API 제목·초록에서 확인된 키워드: mask, reveal, transition, scroll, gsap, grid",레이어·마스크 | 모션·전환 | 미니멀·편집,"reveal, transition, 전환, 모션, mask, 마스크",5,8,6,6,comparative evidence,채택
40,630,679-row verified ledger reclassification,B,완전 숨김 후 전환 시 등장,Codrops,tympanus.net,https://tympanus.net/codrops/2026/05/06/from-shader-uniforms-to-clip-path-wipes-how-gsap-drives-my-portfolio/,From Shader Uniforms to Clip-Path Wipes: How GSAP Drives My Portfolio,"Codrops 공식 WordPress API 제목·초록에서 확인된 키워드: clip, reveal, gsap, portfolio",레이어·마스크 | 모션·전환 | 미니멀·편집,"reveal, 전환, 모션, 마스크, clip, wipe",5,8,6,6,comparative evidence,채택
41,573,679-row verified ledger reclassification,B,완전 숨김 후 전환 시 등장,Codrops,tympanus.net,https://tympanus.net/codrops/2026/02/02/building-a-scroll-revealed-webgl-gallery-with-gsap-three-js-astro-and-barba-js/,"Building a Scroll-Revealed WebGL Gallery with GSAP, Three.js, Astro and Barba.js","Codrops 공식 WordPress API 제목·초록에서 확인된 키워드: webgl, three.js, reveal, gallery, transition, scroll, gsap",공유 원근·깊이 | 레이어·마스크 | 캐러셀·순환 | 모션·전환,"reveal, transition, 전환, 모션, 마스크",5,7,6,7,comparative evidence,채택
42,40,679-row verified ledger reclassification,B,완전 숨김 후 전환 시 등장,Awwwards,awwwards.com,https://www.awwwards.com/sites/made-in-may,Made in May - Awwwards Honorable Mention,"Awwwards 개별 사례 페이지의 title·meta description에서 확인된 키워드: transition, interaction",모션·전환,"transition, 전환, 모션, interaction",5,7,6,6,comparative evidence,채택
43,8,679-row verified ledger reclassification,B,완전 숨김 후 전환 시 등장,Awwwards,awwwards.com,https://www.awwwards.com/sites/artem-shcherbakov,Artem Shcherbakov - Awwwards SOTD,"Awwwards 개별 사례 페이지의 title·meta description에서 확인된 키워드: webgl, transition, interactive, portfolio, typography",공유 원근·깊이 | 모션·전환 | 미니멀·편집,"transition, 전환, 모션",5,8,6,7,comparative evidence,채택
44,4,679-row verified ledger reclassification,B,완전 숨김 후 전환 시 등장,Awwwards,awwwards.com,https://www.awwwards.com/sites/ai-in-design-report-2026,Ai in Design Report 2026 - Awwwards Honorable Mention,"Awwwards 개별 사례 페이지의 title·meta description에서 확인된 키워드: motion, editorial",모션·전환 | 미니멀·편집,"전환, motion, 모션",5,8,6,6,comparative evidence,채택
45,5,679-row verified ledger reclassification,B,완전 숨김 후 전환 시 등장,Awwwards,awwwards.com,https://www.awwwards.com/sites/alethia,Alethia - Awwwards Honorable Mention,Awwwards 개별 사례 페이지의 title·meta description에서 확인된 키워드: interaction,모션·전환,"전환, 모션, interaction",5,7,6,6,comparative evidence,채택
46,29,679-row verified ledger reclassification,B,완전 숨김 후 전환 시 등장,Awwwards,awwwards.com,https://www.awwwards.com/sites/hiroto-sato,Hiroto Sato - Awwwards SOTD,"Awwwards 개별 사례 페이지의 title·meta description에서 확인된 키워드: 3d, motion, interactive, portfolio",공유 원근·깊이 | 모션·전환 | 미니멀·편집,"전환, motion, 모션",5,8,6,7,comparative evidence,채택
47,48,679-row verified ledger reclassification,B,완전 숨김 후 전환 시 등장,Awwwards,awwwards.com,https://www.awwwards.com/sites/normal-is-boring,NORMAL IS BORING - Awwwards SOTD,Awwwards 개별 사례 페이지의 title·meta description에서 확인된 키워드: motion,모션·전환,"전환, motion, 모션",5,7,6,6,comparative evidence,채택
48,175,679-row verified ledger reclassification,B,완전 숨김 후 전환 시 등장,muz.li,muz.li,https://muz.li/blog/weekly-designers-update-529/,Weekly Designers Update #529 | Muzli Blog,"메타: A curated roundup of cutting-edge design projects, tools, and trends, your weekly creative boost from Muzli. / 관찰 소제목: Weekly Designers Update #529 | 🏆 Muzli Community Uploads | Nas Illmatic | Design Trends 2026: Where AI Meets Emotion",모션·상호작용,"전환, motion, 모션",3,7,6,6,comparative evidence,검토
49,228,679-row verified ledger reclassification,B,완전 숨김 후 전환 시 등장,onepagelove.com,onepagelove.com,https://onepagelove.com/experience-lab,Experience.Lab — One Page Website Award,"메타: Motion-led One Pager (built with Framer) for Experience.Lab – Publicis Groupe Japan’s hub delivering solutions across APAC. Really love how they integrated the team members on hove / 관찰 소제목: Experience.Lab | Similar One Page Websites | Framer - Build better sites, faster | Mainline Next.js Next.js Template built with Tailwind CSS",모션·상호작용,"전환, motion, 모션",3,7,6,6,comparative evidence,검토
50,241,679-row verified ledger reclassification,B,완전 숨김 후 전환 시 등장,onepagelove.com,onepagelove.com,https://onepagelove.com/johny-vino,Johny Vino — One Page Website Award,"메타: Slick One Page portfolio for Johny Vino, showcasing his product and UX/UI design work within horizontal sliders. / 관찰 소제목: Johny Vino | Similar One Page Websites | Framer - Build better sites, faster | SimpleSketche",캐러셀·갤러리 전환,"전환, slide",3,7,6,6,comparative evidence,검토
51,72,679-row verified ledger reclassification,B,완전 숨김 후 전환 시 등장,figma.com,figma.com,https://www.figma.com/community/file/1337383844852052585/parallax-scrolling-example,Parallax-Scrolling-Example | Figma,메타: Simple prototype showing parallax animation,모션·상호작용,"전환, 모션",3,7,6,7,comparative evidence,검토
52,121,679-row verified ledger reclassification,B,완전 숨김 후 전환 시 등장,muz.li,muz.li,https://muz.li/blog/weekly-designers-update-475/,Weekly Designers Update #475 | Muzli Blog,"메타: Web design inspiration, weekly recap / 관찰 소제목: Weekly Designers Update #475 | Web design inspiration | Monkey Talkie — Creative Video Agency | The Line Studio — Animation Studio London",모션·상호작용,"전환, 모션",3,7,6,6,comparative evidence,검토
53,145,679-row verified ledger reclassification,B,완전 숨김 후 전환 시 등장,muz.li,muz.li,https://muz.li/blog/weekly-designers-update-499/,Weekly Designers Update #499 | Muzli Blog,"메타: Web design inspiration, weekly recap / 관찰 소제목: Weekly Designers Update #499 | 🔥 Must-See Design Picks | Basement Studio — A Virtual Space with Real-World Attitude | Navigate — Engaging Illustrations and Subtle Scroll Animations",모션·상호작용,"전환, 모션",3,7,6,6,comparative evidence,검토
54,166,679-row verified ledger reclassification,B,완전 숨김 후 전환 시 등장,muz.li,muz.li,https://muz.li/blog/weekly-designers-update-520/,Weekly Designers Update #520 | Muzli Blog,"메타: Weekly inspiration packed with bold portfolios, smart tools, creative trends – and plenty more to explore. / 관찰 소제목: Weekly Designers Update #520 | Your weekly dose of design inspiration, featuring the hottest projects, must-have tools, and game-changing products. | 🏆 Muzli Community Uploads | Hover Exploration №002",모션·상호작용,"전환, 모션",3,7,6,6,comparative evidence,검토
55,227,679-row verified ledger reclassification,B,완전 숨김 후 전환 시 등장,onepagelove.com,onepagelove.com,https://onepagelove.com/digital-original-xr,Digital Original XR — One Page Website Award,"메타: Incredibly impressive meta quest demo that activates as you scroll this One Pager for Digital Original XR. The app experience lets users view art in virtual and mixed reality, brow / 관찰 소제목: Digital Original XR | Similar One Page Websites | Framer - Build better sites, faster | Housemait",모션·상호작용,"전환, 모션",3,7,6,6,comparative evidence,검토
56,230,679-row verified ledger reclassification,B,완전 숨김 후 전환 시 등장,onepagelove.com,onepagelove.com,https://onepagelove.com/fourmula,Fourmula — One Page Website Award,"메타: One Pager (built with Webflow) for an AI product generator tool called Fourmula. Always a fan of an interactive onboarding before scrolling, well played. / 관찰 소제목: Fourmula | Similar One Page Websites | Framer - Build better sites, faster | Housemait",모션·상호작용,"전환, 모션",3,7,6,6,comparative evidence,검토
57,234,679-row verified ledger reclassification,B,완전 숨김 후 전환 시 등장,onepagelove.com,onepagelove.com,https://onepagelove.com/glyphs-grids,Glyphs & Grids — One Page Website Award,"메타: Playful inline icon animations bring charm to the storytelling in this launching soon page for Glyphs & Grids, a macOS font manager. / 관찰 소제목: Glyphs & Grids | Similar One Page Websites | Framer - Build better sites, faster | Housemait",모션·상호작용,"전환, 모션",3,7,6,6,comparative evidence,검토
58,239,679-row verified ledger reclassification,B,완전 숨김 후 전환 시 등장,onepagelove.com,onepagelove.com,https://onepagelove.com/housemait,Housemait — One Page Website Award,"메타: Long-scrolling Landing Page for Housemait, an app to help family calendars, meals, shopping and chores, with an AI assistant accessible through WhatsApp. / 관찰 소제목: Housemait | Similar One Page Websites | Framer - Build better sites, faster | Triple Kingdom",모션·상호작용,"전환, 모션",3,7,6,6,comparative evidence,검토
59,677,679-row verified ledger reclassification,B,완전 숨김 후 전환 시 등장,Codrops,tympanus.net,https://tympanus.net/codrops/2026/07/30/building-an-infinite-gsap-scroll-gallery-with-parallax-and-flip-transitions/,Building an Infinite GSAP Scroll Gallery with Parallax and Flip Transitions,"Codrops 공식 WordPress API 제목·초록에서 확인된 키워드: reveal, gallery, infinite, animation, transition, scroll, gsap",레이어·마스크 | 캐러셀·순환 | 모션·전환,"reveal, transition, 전환, 모션, 마스크",5,7,6,7,comparative evidence,채택
60,469,679-row verified ledger reclassification,B,완전 숨김 후 전환 시 등장,Codrops,tympanus.net,https://tympanus.net/codrops/2025/06/25/designing-truekind-a-skincare-brands-journey-through-moodboards-motion-and-meaning/,"Designing TrueKind: A Skincare Brand’s Journey Through Moodboards, Motion, and Meaning","Codrops 공식 WordPress API 제목·초록에서 확인된 키워드: reveal, motion, gsap",레이어·마스크 | 모션·전환,"reveal, 전환, motion, 모션, 마스크",5,7,6,6,comparative evidence,채택
61,608,679-row verified ledger reclassification,B,완전 숨김 후 전환 시 등장,Codrops,tympanus.net,https://tympanus.net/codrops/2026/03/31/arnaud-roccas-portfolio-from-a-gsap-powered-motion-system-to-fluid-webgl/,Arnaud Rocca’s Portfolio: From a GSAP-Powered Motion System to Fluid WebGL,"Codrops 공식 WordPress API 제목·초록에서 확인된 키워드: webgl, animation, motion, transition, interaction, portfolio",공유 원근·깊이 | 모션·전환 | 미니멀·편집,"transition, 전환, motion, 모션, interaction",5,8,6,7,comparative evidence,채택
62,511,679-row verified ledger reclassification,B,완전 숨김 후 전환 시 등장,Codrops,tympanus.net,https://tympanus.net/codrops/2025/10/08/how-to-animate-webgl-shaders-with-gsap-ripples-reveals-and-dynamic-blur-effects/,"How to Animate WebGL Shaders with GSAP: Ripples, Reveals, and Dynamic Blur Effects","Codrops 공식 WordPress API 제목·초록에서 확인된 키워드: webgl, reveal, gsap",공유 원근·깊이 | 레이어·마스크 | 모션·전환,"reveal, 전환, 모션, 마스크",5,7,6,7,comparative evidence,채택
63,57,679-row verified ledger reclassification,B,완전 숨김 후 전환 시 등장,Awwwards,awwwards.com,https://www.awwwards.com/sites/radian,Radian - Awwwards SOTD,"Awwwards 개별 사례 페이지의 title·meta description에서 확인된 키워드: scroll, interaction",모션·전환,"전환, 모션, interaction",5,7,6,6,comparative evidence,채택
64,63,679-row verified ledger reclassification,B,완전 숨김 후 전환 시 등장,Awwwards,awwwards.com,https://www.awwwards.com/sites/trionn-2,TRIONN - Awwwards SOTD,"Awwwards 개별 사례 페이지의 title·meta description에서 확인된 키워드: three.js, motion, gsap",공유 원근·깊이 | 모션·전환,"전환, motion, 모션",5,7,6,6,comparative evidence,채택
65,240,679-row verified ledger reclassification,B,완전 숨김 후 전환 시 등장,onepagelove.com,onepagelove.com,https://onepagelove.com/invoicemon,invoicemon — One Page Website Award,"메타: Brilliant scroll-to-demo interactive experience in this One Pager for invoicemon, a free browser-based invoice generator. ps. Mighil was kind enough to give OPL readers a 50% disco / 관찰 소제목: invoicemon | Similar One Page Websites | Framer - Build better sites, faster | Billow",모션·상호작용,"전환, 모션",3,7,6,6,comparative evidence,검토
66,245,679-row verified ledger reclassification,B,완전 숨김 후 전환 시 등장,onepagelove.com,onepagelove.com,https://onepagelove.com/ma,鳥獣戯間 — One Page Website Award,"메타: Experimental, case-study One Pager on “Ma” (間) — the Japanese concept of negative space. The Site Page site explores how a story can unfold in emptiness, using Chōjū-giga (the 12th / 관찰 소제목: 鳥獣戯間 | Similar One Page Websites | Framer - Build better sites, faster | History of Software Design",모션·상호작용,"전환, 모션",3,8,6,6,comparative evidence,검토
67,250,679-row verified ledger reclassification,B,완전 숨김 후 전환 시 등장,onepagelove.com,onepagelove.com,https://onepagelove.com/materials,Materials¹ — One Page Website Award,"메타: Gorgeous morph of the hero object as you scroll this One Pager promoting the Materials¹ abstract design pack. / 관찰 소제목: Materials¹ | Similar One Page Websites | Framer - Build better sites, faster | Housemait",모션·상호작용,"전환, 모션",3,7,6,6,comparative evidence,검토
68,258,679-row verified ledger reclassification,B,완전 숨김 후 전환 시 등장,onepagelove.com,onepagelove.com,https://onepagelove.com/pattern-breaking,Pattern Breaking — One Page Website Award,"메타: Storytelling One Pager for Pattern Breaking – an experimental project exposing manipulative tactics used by fast fashion websites to pressure customers into unnecessary purchases.  / 관찰 소제목: Pattern Breaking | Similar One Page Websites | Framer - Build better sites, faster | Shopify Editions – Spring 2026",모션·상호작용,"전환, 모션",3,7,6,6,comparative evidence,검토
69,309,679-row verified ledger reclassification,B,완전 숨김 후 전환 시 등장,Codrops,tympanus.net,https://tympanus.net/codrops/2019/01/24/layer-motion-slideshow/,Layer Motion Slideshow,A CSS Grid-based slideshow template with a layer motion effect on the main image and title.,마스크·레이어 / 캐러셀 / 모션,"slide, motion, 모션, 마스크",5,7,6,6,comparative evidence,"채택: 단일 소실점, 후면-콘텐츠-전면 마스크 순서 검증에 사용"
70,574,679-row verified ledger reclassification,B,완전 숨김 후 전환 시 등장,Codrops,tympanus.net,https://tympanus.net/codrops/2026/02/04/making-motion-behave-inside-vladyslav-penevs-production-ready-interaction-systems/,Making Motion Behave: Inside Vladyslav Penev’s Production-Ready Interaction Systems,"Codrops 공식 WordPress API 제목·초록에서 확인된 키워드: 3d, webgl, motion, interaction",공유 원근·깊이 | 모션·전환,"전환, motion, 모션, interaction",5,7,6,7,comparative evidence,채택
71,9,679-row verified ledger reclassification,C,중앙 1개만 교체·크로스페이드,Awwwards,awwwards.com,https://www.awwwards.com/sites/bla-station,Blå Station - Awwwards Honorable Mention,"Awwwards 개별 사례 페이지의 title·meta description에서 확인된 키워드: editorial, performance",미니멀·편집 | 성능·접근성,"미니멀, editorial, 여백, 접근성",5,10,10,1,fallback support,보조 채택
72,216,679-row verified ledger reclassification,C,중앙 1개만 교체·크로스페이드,onepagelove.com,onepagelove.com,https://onepagelove.com/allagi,Allagi — One Page Website Award,"메타: Beautifully minimal catalog browsing experience in this One Pager for artist Allagi. / 관찰 소제목: Allagi | Similar One Page Websites | Framer - Build better sites, faster | The Deep End",미니멀·에디토리얼 위계,"minimal, 미니멀, 에디토리얼, 여백",5,10,10,1,fallback support,검토
73,220,679-row verified ledger reclassification,C,중앙 1개만 교체·크로스페이드,onepagelove.com,onepagelove.com,https://onepagelove.com/atishay-tuli,Atishay Tuli — One Page Website Award,"메타: What a joyful experience having a minimal/creative mode switcher in this One Pager (built with Framer) for Atishay Tuli. Fun! / 관찰 소제목: Atishay Tuli | Similar One Page Websites | Framer - Build better sites, faster | SimpleSketche",미니멀·에디토리얼 위계,"minimal, 미니멀, 에디토리얼, 여백",5,10,10,1,fallback support,검토
74,233,679-row verified ledger reclassification,C,중앙 1개만 교체·크로스페이드,onepagelove.com,onepagelove.com,https://onepagelove.com/george-wood,George Wood — One Page Website Award,"메타: Minimal One Pager for George Wood – an interface and product designer based in Nottingham. You can customise the entire site using the settings panel and George even added a little / 관찰 소제목: George Wood | Similar One Page Websites | Framer - Build better sites, faster | SimpleSketche",미니멀·에디토리얼 위계,"minimal, 미니멀, 에디토리얼, 여백",5,10,10,1,fallback support,검토
75,244,679-row verified ledger reclassification,C,중앙 1개만 교체·크로스페이드,onepagelove.com,onepagelove.com,https://onepagelove.com/lovably,Lovably — One Page Website Award,"메타: Wonderful minimal direction in this One Pager (built with Webflow) for Lovably, a New York brand strategy and design studio celebrating 12 years in business. / 관찰 소제목: Lovably | Similar One Page Websites | Framer - Build better sites, faster | Mainline Next.js Next.js Template built with Tailwind CSS",미니멀·에디토리얼 위계,"minimal, 미니멀, 에디토리얼, 여백",5,10,10,1,fallback support,검토
76,61,679-row verified ledger reclassification,C,중앙 1개만 교체·크로스페이드,Awwwards,awwwards.com,https://www.awwwards.com/sites/sstr-friction-reduction,SSTR - Friction Reduction - Awwwards Honorable Mention,"Awwwards 개별 사례 페이지의 title·meta description에서 확인된 키워드: 3d, motion, minimal, editorial, grid",공유 원근·깊이 | 모션·전환 | 미니멀·편집,"minimal, 미니멀, editorial",5,10,10,2,fallback support,채택
77,605,679-row verified ledger reclassification,C,중앙 1개만 교체·크로스페이드,Codrops,tympanus.net,https://tympanus.net/codrops/2026/03/27/pell-mell-crafting-a-visual-exploration-platform-with-editorial-rhythm/,Pell Mell: Crafting a Visual Exploration Platform with Editorial Rhythm,"Codrops 공식 WordPress API 제목·초록에서 확인된 키워드: immersive, scroll, interaction, editorial, performance",공유 원근·깊이 | 모션·전환 | 미니멀·편집 | 성능·접근성,"미니멀, editorial, 접근성",5,10,10,2,fallback support,채택
78,30,679-row verified ledger reclassification,C,중앙 1개만 교체·크로스페이드,Awwwards,awwwards.com,https://www.awwwards.com/sites/house-of-honey-1,House of Honey - Awwwards SOTD,Awwwards 개별 사례 페이지의 title·meta description에서 확인된 키워드: editorial,미니멀·편집,"미니멀, editorial, 여백",5,10,10,1,fallback support,보조 채택
79,6,679-row verified ledger reclassification,C,중앙 1개만 교체·크로스페이드,Awwwards,awwwards.com,https://www.awwwards.com/sites/apini-studio,àpini studio - Awwwards Honorable Mention,Awwwards 개별 사례 페이지의 title·meta description에서 확인된 키워드: clean,미니멀·편집,"미니멀, 여백, clean",5,10,10,1,fallback support,보조 채택
80,116,679-row verified ledger reclassification,C,중앙 1개만 교체·크로스페이드,muz.li,muz.li,https://muz.li/blog/weekly-designers-update-470/,Weekly Designers Update #470 | Muzli Blog,"메타: Web design inspiration, weekly recap / 관찰 소제목: Weekly Designers Update #470 | Hello Designers, | Web design inspiration | Federico Pian / Portfolio 2024",미니멀·에디토리얼 위계,"미니멀, 에디토리얼, 여백",4,10,10,1,fallback support,검토
81,154,679-row verified ledger reclassification,C,중앙 1개만 교체·크로스페이드,muz.li,muz.li,https://muz.li/blog/weekly-designers-update-508/,Weekly Designers Update #508 | Muzli Blog,"메타: A weekly roundup of standout web design, bold experiments, fresh tools, and what the design world is buzzing about right now. / 관찰 소제목: Weekly Designers Update #508 | 🔥 Must-See Design Pick | Montfort — Corporate Showcase | Karim Saab — Portfolio",미니멀·에디토리얼 위계,"미니멀, 에디토리얼, 여백",4,10,10,1,fallback support,검토
82,156,679-row verified ledger reclassification,C,중앙 1개만 교체·크로스페이드,muz.li,muz.li,https://muz.li/blog/weekly-designers-update-510/,Weekly Designers Update #510 | Muzli Blog,"메타: Weekly inspiration packed with bold portfolios, smart tools, creative trends – and plenty more to explore. / 관찰 소제목: Weekly Designers Update #510 | 🔥 Must-See Design Picks | Teh Tarik Nation — 80 Years of Tradition in Every Sip | Studio Herrström — Creative Studio",미니멀·에디토리얼 위계,"미니멀, 에디토리얼, 여백",4,10,10,1,fallback support,검토
83,157,679-row verified ledger reclassification,C,중앙 1개만 교체·크로스페이드,muz.li,muz.li,https://muz.li/blog/weekly-designers-update-511/,Weekly Designers Update #511 | Muzli Blog,"메타: Weekly inspiration packed with bold portfolios, smart tools, creative trends – and plenty more to explore. / 관찰 소제목: Weekly Designers Update #511 | Your weekly dose of design inspiration, featuring the hottest projects, must-have tools, and game-changing products. | 🔥 Must-See Design Picks | Naya Studio — Floral Design Studio",미니멀·에디토리얼 위계,"미니멀, 에디토리얼, 여백",4,10,10,1,fallback support,검토
84,159,679-row verified ledger reclassification,C,중앙 1개만 교체·크로스페이드,muz.li,muz.li,https://muz.li/blog/weekly-designers-update-513/,Weekly Designers Update #513 | Muzli Blog,"메타: Your weekly dose of design inspiration, featuring the hottest projects, must-have tools, and game-changing products. / 관찰 소제목: Weekly Designers Update #513 | 🏆 Muzli Community Uploads | Tore S. Bentsen — Portfolio | SWANK — Creative Design Concept",미니멀·에디토리얼 위계,"미니멀, 에디토리얼, 여백",4,10,10,1,fallback support,검토
85,160,679-row verified ledger reclassification,C,중앙 1개만 교체·크로스페이드,muz.li,muz.li,https://muz.li/blog/weekly-designers-update-514/,Weekly Designers Update #514 | Muzli Blog,"메타: Weekly inspiration packed with bold portfolios, smart tools, creative trends – and plenty more to explore. / 관찰 소제목: Weekly Designers Update #514 | 🏆 Muzli Community Uploads | DODD // Website | 🔥 Must-See Design Picks",미니멀·에디토리얼 위계,"미니멀, 에디토리얼, 여백",4,10,10,1,fallback support,검토
86,229,679-row verified ledger reclassification,C,중앙 1개만 교체·크로스페이드,onepagelove.com,onepagelove.com,https://onepagelove.com/flex-digital,Flex Digital — One Page Website Award,"메타: Good breathing room in this One Page portfolio for Flex Digital. / 관찰 소제목: Flex Digital | Similar One Page Websites | Framer - Build better sites, faster | SimpleSketche",미니멀·에디토리얼 위계,"미니멀, 에디토리얼, 여백",4,10,10,1,fallback support,검토
87,231,679-row verified ledger reclassification,C,중앙 1개만 교체·크로스페이드,onepagelove.com,onepagelove.com,https://onepagelove.com/frontend-supply,Frontend Supply™ — One Page Website Award,"메타: Neat One Page portfolio for Frontend Supply, a frontend-subscription service for startups, led by Doğukan. / 관찰 소제목: Frontend Supply™ | Similar One Page Websites | Framer - Build better sites, faster | SimpleSketche",미니멀·에디토리얼 위계,"미니멀, 에디토리얼, 여백",4,10,10,1,fallback support,검토
88,39,679-row verified ledger reclassification,C,중앙 1개만 교체·크로스페이드,Awwwards,awwwards.com,https://www.awwwards.com/sites/longbow,Longbow - Awwwards SOTD,"Awwwards 개별 사례 페이지의 title·meta description에서 확인된 키워드: animation, typography, clean",모션·전환 | 미니멀·편집,"미니멀, clean, typography",5,10,10,1,fallback support,채택
89,664,679-row verified ledger reclassification,C,중앙 1개만 교체·크로스페이드,Codrops,tympanus.net,https://tympanus.net/codrops/2026/07/09/building-an-interactive-wave-propagation-cube-grid-with-three-js/,Building an Interactive Wave Propagation Cube Grid with Three.js,"Codrops 공식 WordPress API 제목·초록에서 확인된 키워드: 3d, three.js, interactive, minimal, grid",공유 원근·깊이 | 모션·전환 | 미니멀·편집,"minimal, 미니멀",5,10,10,2,fallback support,채택
90,658,679-row verified ledger reclassification,C,중앙 1개만 교체·크로스페이드,Codrops,tympanus.net,https://tympanus.net/codrops/2026/06/29/inside-bisous-designing-an-editorial-experience-for-cinematic-cgi/,Inside Bisous: Designing an Editorial Experience for Cinematic CGI,"A behind-the-scenes look at how editorial composition, purposeful motion, and minimalist design create a portfolio that lets cinematic CGI take the spotlight.",모션 / 건축·에디토리얼,"minimal, editorial, 에디토리얼",4,10,10,1,fallback support,"부분 채택: 3상태 순환·전환 타이밍 참고, 과도한 장식 모션은 배제"
91,585,679-row verified ledger reclassification,C,중앙 1개만 교체·크로스페이드,Codrops,tympanus.net,https://tympanus.net/codrops/2026/02/24/from-flat-to-spatial-creating-a-3d-product-grid-with-react-three-fiber/,From Flat to Spatial: Creating a 3D Product Grid with React Three Fiber,"Codrops 공식 WordPress API 제목·초록에서 확인된 키워드: spatial, 3d, animation, grid, performance",공유 원근·깊이 | 모션·전환 | 미니멀·편집 | 성능·접근성,"미니멀, 접근성",5,10,10,2,fallback support,채택
92,593,679-row verified ledger reclassification,C,중앙 1개만 교체·크로스페이드,Codrops,tympanus.net,https://tympanus.net/codrops/2026/03/05/inside-corentin-bernadous-portfolio-swiss-inspired-layouts-webgl-geometry-and-thoughtful-motion/,"Inside Corentin Bernadou’s Portfolio: Swiss-Inspired Layouts, WebGL Geometry, and Thoughtful Motion","Codrops 공식 WordPress API 제목·초록에서 확인된 키워드: webgl, motion, editorial, portfolio",공유 원근·깊이 | 모션·전환 | 미니멀·편집,"미니멀, editorial",5,10,10,2,fallback support,채택
93,675,679-row verified ledger reclassification,C,중앙 1개만 교체·크로스페이드,Codrops,tympanus.net,https://tympanus.net/codrops/2026/07/27/between-print-and-digital-the-making-of-mersis-website/,Between Print and Digital: The Making of MERSI’s Website,"Codrops 공식 WordPress API 제목·초록에서 확인된 키워드: immersive, architectural, motion, interactive, editorial, quiet",공유 원근·깊이 | 모션·전환 | 미니멀·편집,"미니멀, editorial",5,10,10,2,fallback support,채택
94,16,679-row verified ledger reclassification,C,중앙 1개만 교체·크로스페이드,Awwwards,awwwards.com,https://www.awwwards.com/sites/crxtianhub-portfolio,CRXTIANHUB — PORTFOLIO - Awwwards Honorable Mention,Awwwards 개별 사례 페이지의 title·meta description에서 확인된 키워드: portfolio,미니멀·편집,"미니멀, 여백",5,10,10,1,fallback support,보조 채택
95,71,679-row verified ledger reclassification,C,중앙 1개만 교체·크로스페이드,figma.com,figma.com,https://www.figma.com/blog/introducing-figma-sites/,Publish Your Designs On The Web With Figma Sites | Figma Blog,"메타: Today, we’re launching Figma Sites, an all-in-one tool for you to design and build custom, responsive websites. / 관찰 소제목: Featured Topics | News | Design systems | Explore topics",큐레이션·시각 위계,"큐레이션, 시각 위계",3,10,10,1,fallback support,검토
96,73,679-row verified ledger reclassification,C,중앙 1개만 교체·크로스페이드,figma.com,figma.com,https://www.figma.com/community/file/1524448265587210925/figmastica-free-1-0,Figmastica FREE 1.0 | Figma,메타: 👉 30+ Variants of Components 👉 3800+ All components 👉 20+ Sections & blocks 👉 30+ Text styles 👉 60+ Variables 👉 50+ Design tokens 👉 Autolayout 4.0+Variants Available for everyone! ,큐레이션·시각 위계,"큐레이션, 시각 위계",3,10,10,1,fallback support,검토
97,74,679-row verified ledger reclassification,C,중앙 1개만 교체·크로스페이드,figma.com,figma.com,https://www.figma.com/prototyping/,Free Prototyping Tool: Build Interactive Prototype Designs | Figma,메타: Use our free online prototyping tool to build realistic experiences in one live file to ensure your designs are always up to date. / 관찰 소제목: What you can do in figma | Explore all products | Additional product resources | Use cases,큐레이션·시각 위계,"큐레이션, 시각 위계",3,10,10,1,fallback support,검토
98,75,679-row verified ledger reclassification,C,중앙 1개만 교체·크로스페이드,figma.com,figma.com,https://www.figma.com/resource-library/ai-website-examples/,"29 AI Website Examples for SaaS, E-commerce, + More | Figma","메타: Explore 29 AI website examples across industries like SaaS, tech, and retail. See how AI handles complex hierarchy and use these files to start your Web design. / 관찰 소제목: What you can do in figma | Explore all products | Additional product resources | Use cases",큐레이션·시각 위계,"큐레이션, 시각 위계",3,10,10,1,fallback support,검토
99,189,679-row verified ledger reclassification,C,중앙 1개만 교체·크로스페이드,muz.li,muz.li,https://muz.li/blog/weekly-designers-update-543/,Weekly Designers Update #543 | Muzli Blog,"메타: Muzli Weekly: The cutting edge of design, from viral portfolios to the next generation of AI-powered tools. Discover the projects and products shaping... / 관찰 소제목: Weekly Designers Update #543 | Your weekly dose of design inspiration, featuring the hottest projects, must-have tools, and game-changing products. | 🔥 Must-See Design Picks | SuperSkills",미니멀·에디토리얼 위계,"미니멀, 에디토리얼, 여백",4,10,10,1,fallback support,검토
100,193,679-row verified ledger reclassification,C,중앙 1개만 교체·크로스페이드,muz.li,muz.li,https://muz.li/blog/weekly-designers-update-547/,Weekly Designers Update #547 | Muzli Blog,"메타: Your weekly dose of design inspiration, featuring the hottest projects, must-have tools, and game-changing products. / 관찰 소제목: Weekly Designers Update #547 | 🔥 Must-See Design Picks | Inertia Studios | Arnaud Rocca — Portfolio",미니멀·에디토리얼 위계,"미니멀, 에디토리얼, 여백",4,10,10,1,fallback support,검토
101,236,679-row verified ledger reclassification,C,중앙 1개만 교체·크로스페이드,onepagelove.com,onepagelove.com,https://onepagelove.com/hebbia,Hebbia — One Page Website Award,"메타: Unique elements and creative ideas throughout this One Page portfolio for Hebbia Design Studio. / 관찰 소제목: Hebbia | Similar One Page Websites | Framer - Build better sites, faster | SimpleSketche",미니멀·에디토리얼 위계,"미니멀, 에디토리얼, 여백",4,10,10,1,fallback support,검토
102,243,679-row verified ledger reclassification,C,중앙 1개만 교체·크로스페이드,onepagelove.com,onepagelove.com,https://onepagelove.com/landmark,Landmark — One Page Website Award,"메타: Smart One Pager (built using WordPress) for Landmark, showcasing their real estate services and property portfolio. Big domain this (alre.com) – Landmark is the operating brand of  / 관찰 소제목: Landmark | Similar One Page Websites | Framer - Build better sites, faster | SimpleSketche",미니멀·에디토리얼 위계,"미니멀, 에디토리얼, 여백",4,10,10,1,fallback support,검토
103,248,679-row verified ledger reclassification,C,중앙 1개만 교체·크로스페이드,onepagelove.com,onepagelove.com,https://onepagelove.com/marina-rachello,Marina Rachello — One Page Website Award,"메타: Vibrant, bold type throughout this One Page portfolio for visual designer, Marina Rachello. / 관찰 소제목: Marina Rachello | Similar One Page Websites | Framer - Build better sites, faster | SimpleSketche",미니멀·에디토리얼 위계,"미니멀, 에디토리얼, 여백",4,10,10,1,fallback support,검토
104,251,679-row verified ledger reclassification,C,중앙 1개만 교체·크로스페이드,onepagelove.com,onepagelove.com,https://onepagelove.com/matthew-chudnovski,Matthew Chudnovski — One Page Website Award,"메타: Fun touch with the audio commentary function, within this One Page portfolio for marketing and creative director, Matthew Chudnovski. Also note how he loads up projects (via footer / 관찰 소제목: Matthew Chudnovski | Similar One Page Websites | Framer - Build better sites, faster | SimpleSketche",미니멀·에디토리얼 위계,"미니멀, 에디토리얼, 여백",4,10,10,1,fallback support,검토
105,587,679-row verified ledger reclassification,C,중앙 1개만 교체·크로스페이드,Codrops,tympanus.net,https://tympanus.net/codrops/2026/02/26/building-async-page-transitions-in-vanilla-javascript/,Building Async Page Transitions in Vanilla JavaScript,"Learn how to build a lightweight SPA router with true async crossfade page transitions using Vanilla JavaScript, GSAP, and Vite — no framework required.",모션,"fade, crossfade",4,10,10,1,fallback support,"부분 채택: 3상태 순환·전환 타이밍 참고, 과도한 장식 모션은 배제"
106,285,679-row verified ledger reclassification,D,겹침 스택,Codrops,tympanus.net,https://tympanus.net/codrops/2011/01/03/parallax-slider/,Parallax Slider with jQuery | Codrops,"개별 페이지의 title·meta·공개 본문에서 확인된 키워드: perspective, depth, 3d, webgl, clip, window, slider, slideshow, horizontal, animation, motion, transition, scroll, portfolio, grid, performance",공유 원근·깊이 | 레이어·마스크 | 캐러셀·순환 | 모션·전환 | 미니멀·편집 | 성능·접근성,"3d, webgl, perspective, depth, slider, parallax",5,6,7,8,comparative evidence,채택
107,595,679-row verified ledger reclassification,D,겹침 스택,Codrops,tympanus.net,https://tympanus.net/codrops/2026/03/09/building-a-scroll-reactive-3d-gallery-with-three-js-velocity-and-mood-based-backgrounds/,"Building a Scroll-Reactive 3D Gallery with Three.js, Velocity, and Mood-Based Backgrounds","Codrops 공식 WordPress API 제목·초록에서 확인된 키워드: depth, 3d, webgl, three.js, layer, layered, gallery, motion, scroll",공유 원근·깊이 | 레이어·마스크 | 캐러셀·순환 | 모션·전환,"3d, webgl, depth, layered",5,5,6,8,comparative evidence,채택
108,420,679-row verified ledger reclassification,D,겹침 스택,Codrops,tympanus.net,https://tympanus.net/codrops/2025/03/03/css-meets-voxel-art-building-a-rendering-engine-with-stacked-grids/,CSS Meets Voxel Art: Building a Rendering Engine with Stacked Grids,"Learn how transforms, perspective, and stacked grids can create a fully addressable 3D space and push the boundaries of what’s possible with pure CSS.",공간 깊이,"stack, 3d, perspective",5,6,6,8,comparative evidence,"채택: 단일 소실점, 후면-콘텐츠-전면 마스크 순서 검증에 사용"
109,535,679-row verified ledger reclassification,D,겹침 스택,Codrops,tympanus.net,https://tympanus.net/codrops/2025/11/21/one-canvas-to-rule-them-all-how-ink-games-new-site-handles-complex-3d/,One Canvas to Rule Them All: How INK Games’ New Site Handles Complex 3D,"Codrops 공식 WordPress API 제목·초록에서 확인된 키워드: 3d, webgl, layer, layered, animation, scroll",공유 원근·깊이 | 레이어·마스크 | 모션·전환,"3d, webgl, layered",5,5,6,8,comparative evidence,채택
110,619,679-row verified ledger reclassification,D,겹침 스택,Codrops,tympanus.net,https://tympanus.net/codrops/2026/04/20/interactive-storytelling-for-the-web-building-immersive-stories-with-timelines-3d-and-layered-scenes/,"Interactive Storytelling for the Web: Building Immersive Stories with Timelines, 3D, and Layered Scenes","Codrops 공식 WordPress API 제목·초록에서 확인된 키워드: 3d, immersive, layer, layered, motion, interaction, interactive",공유 원근·깊이 | 레이어·마스크 | 모션·전환,"3d, layered, immersive",5,5,6,8,comparative evidence,채택
111,533,679-row verified ledger reclassification,D,겹침 스택,Codrops,tympanus.net,https://tympanus.net/codrops/2025/11/19/how-to-build-cinematic-3d-scroll-experiences-with-gsap/,How to Build Cinematic 3D Scroll Experiences with GSAP,"Codrops 공식 WordPress API 제목·초록에서 확인된 키워드: 3d, webgl, three.js, immersive, motion, scroll, gsap",공유 원근·깊이 | 모션·전환,"3d, webgl, immersive",5,5,6,8,comparative evidence,채택
112,208,679-row verified ledger reclassification,D,겹침 스택,muz.li,muz.li,https://muz.li/blog/weekly-designers-update-562/,Weekly Designers Update #562 | Muzli Blog,"메타: Your weekly dose of design inspiration, featuring the hottest projects, must-have tools, and game-changing products. / 관찰 소제목: Weekly Designers Update #562 | 🔥 Must-See Design Picks | Noomo Showcase — Immersive 3D & WebGL Work | VERO",3D·공간 깊이,"3d, webgl, immersive",4,5,6,8,comparative evidence,검토
113,13,679-row verified ledger reclassification,D,겹침 스택,Awwwards,awwwards.com,https://www.awwwards.com/sites/ciao-energy-launch-website,CIAO ENERGY - LAUNCH WEBSITE - Awwwards SOTD,"Awwwards 개별 사례 페이지의 title·meta description에서 확인된 키워드: 3d, three.js, immersive, interactive",공유 원근·깊이 | 모션·전환,"3d, immersive",5,5,6,8,comparative evidence,채택
114,89,679-row verified ledger reclassification,D,겹침 스택,muz.li,muz.li,https://muz.li/blog/weekly-designers-update-443/,Weekly Designers Update #443 | Muzli Blog,"메타: Web design inspiration, weekly recap / 관찰 소제목: Weekly Designers Update #443 | Web design inspiration | Add depth and illusion to sites on Wix Studio | Metalab | We Make Interfaces",3D·공간 깊이,"3d, depth",3,6,6,8,comparative evidence,검토
115,130,679-row verified ledger reclassification,D,겹침 스택,muz.li,muz.li,https://muz.li/blog/weekly-designers-update-484/,Weekly Designers Update #484 | Muzli Blog,"메타: Web design inspiration, weekly recap / 관찰 소제목: Weekly Designers Update #484 | From Muzli Picks | Immersive Garden | Your Creative | Award Winning Melbourne Digital & Design Agency",3D·공간 깊이,"3d, immersive",3,5,6,8,comparative evidence,검토
116,143,679-row verified ledger reclassification,D,겹침 스택,muz.li,muz.li,https://muz.li/blog/weekly-designers-update-497/,Weekly Designers Update #497 | Muzli Blog,"메타: Web design inspiration, weekly recap / 관찰 소제목: Weekly Designers Update #497 | Your weekly dose of design inspiration, featuring the hottest projects, must-have tools, and game-changing products. | 🔥 Must-See Design Picks | Altermind — Immersive Design at Its Best",3D·공간 깊이,"3d, immersive",3,5,6,8,comparative evidence,검토
117,147,679-row verified ledger reclassification,D,겹침 스택,muz.li,muz.li,https://muz.li/blog/weekly-designers-update-501/,Weekly Designers Update #501 | Muzli Blog,"메타: Weekly inspiration featuring futuristic portfolios, smart tools, and creative design twists. / 관찰 소제목: Weekly Designers Update #501 | 🔥 Must-See Design Picks | UI8 Studio | Kode Immersive",3D·공간 깊이,"3d, immersive",3,5,6,8,comparative evidence,검토
118,148,679-row verified ledger reclassification,D,겹침 스택,muz.li,muz.li,https://muz.li/blog/weekly-designers-update-502/,Weekly Designers Update #502 | Muzli Blog,"메타: Weekly inspiration packed with bold portfolios, smart tools, creative trends – and plenty more to explore. / 관찰 소제목: Weekly Designers Update #502 | 🔥 Must-See Design Picks | Valentime: A Cinematic Scroll Journey with Immersive 3D Design | Aurelien Vigne: A Playable Portfolio in a 3D Theater World",3D·공간 깊이,"3d, immersive",3,5,6,8,comparative evidence,검토
119,34,679-row verified ledger reclassification,D,겹침 스택,Awwwards,awwwards.com,https://www.awwwards.com/sites/kettal-com,kettal.com - Awwwards Honorable Mention,Awwwards 개별 사례 페이지의 title·meta description에서 확인된 키워드: immersive,공유 원근·깊이,immersive,4,5,6,8,comparative evidence,채택
120,46,679-row verified ledger reclassification,D,겹침 스택,Awwwards,awwwards.com,https://www.awwwards.com/sites/no-art,No Art - Awwwards Honorable Mention,"Awwwards 개별 사례 페이지의 title·meta description에서 확인된 키워드: immersive, interactive",공유 원근·깊이 | 모션·전환,immersive,4,5,6,8,comparative evidence,채택
121,47,679-row verified ledger reclassification,D,겹침 스택,Awwwards,awwwards.com,https://www.awwwards.com/sites/noomo-showcase,Noomo Showcase - Awwwards SOTD,Awwwards 개별 사례 페이지의 title·meta description에서 확인된 키워드: immersive,공유 원근·깊이,immersive,4,5,6,8,comparative evidence,채택
122,50,679-row verified ledger reclassification,D,겹침 스택,Awwwards,awwwards.com,https://www.awwwards.com/sites/oobe-xr,Oobe-Xr - Awwwards Honorable Mention,Awwwards 개별 사례 페이지의 title·meta description에서 확인된 키워드: immersive,공유 원근·깊이,immersive,4,5,6,8,comparative evidence,채택
123,55,679-row verified ledger reclassification,D,겹침 스택,Awwwards,awwwards.com,https://www.awwwards.com/sites/planetooote-digital-obsession,PLANETOOOTE :Digital Obsession - Awwwards Honorable Mention,Awwwards 개별 사례 페이지의 title·meta description에서 확인된 키워드: immersive,공유 원근·깊이,immersive,4,5,6,8,comparative evidence,채택
124,266,679-row verified ledger reclassification,D,겹침 스택,onepagelove.com,onepagelove.com,https://onepagelove.com/sarah-matt-wedding,Sarah & Matt Wedding — One Page Website Award,"메타: Beautifully crafted One Pager sharing details about the wedding celebration of Sarah & Matt, taking place at Excelsior in Lancaster, Pennsylvania. The interactive hero, 3D invitati / 관찰 소제목: Sarah & Matt Wedding | Similar One Page Websites | Framer - Build better sites, faster | Rendez-vous Francéclat",3D·공간 깊이,3d,3,6,6,8,comparative evidence,검토
125,270,679-row verified ledger reclassification,D,겹침 스택,onepagelove.com,onepagelove.com,https://onepagelove.com/simplesketche,SimpleSketche — One Page Website Award,"메타: An incredible 3D cube portfolio showcasing SimpleSketche, the 3D design services of Yankun Yang. / 관찰 소제목: SimpleSketche | Similar One Page Websites | Framer - Build better sites, faster | Marina Rachello",3D·공간 깊이,3d,3,6,6,8,comparative evidence,검토
126,256,679-row verified ledger reclassification,D,겹침 스택,onepagelove.com,onepagelove.com,https://onepagelove.com/og-generator,OG Image Generator - One Page Love,"메타: Paste a URL — get three designer-grade Open Graph cards in seconds. Edit any field and download the result as a JPG, ready for your <head>. / 관찰 소제목: OG Image Generator | Try a recent One Pager | ' + e.label + ' ' + e.sel + '",큐레이션·시각 위계,cards,2,6,7,7,comparative evidence,검토
127,357,679-row verified ledger reclassification,D,겹침 스택,Codrops,tympanus.net,https://tympanus.net/codrops/2023/04/27/building-a-webgl-carousel-with-react-three-fiber-and-gsap/,Building a WebGL Carousel with React Three Fiber and GSAP,"Learn how to create an interactive 3D carousel using WebGL, React Three Fiber, and GSAP with this step-by-step tutorial.",공간 깊이 / 캐러셀,"3d, webgl, carousel",5,5,6,8,comparative evidence,"채택: 단일 소실점, 후면-콘텐츠-전면 마스크 순서 검증에 사용"
128,513,679-row verified ledger reclassification,D,겹침 스택,Codrops,tympanus.net,https://tympanus.net/codrops/2025/10/13/how-to-build-an-immersive-3d-circular-carousel-in-wordpress-using-droip/,How to Build an Immersive 3D Circular Carousel in WordPress Using Droip,"Codrops 공식 WordPress API 제목·초록에서 확인된 키워드: 3d, immersive, carousel",공유 원근·깊이 | 캐러셀·순환,"3d, carousel, immersive",5,5,6,8,comparative evidence,채택
129,530,679-row verified ledger reclassification,D,겹침 스택,Codrops,tympanus.net,https://tympanus.net/codrops/2025/11/10/crafting-generative-css-worlds/,Crafting Generative CSS Worlds,Learn how stacked grids and 3D transforms can bring heightmaps to life using nothing but the power of CSS.,공간 깊이,"stack, 3d",5,6,6,8,comparative evidence,"채택: 단일 소실점, 후면-콘텐츠-전면 마스크 순서 검증에 사용"
130,363,679-row verified ledger reclassification,D,겹침 스택,tympanus.net,tympanus.net,https://tympanus.net/codrops/2023/12/01/creating-a-3d-perspective-carousel-with-css/,creating-a-3d-perspective-carousel-with-css,메타: 설명 없음,큐레이션·시각 위계,"3d, perspective, carousel",4,6,7,8,comparative evidence,검토
131,45,679-row verified ledger reclassification,D,겹침 스택,Awwwards,awwwards.com,https://www.awwwards.com/sites/nexola-agencys-website,NEXOLA - Agency’s Website - Awwwards Honorable Mention,"Awwwards 개별 사례 페이지의 title·meta description에서 확인된 키워드: animation, portfolio",모션·전환 | 미니멀·편집,,3,7,6,7,comparative evidence,채택
132,67,679-row verified ledger reclassification,D,겹침 스택,Awwwards,awwwards.com,https://www.awwwards.com/sites/viacheslav-novoseltsev,Viacheslav Novoseltsev - Awwwards Honorable Mention,Awwwards 개별 사례 페이지의 title·meta description에서 확인된 키워드: portfolio,미니멀·편집,,3,7,6,7,comparative evidence,보조 채택
133,409,679-row verified ledger reclassification,D,겹침 스택,Codrops,tympanus.net,https://tympanus.net/codrops/2025/01/24/developer-spotlight-mario-sanchez-maselli/,Developer Spotlight: Mario Sanchez Maselli,"Meet Mario, developer &#038; co-founder of Non-Linear Studio. Specializing in interactive design, animation, 3D, WebGL, &#038; creative development.",공간 깊이 / 모션,"3d, webgl",5,5,6,8,comparative evidence,"채택: 단일 소실점, 후면-콘텐츠-전면 마스크 순서 검증에 사용"
134,437,679-row verified ledger reclassification,D,겹침 스택,Codrops,tympanus.net,https://tympanus.net/codrops/2025/04/08/3d-world-in-the-browser-with-blender-and-three-js/,Building a Fully-Featured 3D World in the Browser with Blender and Three.js,"Go behind the scenes of an immersive 3D museum built with Blender and Three.js, and explore the creative process, technical decisions, and browser-ready workflow that brought it to life.",공간 깊이,"3d, immersive",5,5,6,8,comparative evidence,"채택: 단일 소실점, 후면-콘텐츠-전면 마스크 순서 검증에 사용"
135,483,679-row verified ledger reclassification,D,겹침 스택,Codrops,tympanus.net,https://tympanus.net/codrops/2025/08/06/building-aether-1-sound-without-boundaries/,Building Aether 1: Sound Without Boundaries,"A case study on Aether 1, where 3D, sound, and WebGL merge into an unbounded experience.",공간 깊이,"3d, webgl",5,5,6,8,comparative evidence,"채택: 단일 소실점, 후면-콘텐츠-전면 마스크 순서 검증에 사용"
136,501,679-row verified ledger reclassification,D,겹침 스택,Codrops,tympanus.net,https://tympanus.net/codrops/2025/09/18/creating-an-immersive-3d-weather-visualization-with-react-three-fiber/,Creating an Immersive 3D Weather Visualization with React Three Fiber,"Codrops 공식 WordPress API 제목·초록에서 확인된 키워드: 3d, immersive, interactive",공유 원근·깊이 | 모션·전환,"3d, immersive",5,5,6,8,comparative evidence,채택
137,514,679-row verified ledger reclassification,D,겹침 스택,Codrops,tympanus.net,https://tympanus.net/codrops/2025/10/14/the-underdogs-crown-clay-boans-3d-playground-of-design-motion-and-gsap-magic/,"The Underdog’s Crown: Clay Boan’s 3D Playground of Design, Motion, and GSAP Magic","Codrops 공식 WordPress API 제목·초록에서 확인된 키워드: 3d, webgl, animation, motion, gsap, portfolio",공유 원근·깊이 | 모션·전환 | 미니멀·편집,"3d, webgl",5,6,6,8,comparative evidence,채택
138,534,679-row verified ledger reclassification,D,겹침 스택,Codrops,tympanus.net,https://tympanus.net/codrops/2025/11/20/behind-the-kai-design-dept-experience-webgl-line-blur-video-scrubbing-and-3d-animation/,"Behind the KAI Design Dept. Experience: WebGL Line Blur, Video Scrubbing, and 3D Animation","Codrops 공식 WordPress API 제목·초록에서 확인된 키워드: 3d, webgl, animation",공유 원근·깊이 | 모션·전환,"3d, webgl",5,5,6,8,comparative evidence,채택
139,580,679-row verified ledger reclassification,D,겹침 스택,Codrops,tympanus.net,https://tympanus.net/codrops/2026/02/17/reactive-depth-building-a-scroll-driven-3d-image-tube-with-react-three-fiber/,Reactive Depth: Building a Scroll-Driven 3D Image Tube with React Three Fiber,"Codrops 공식 WordPress API 제목·초록에서 확인된 키워드: depth, 3d, infinite, loop, motion, scroll",공유 원근·깊이 | 캐러셀·순환 | 모션·전환,"3d, depth",5,6,6,8,comparative evidence,채택
140,603,679-row verified ledger reclassification,D,겹침 스택,Codrops,tympanus.net,https://tympanus.net/codrops/2026/03/24/digital-craft-wild-soul-building-san-ritas-topographic-web-experience/,"Digital Craft, Wild Soul: Building San Rita’s Topographic Web Experience","Codrops 공식 WordPress API 제목·초록에서 확인된 키워드: 3d, immersive, motion, portfolio",공유 원근·깊이 | 모션·전환 | 미니멀·편집,"3d, immersive",5,6,6,8,comparative evidence,채택
141,,official/accessibility/perception supplemental source,A,건축 포켓에 일부 노출,Figma Help,help.figma.com,https://help.figma.com/hc/en-us/articles/360040450253-Masks,Masks in Figma,마스크는 원본 오브젝트를 비파괴적으로 보존한 채 보이는 영역만 제한한다.,official guidance / perception research,포켓 전면 가리개와 전체 템플릿을 별도 레이어로 유지해야 한다는 직접 도구 근거.,5,9,8,2,official direct support,본문 원칙을 직접 재확인한 보충 근거
142,,official/accessibility/perception supplemental source,A,건축 포켓에 일부 노출,Figma Help,help.figma.com,https://help.figma.com/hc/en-us/articles/360041488473-Apply-effects-to-layers,Apply effects to layers,레이어별 그림자·블러·투명도 효과를 독립적으로 적용할 수 있다.,official guidance / perception research,"후면 벽, 포켓 안쪽, 전면 립의 명암을 분리해 깊이를 만들 수 있다는 구현 근거.",5,9,8,2,official direct support,본문 원칙을 직접 재확인한 보충 근거
143,,official/accessibility/perception supplemental source,A,건축 포켓에 일부 노출,Figma,www.figma.com,https://www.figma.com/best-practices/groups-versus-frames/,Groups versus frames,프레임은 클리핑·제약·레이아웃을 가진 구조적 컨테이너다.,official guidance / perception research,좌우 포켓을 단순 잘라내기가 아니라 독립 프레임과 전면 가리개로 구성해야 한다는 근거.,5,9,8,2,official direct support,본문 원칙을 직접 재확인한 보충 근거
144,,official/accessibility/perception supplemental source,A,건축 포켓에 일부 노출,NIH PMC,pmc.ncbi.nlm.nih.gov,https://pmc.ncbi.nlm.nih.gov/articles/PMC5871781/,Occlusion contours and border ownership,가림 윤곽과 경계 소유권은 앞·뒤 물체의 깊이 해석에 핵심 단서를 제공한다.,official guidance / perception research,전면 건축 레이어가 템플릿 가장자리를 덮어야 내부에 들어간 것으로 읽힌다는 시지각 근거.,5,9,8,2,official direct support,본문 원칙을 직접 재확인한 보충 근거
145,,official/accessibility/perception supplemental source,A,건축 포켓에 일부 노출,NIH PMC,pmc.ncbi.nlm.nih.gov,https://pmc.ncbi.nlm.nih.gov/articles/PMC5731627/,T-junctions and depth order,T-junction은 가려진 윤곽과 가리는 윤곽의 깊이 순서를 전달한다.,official guidance / perception research,좌우 템플릿의 일부를 전면 포켓 경계가 덮을 때 깊이가 자연스럽게 생기는 근거.,5,9,8,2,official direct support,본문 원칙을 직접 재확인한 보충 근거
146,,official/accessibility/perception supplemental source,A,건축 포켓에 일부 노출,NIH PMC,pmc.ncbi.nlm.nih.gov,https://pmc.ncbi.nlm.nih.gov/articles/PMC3485797/,Depth perception from occlusion,부분 가림은 상대 깊이를 강하게 지각시키는 단안 단서다.,official guidance / perception research,과도한 원근 회전 없이도 일부 노출과 가림만으로 깊이를 만들 수 있다는 근거.,5,9,8,2,official direct support,본문 원칙을 직접 재확인한 보충 근거
147,,official/accessibility/perception supplemental source,A,건축 포켓에 일부 노출,Autodesk,help.autodesk.com,https://help.autodesk.com/cloudhelp/2025/ENU/Revit-HaveYouTried/files/GUID-4C06C282-C106-4285-B677-1C5D3481717E.htm,Depth cueing,거리가 멀수록 선·톤의 강도를 낮추는 깊이 단서가 사용된다.,official guidance / perception research,좌우 비활성 템플릿과 포켓 후면의 대비를 중앙보다 낮춰 원근감을 주는 근거.,4,9,8,2,official direct support,본문 원칙을 직접 재확인한 보충 근거
148,,official/accessibility/perception supplemental source,B,완전 숨김 후 전환 시 등장,W3C WAI,www.w3.org,https://www.w3.org/WAI/tutorials/carousels/animations/,Carousel animations,전환 중 현재·다음 슬라이드가 함께 보일 수 있으나 활성 상태와 보조기술 노출을 명확히 관리해야 한다.,official guidance / perception research,숨김 항목이 진입할 때 시각·접근성 상태를 동기화해야 한다는 근거.,5,7,6,6,official constraint,본문 원칙을 직접 재확인한 보충 근거
149,,official/accessibility/perception supplemental source,B,완전 숨김 후 전환 시 등장,W3C WAI,www.w3.org,https://www.w3.org/WAI/WCAG22/Understanding/animation-from-interactions.html,Understanding Animation from Interactions,상호작용으로 시작되는 비필수 이동 애니메이션은 끌 수 있어야 하며 prefers-reduced-motion을 지원할 수 있다.,official guidance / perception research,완전 숨김 뒤 장거리 슬라이드 진입을 기본값으로 쓰기 어려운 접근성 근거.,5,7,6,6,official constraint,본문 원칙을 직접 재확인한 보충 근거
150,,official/accessibility/perception supplemental source,C,중앙 1개만 교체·크로스페이드,W3C WAI,www.w3.org,https://www.w3.org/WAI/ARIA/apg/patterns/carousel/,ARIA Authoring Practices Guide: Carousel Pattern,일반적인 캐러셀은 한 번에 한 슬라이드를 표시하고 이전·다음 제어 및 비활성 슬라이드 숨김을 명확히 한다.,official guidance / perception research,중앙 단일 항목과 명시적 제어가 가장 예측 가능한 접근성 기준이라는 근거.,5,10,10,1,official direct support,본문 원칙을 직접 재확인한 보충 근거
151,,official/accessibility/perception supplemental source,C,중앙 1개만 교체·크로스페이드,W3C WAI,www.w3.org,https://www.w3.org/WAI/tutorials/carousels/,Carousels Tutorial,캐러셀 콘텐츠는 발견하기 어려울 수 있으므로 명확한 탐색·상태·정지 제어가 필요하다.,official guidance / perception research,모바일·감소 모션에서는 중앙 단일 항목과 인덱스·버튼을 유지해야 한다는 근거.,5,10,10,1,official direct support,본문 원칙을 직접 재확인한 보충 근거
152,,official/accessibility/perception supplemental source,C,중앙 1개만 교체·크로스페이드,W3C WAI,www.w3.org,https://www.w3.org/WAI/WCAG22/Understanding/on-input.html,Understanding On Input,입력에 따른 맥락 변화는 사용자가 예측할 수 있어야 한다.,official guidance / perception research,텍스트·날짜·장소·활성 인덱스를 템플릿과 동시에 교체해야 한다는 근거.,5,10,10,1,official direct support,본문 원칙을 직접 재확인한 보충 근거
