id,source,title,URL,observed_pattern,interaction,clarity,motion_cost,accessibility_risk,SMYC_fit,verdict,evidence_confidence,evidence_terms,evidence_basis
1,Awwwards,Hearst Exhibit 2026 - Awwwards SOTD,https://www.awwwards.com/sites/hearst-exhibit-2026,other,공개 근거에서 비활성 캐러셀 항목의 노출 방식을 확정할 수 없음,1/5,판단 불가,판단 불가,1/5,배제,낮음,직접 단서 없음,Awwwards 개별 사례 페이지의 title·meta description에서 확인된 키워드: 관련 기술 키워드 없음
2,Awwwards,Noomo Showcase - Awwwards SOTD,https://www.awwwards.com/sites/noomo-showcase,layered-stack,템플릿을 Z축·크기·그림자로 중첩하고 중앙 항목을 전면으로 승격,3/5,"높음 — 공유 원근, Z순서, 그림자, 전면 가리개를 함께 보간해야 함",높음 — 겹친 비활성 항목이 시각·키보드 순서를 혼란시킬 수 있음,4/5,조건부 채택,중간,immersive,Awwwards 개별 사례 페이지의 title·meta description에서 확인된 키워드: immersive
3,Awwwards,2xA Studio - Awwwards SOTD,https://www.awwwards.com/sites/2xa-studio,other,공개 근거에서 비활성 캐러셀 항목의 노출 방식을 확정할 수 없음,1/5,판단 불가,판단 불가,1/5,배제,낮음,직접 단서 없음,Awwwards 개별 사례 페이지의 title·meta description에서 확인된 키워드: 관련 기술 키워드 없음
4,Awwwards,CIAO ENERGY - LAUNCH WEBSITE - Awwwards SOTD,https://www.awwwards.com/sites/ciao-energy-launch-website,layered-stack,템플릿을 Z축·크기·그림자로 중첩하고 중앙 항목을 전면으로 승격,3/5,"높음 — 공유 원근, Z순서, 그림자, 전면 가리개를 함께 보간해야 함",높음 — 겹친 비활성 항목이 시각·키보드 순서를 혼란시킬 수 있음,4/5,조건부 채택,중간,"3d, immersive","Awwwards 개별 사례 페이지의 title·meta description에서 확인된 키워드: 3d, three.js, immersive, interactive"
5,Awwwards,Made With Gsap - Awwwards SOTD,https://www.awwwards.com/sites/made-with-gsap-1,other,공개 근거에서 비활성 캐러셀 항목의 노출 방식을 확정할 수 없음,1/5,판단 불가,판단 불가,1/5,배제,낮음,직접 단서 없음,Awwwards 개별 사례 페이지의 title·meta description에서 확인된 키워드: gsap
6,Awwwards,Obys® Experiment Space - Awwwards SOTD,https://www.awwwards.com/sites/obys-r-experiment-space,other,공개 근거에서 비활성 캐러셀 항목의 노출 방식을 확정할 수 없음,1/5,판단 불가,판단 불가,1/5,배제,낮음,직접 단서 없음,Awwwards 개별 사례 페이지의 title·meta description에서 확인된 키워드: interactive
7,Awwwards,TRIONN - Awwwards SOTD,https://www.awwwards.com/sites/trionn-2,other,공개 근거에서 비활성 캐러셀 항목의 노출 방식을 확정할 수 없음,1/5,판단 불가,판단 불가,1/5,배제,낮음,직접 단서 없음,"Awwwards 개별 사례 페이지의 title·meta description에서 확인된 키워드: three.js, motion, gsap"
8,Awwwards,Partizan - Awwwards SOTD,https://www.awwwards.com/sites/partizan,other,공개 근거에서 비활성 캐러셀 항목의 노출 방식을 확정할 수 없음,1/5,판단 불가,판단 불가,1/5,배제,낮음,직접 단서 없음,Awwwards 개별 사례 페이지의 title·meta description에서 확인된 키워드: 관련 기술 키워드 없음
9,Awwwards,Artem Shcherbakov - Awwwards SOTD,https://www.awwwards.com/sites/artem-shcherbakov,other,공개 근거에서 비활성 캐러셀 항목의 노출 방식을 확정할 수 없음,1/5,판단 불가,판단 불가,1/5,배제,낮음,직접 단서 없음,"Awwwards 개별 사례 페이지의 title·meta description에서 확인된 키워드: webgl, transition, interactive, portfolio, typography"
10,Awwwards,Spotify Wrapped Party - Awwwards SOTD,https://www.awwwards.com/sites/spotify-wrapped-party,layered-stack,템플릿을 Z축·크기·그림자로 중첩하고 중앙 항목을 전면으로 승격,3/5,"높음 — 공유 원근, Z순서, 그림자, 전면 가리개를 함께 보간해야 함",높음 — 겹친 비활성 항목이 시각·키보드 순서를 혼란시킬 수 있음,4/5,조건부 채택,중간,layer,Awwwards 개별 사례 페이지의 title·meta description에서 확인된 키워드: layer
11,Awwwards,NORMAL IS BORING - Awwwards SOTD,https://www.awwwards.com/sites/normal-is-boring,other,공개 근거에서 비활성 캐러셀 항목의 노출 방식을 확정할 수 없음,1/5,판단 불가,판단 불가,1/5,배제,낮음,직접 단서 없음,Awwwards 개별 사례 페이지의 title·meta description에서 확인된 키워드: motion
12,Awwwards,Dragonfly Redux - Awwwards SOTD,https://www.awwwards.com/sites/dragonfly-redux,other,공개 근거에서 비활성 캐러셀 항목의 노출 방식을 확정할 수 없음,1/5,판단 불가,판단 불가,1/5,배제,낮음,직접 단서 없음,Awwwards 개별 사례 페이지의 title·meta description에서 확인된 키워드: 관련 기술 키워드 없음
13,Awwwards,Lacoste — Polo Factory - Awwwards SOTD,https://www.awwwards.com/sites/lacoste-polo-factory,other,공개 근거에서 비활성 캐러셀 항목의 노출 방식을 확정할 수 없음,1/5,판단 불가,판단 불가,1/5,배제,낮음,직접 단서 없음,Awwwards 개별 사례 페이지의 title·meta description에서 확인된 키워드: 관련 기술 키워드 없음
14,Awwwards,Lama Lama - Awwwards SOTD,https://www.awwwards.com/sites/lama-lama-2,other,공개 근거에서 비활성 캐러셀 항목의 노출 방식을 확정할 수 없음,1/5,판단 불가,판단 불가,1/5,배제,낮음,직접 단서 없음,Awwwards 개별 사례 페이지의 title·meta description에서 확인된 키워드: 관련 기술 키워드 없음
15,Awwwards,Glitch&Grit - Awwwards SOTD,https://www.awwwards.com/sites/glitch-grit,other,공개 근거에서 비활성 캐러셀 항목의 노출 방식을 확정할 수 없음,1/5,판단 불가,판단 불가,1/5,배제,낮음,직접 단서 없음,Awwwards 개별 사례 페이지의 title·meta description에서 확인된 키워드: 관련 기술 키워드 없음
16,Awwwards,IZANAMI - Awwwards SOTD,https://www.awwwards.com/sites/izanami,other,공개 근거에서 비활성 캐러셀 항목의 노출 방식을 확정할 수 없음,1/5,판단 불가,판단 불가,1/5,배제,낮음,직접 단서 없음,Awwwards 개별 사례 페이지의 title·meta description에서 확인된 키워드: 관련 기술 키워드 없음
17,Awwwards,Hiroto Sato - Awwwards SOTD,https://www.awwwards.com/sites/hiroto-sato,layered-stack,템플릿을 Z축·크기·그림자로 중첩하고 중앙 항목을 전면으로 승격,3/5,"높음 — 공유 원근, Z순서, 그림자, 전면 가리개를 함께 보간해야 함",높음 — 겹친 비활성 항목이 시각·키보드 순서를 혼란시킬 수 있음,4/5,조건부 채택,중간,3d,"Awwwards 개별 사례 페이지의 title·meta description에서 확인된 키워드: 3d, motion, interactive, portfolio"
18,Awwwards,CoffeeTech® - Awwwards SOTD,https://www.awwwards.com/sites/coffeetech-r,other,공개 근거에서 비활성 캐러셀 항목의 노출 방식을 확정할 수 없음,1/5,판단 불가,판단 불가,1/5,배제,낮음,직접 단서 없음,Awwwards 개별 사례 페이지의 title·meta description에서 확인된 키워드: 관련 기술 키워드 없음
19,Awwwards,RISK - Awwwards SOTD,https://www.awwwards.com/sites/risk,other,공개 근거에서 비활성 캐러셀 항목의 노출 방식을 확정할 수 없음,1/5,판단 불가,판단 불가,1/5,배제,낮음,직접 단서 없음,Awwwards 개별 사례 페이지의 title·meta description에서 확인된 키워드: 관련 기술 키워드 없음
20,Awwwards,House of Honey - Awwwards SOTD,https://www.awwwards.com/sites/house-of-honey-1,other,공개 근거에서 비활성 캐러셀 항목의 노출 방식을 확정할 수 없음,1/5,판단 불가,판단 불가,1/5,배제,낮음,직접 단서 없음,Awwwards 개별 사례 페이지의 title·meta description에서 확인된 키워드: editorial
21,Awwwards,PP Neue Montreal - Awwwards SOTD,https://www.awwwards.com/sites/pp-neue-montreal,other,공개 근거에서 비활성 캐러셀 항목의 노출 방식을 확정할 수 없음,1/5,판단 불가,판단 불가,1/5,배제,낮음,직접 단서 없음,Awwwards 개별 사례 페이지의 title·meta description에서 확인된 키워드: 관련 기술 키워드 없음
22,Awwwards,Longbow - Awwwards SOTD,https://www.awwwards.com/sites/longbow,other,공개 근거에서 비활성 캐러셀 항목의 노출 방식을 확정할 수 없음,1/5,판단 불가,판단 불가,1/5,배제,낮음,직접 단서 없음,"Awwwards 개별 사례 페이지의 title·meta description에서 확인된 키워드: animation, typography, clean"
23,Awwwards,Vectr - Awwwards SOTD,https://www.awwwards.com/sites/vectr,other,공개 근거에서 비활성 캐러셀 항목의 노출 방식을 확정할 수 없음,1/5,판단 불가,판단 불가,1/5,배제,낮음,직접 단서 없음,Awwwards 개별 사례 페이지의 title·meta description에서 확인된 키워드: 관련 기술 키워드 없음
24,Awwwards,21 Hrs On The Moon - Awwwards SOTD,https://www.awwwards.com/sites/21-hrs-on-the-moon,other,공개 근거에서 비활성 캐러셀 항목의 노출 방식을 확정할 수 없음,1/5,판단 불가,판단 불가,1/5,배제,낮음,직접 단서 없음,Awwwards 개별 사례 페이지의 title·meta description에서 확인된 키워드: 관련 기술 키워드 없음
25,Awwwards,Brunello Cucinelli - AI E-com - Awwwards SOTD,https://www.awwwards.com/sites/brunello-cucinelli-ai-e-com,other,공개 근거에서 비활성 캐러셀 항목의 노출 방식을 확정할 수 없음,1/5,판단 불가,판단 불가,1/5,배제,낮음,직접 단서 없음,Awwwards 개별 사례 페이지의 title·meta description에서 확인된 키워드: 관련 기술 키워드 없음
26,Awwwards,Julien Calot - Awwwards SOTD,https://www.awwwards.com/sites/julien-calot,other,공개 근거에서 비활성 캐러셀 항목의 노출 방식을 확정할 수 없음,1/5,판단 불가,판단 불가,1/5,배제,낮음,직접 단서 없음,Awwwards 개별 사례 페이지의 title·meta description에서 확인된 키워드: 관련 기술 키워드 없음
27,Awwwards,Depo Luxe - Awwwards SOTD,https://www.awwwards.com/sites/depo-luxe,other,공개 근거에서 비활성 캐러셀 항목의 노출 방식을 확정할 수 없음,1/5,판단 불가,판단 불가,1/5,배제,낮음,직접 단서 없음,Awwwards 개별 사례 페이지의 title·meta description에서 확인된 키워드: 관련 기술 키워드 없음
28,Awwwards,MONOLOG - Awwwards SOTD,https://www.awwwards.com/sites/monolog,other,공개 근거에서 비활성 캐러셀 항목의 노출 방식을 확정할 수 없음,1/5,판단 불가,판단 불가,1/5,배제,낮음,직접 단서 없음,Awwwards 개별 사례 페이지의 title·meta description에서 확인된 키워드: 관련 기술 키워드 없음
29,Awwwards,Studio OL - Awwwards Honorable Mention,https://www.awwwards.com/sites/studio-ol,other,공개 근거에서 비활성 캐러셀 항목의 노출 방식을 확정할 수 없음,1/5,판단 불가,판단 불가,1/5,배제,낮음,직접 단서 없음,Awwwards 개별 사례 페이지의 title·meta description에서 확인된 키워드: 관련 기술 키워드 없음
30,Awwwards,Pizza Amici - Awwwards Honorable Mention,https://www.awwwards.com/sites/pizza-amici,other,공개 근거에서 비활성 캐러셀 항목의 노출 방식을 확정할 수 없음,1/5,판단 불가,판단 불가,1/5,배제,낮음,직접 단서 없음,Awwwards 개별 사례 페이지의 title·meta description에서 확인된 키워드: 관련 기술 키워드 없음
31,Awwwards,Ai in Design Report 2026 - Awwwards Honorable Mention,https://www.awwwards.com/sites/ai-in-design-report-2026,other,공개 근거에서 비활성 캐러셀 항목의 노출 방식을 확정할 수 없음,1/5,판단 불가,판단 불가,1/5,배제,낮음,직접 단서 없음,"Awwwards 개별 사례 페이지의 title·meta description에서 확인된 키워드: motion, editorial"
32,Awwwards,PLANETOOOTE :Digital Obsession - Awwwards Honorable Mention,https://www.awwwards.com/sites/planetooote-digital-obsession,layered-stack,템플릿을 Z축·크기·그림자로 중첩하고 중앙 항목을 전면으로 승격,3/5,"높음 — 공유 원근, Z순서, 그림자, 전면 가리개를 함께 보간해야 함",높음 — 겹친 비활성 항목이 시각·키보드 순서를 혼란시킬 수 있음,4/5,조건부 채택,중간,immersive,Awwwards 개별 사례 페이지의 title·meta description에서 확인된 키워드: immersive
33,Awwwards,Max Kalinsky - Awwwards Honorable Mention,https://www.awwwards.com/sites/max-kalinsky,other,공개 근거에서 비활성 캐러셀 항목의 노출 방식을 확정할 수 없음,1/5,판단 불가,판단 불가,1/5,배제,낮음,직접 단서 없음,Awwwards 개별 사례 페이지의 title·meta description에서 확인된 키워드: 관련 기술 키워드 없음
34,Awwwards,https://www.mosaicist.com/ - Awwwards Honorable Mention,https://www.awwwards.com/sites/https-www-mosaicist-com,other,공개 근거에서 비활성 캐러셀 항목의 노출 방식을 확정할 수 없음,1/5,판단 불가,판단 불가,1/5,배제,낮음,직접 단서 없음,Awwwards 개별 사례 페이지의 title·meta description에서 확인된 키워드: 관련 기술 키워드 없음
35,Awwwards,Hildén & Kaira - Awwwards SOTD,https://www.awwwards.com/sites/hilden-kaira,other,공개 근거에서 비활성 캐러셀 항목의 노출 방식을 확정할 수 없음,1/5,판단 불가,판단 불가,1/5,배제,낮음,직접 단서 없음,Awwwards 개별 사례 페이지의 title·meta description에서 확인된 키워드: 관련 기술 키워드 없음
36,Awwwards,No Art - Awwwards Honorable Mention,https://www.awwwards.com/sites/no-art,layered-stack,템플릿을 Z축·크기·그림자로 중첩하고 중앙 항목을 전면으로 승격,3/5,"높음 — 공유 원근, Z순서, 그림자, 전면 가리개를 함께 보간해야 함",높음 — 겹친 비활성 항목이 시각·키보드 순서를 혼란시킬 수 있음,4/5,조건부 채택,중간,immersive,"Awwwards 개별 사례 페이지의 title·meta description에서 확인된 키워드: immersive, interactive"
37,Awwwards,NEXOLA - Agency’s Website - Awwwards Honorable Mention,https://www.awwwards.com/sites/nexola-agencys-website,other,공개 근거에서 비활성 캐러셀 항목의 노출 방식을 확정할 수 없음,1/5,판단 불가,판단 불가,1/5,배제,낮음,직접 단서 없음,"Awwwards 개별 사례 페이지의 title·meta description에서 확인된 키워드: animation, portfolio"
38,Awwwards,Vero New-York - Awwwards Honorable Mention,https://www.awwwards.com/sites/vero-new-york,other,공개 근거에서 비활성 캐러셀 항목의 노출 방식을 확정할 수 없음,1/5,판단 불가,판단 불가,1/5,배제,낮음,직접 단서 없음,Awwwards 개별 사례 페이지의 title·meta description에서 확인된 키워드: 관련 기술 키워드 없음
39,Awwwards,CRXTIANHUB — PORTFOLIO - Awwwards Honorable Mention,https://www.awwwards.com/sites/crxtianhub-portfolio,other,공개 근거에서 비활성 캐러셀 항목의 노출 방식을 확정할 수 없음,1/5,판단 불가,판단 불가,1/5,배제,낮음,직접 단서 없음,Awwwards 개별 사례 페이지의 title·meta description에서 확인된 키워드: portfolio
40,Awwwards,Ducati Superleggera V4 - Awwwards Honorable Mention,https://www.awwwards.com/sites/ducati-superleggera-v4,layered-stack,템플릿을 Z축·크기·그림자로 중첩하고 중앙 항목을 전면으로 승격,3/5,"높음 — 공유 원근, Z순서, 그림자, 전면 가리개를 함께 보간해야 함",높음 — 겹친 비활성 항목이 시각·키보드 순서를 혼란시킬 수 있음,4/5,조건부 채택,중간,immersive,Awwwards 개별 사례 페이지의 title·meta description에서 확인된 키워드: immersive
41,Awwwards,Radian - Awwwards SOTD,https://www.awwwards.com/sites/radian,other,공개 근거에서 비활성 캐러셀 항목의 노출 방식을 확정할 수 없음,1/5,판단 불가,판단 불가,1/5,배제,낮음,직접 단서 없음,"Awwwards 개별 사례 페이지의 title·meta description에서 확인된 키워드: scroll, interaction"
42,Awwwards,Kononenko Architectural Bureau - Awwwards Honorable Mention,https://www.awwwards.com/sites/kononenko-architectural-bureau,other,공개 근거에서 비활성 캐러셀 항목의 노출 방식을 확정할 수 없음,1/5,판단 불가,판단 불가,1/5,배제,낮음,직접 단서 없음,"Awwwards 개별 사례 페이지의 title·meta description에서 확인된 키워드: architectural, minimal, typography"
43,Awwwards,Alethia - Awwwards Honorable Mention,https://www.awwwards.com/sites/alethia,other,공개 근거에서 비활성 캐러셀 항목의 노출 방식을 확정할 수 없음,1/5,판단 불가,판단 불가,1/5,배제,낮음,직접 단서 없음,Awwwards 개별 사례 페이지의 title·meta description에서 확인된 키워드: interaction
44,Awwwards,Eleos - Awwwards Honorable Mention,https://www.awwwards.com/sites/eleos,other,공개 근거에서 비활성 캐러셀 항목의 노출 방식을 확정할 수 없음,1/5,판단 불가,판단 불가,1/5,배제,낮음,직접 단서 없음,Awwwards 개별 사례 페이지의 title·meta description에서 확인된 키워드: 관련 기술 키워드 없음
45,Awwwards,20 Years Inspired by People - Awwwards Honorable Mention,https://www.awwwards.com/sites/20-years-inspired-by-people,other,공개 근거에서 비활성 캐러셀 항목의 노출 방식을 확정할 수 없음,1/5,판단 불가,판단 불가,1/5,배제,낮음,직접 단서 없음,Awwwards 개별 사례 페이지의 title·meta description에서 확인된 키워드: 관련 기술 키워드 없음
46,Awwwards,Cobloc - Awwwards Honorable Mention,https://www.awwwards.com/sites/cobloc,other,공개 근거에서 비활성 캐러셀 항목의 노출 방식을 확정할 수 없음,1/5,판단 불가,판단 불가,1/5,배제,낮음,직접 단서 없음,Awwwards 개별 사례 페이지의 title·meta description에서 확인된 키워드: architecture
47,Awwwards,YUNGBLD CREATIVE STUDIO - Awwwards Honorable Mention,https://www.awwwards.com/sites/yungbld-creative-studio,other,공개 근거에서 비활성 캐러셀 항목의 노출 방식을 확정할 수 없음,1/5,판단 불가,판단 불가,1/5,배제,낮음,직접 단서 없음,Awwwards 개별 사례 페이지의 title·meta description에서 확인된 키워드: animation
48,Awwwards,Pelizzari Studio - Awwwards Honorable Mention,https://www.awwwards.com/sites/pelizzari-studio-2,other,공개 근거에서 비활성 캐러셀 항목의 노출 방식을 확정할 수 없음,1/5,판단 불가,판단 불가,1/5,배제,낮음,직접 단서 없음,Awwwards 개별 사례 페이지의 title·meta description에서 확인된 키워드: architecture
49,Awwwards,Catalyst Behavioral - Awwwards Honorable Mention,https://www.awwwards.com/sites/catalyst-behavioral,other,공개 근거에서 비활성 캐러셀 항목의 노출 방식을 확정할 수 없음,1/5,판단 불가,판단 불가,1/5,배제,낮음,직접 단서 없음,Awwwards 개별 사례 페이지의 title·meta description에서 확인된 키워드: 관련 기술 키워드 없음
50,Awwwards,Bucks Sauce - Awwwards SOTD,https://www.awwwards.com/sites/bucks-sauce,other,공개 근거에서 비활성 캐러셀 항목의 노출 방식을 확정할 수 없음,1/5,판단 불가,판단 불가,1/5,배제,낮음,직접 단서 없음,Awwwards 개별 사례 페이지의 title·meta description에서 확인된 키워드: 관련 기술 키워드 없음
51,Awwwards,Serotoninn - Awwwards Honorable Mention,https://www.awwwards.com/sites/serotoninn,other,공개 근거에서 비활성 캐러셀 항목의 노출 방식을 확정할 수 없음,1/5,판단 불가,판단 불가,1/5,배제,낮음,직접 단서 없음,Awwwards 개별 사례 페이지의 title·meta description에서 확인된 키워드: 관련 기술 키워드 없음
52,Awwwards,Cula Technologies - Awwwards Honorable Mention,https://www.awwwards.com/sites/cula-technologies,other,공개 근거에서 비활성 캐러셀 항목의 노출 방식을 확정할 수 없음,1/5,판단 불가,판단 불가,1/5,배제,낮음,직접 단서 없음,Awwwards 개별 사례 페이지의 title·meta description에서 확인된 키워드: 관련 기술 키워드 없음
53,Awwwards,Blå Station - Awwwards Honorable Mention,https://www.awwwards.com/sites/bla-station,other,공개 근거에서 비활성 캐러셀 항목의 노출 방식을 확정할 수 없음,1/5,판단 불가,판단 불가,1/5,배제,낮음,직접 단서 없음,"Awwwards 개별 사례 페이지의 title·meta description에서 확인된 키워드: editorial, performance"
54,Awwwards,Viacheslav Novoseltsev - Awwwards Honorable Mention,https://www.awwwards.com/sites/viacheslav-novoseltsev,other,공개 근거에서 비활성 캐러셀 항목의 노출 방식을 확정할 수 없음,1/5,판단 불가,판단 불가,1/5,배제,낮음,직접 단서 없음,Awwwards 개별 사례 페이지의 title·meta description에서 확인된 키워드: portfolio
55,Awwwards,Mr Day - Awwwards Honorable Mention,https://www.awwwards.com/sites/mr-day,other,공개 근거에서 비활성 캐러셀 항목의 노출 방식을 확정할 수 없음,1/5,판단 불가,판단 불가,1/5,배제,낮음,직접 단서 없음,"Awwwards 개별 사례 페이지의 title·meta description에서 확인된 키워드: architecture, animation"
56,Awwwards,Heco Partners - Awwwards Honorable Mention,https://www.awwwards.com/sites/heco-partners-1,other,공개 근거에서 비활성 캐러셀 항목의 노출 방식을 확정할 수 없음,1/5,판단 불가,판단 불가,1/5,배제,낮음,직접 단서 없음,Awwwards 개별 사례 페이지의 title·meta description에서 확인된 키워드: 관련 기술 키워드 없음
57,Awwwards,Units - Awwwards SOTD,https://www.awwwards.com/sites/units,other,공개 근거에서 비활성 캐러셀 항목의 노출 방식을 확정할 수 없음,1/5,판단 불가,판단 불가,1/5,배제,낮음,직접 단서 없음,Awwwards 개별 사례 페이지의 title·meta description에서 확인된 키워드: 관련 기술 키워드 없음
58,Awwwards,YLEM - Awwwards Honorable Mention,https://www.awwwards.com/sites/ylem,other,공개 근거에서 비활성 캐러셀 항목의 노출 방식을 확정할 수 없음,1/5,판단 불가,판단 불가,1/5,배제,낮음,직접 단서 없음,Awwwards 개별 사례 페이지의 title·meta description에서 확인된 키워드: 관련 기술 키워드 없음
59,Awwwards,Gregor Collienne - Awwwards Honorable Mention,https://www.awwwards.com/sites/gregor-collienne,other,공개 근거에서 비활성 캐러셀 항목의 노출 방식을 확정할 수 없음,1/5,판단 불가,판단 불가,1/5,배제,낮음,직접 단서 없음,Awwwards 개별 사례 페이지의 title·meta description에서 확인된 키워드: 관련 기술 키워드 없음
60,Awwwards,SSTR - Friction Reduction - Awwwards Honorable Mention,https://www.awwwards.com/sites/sstr-friction-reduction,layered-stack,템플릿을 Z축·크기·그림자로 중첩하고 중앙 항목을 전면으로 승격,3/5,"높음 — 공유 원근, Z순서, 그림자, 전면 가리개를 함께 보간해야 함",높음 — 겹친 비활성 항목이 시각·키보드 순서를 혼란시킬 수 있음,4/5,조건부 채택,중간,3d,"Awwwards 개별 사례 페이지의 title·meta description에서 확인된 키워드: 3d, motion, minimal, editorial, grid"
61,Awwwards,Dawn | Website Refresh - Awwwards Honorable Mention,https://www.awwwards.com/sites/dawn-website-refresh,other,공개 근거에서 비활성 캐러셀 항목의 노출 방식을 확정할 수 없음,1/5,판단 불가,판단 불가,1/5,배제,낮음,직접 단서 없음,Awwwards 개별 사례 페이지의 title·meta description에서 확인된 키워드: 관련 기술 키워드 없음
62,Awwwards,ORBEA - Awwwards Honorable Mention,https://www.awwwards.com/sites/orbea,other,공개 근거에서 비활성 캐러셀 항목의 노출 방식을 확정할 수 없음,1/5,판단 불가,판단 불가,1/5,배제,낮음,직접 단서 없음,Awwwards 개별 사례 페이지의 title·meta description에서 확인된 키워드: 관련 기술 키워드 없음
63,Awwwards,àpini studio - Awwwards Honorable Mention,https://www.awwwards.com/sites/apini-studio,other,공개 근거에서 비활성 캐러셀 항목의 노출 방식을 확정할 수 없음,1/5,판단 불가,판단 불가,1/5,배제,낮음,직접 단서 없음,Awwwards 개별 사례 페이지의 title·meta description에서 확인된 키워드: clean
64,Awwwards,kettal.com - Awwwards Honorable Mention,https://www.awwwards.com/sites/kettal-com,layered-stack,템플릿을 Z축·크기·그림자로 중첩하고 중앙 항목을 전면으로 승격,3/5,"높음 — 공유 원근, Z순서, 그림자, 전면 가리개를 함께 보간해야 함",높음 — 겹친 비활성 항목이 시각·키보드 순서를 혼란시킬 수 있음,4/5,조건부 채택,중간,immersive,Awwwards 개별 사례 페이지의 title·meta description에서 확인된 키워드: immersive
65,Awwwards,Apoha - Awwwards Honorable Mention,https://www.awwwards.com/sites/apoha,other,공개 근거에서 비활성 캐러셀 항목의 노출 방식을 확정할 수 없음,1/5,판단 불가,판단 불가,1/5,배제,낮음,직접 단서 없음,Awwwards 개별 사례 페이지의 title·meta description에서 확인된 키워드: 관련 기술 키워드 없음
66,Awwwards,Wembi - Awwwards SOTD,https://www.awwwards.com/sites/wembi,other,공개 근거에서 비활성 캐러셀 항목의 노출 방식을 확정할 수 없음,1/5,판단 불가,판단 불가,1/5,배제,낮음,직접 단서 없음,Awwwards 개별 사례 페이지의 title·meta description에서 확인된 키워드: performance
67,Awwwards,Linka - Awwwards Honorable Mention,https://www.awwwards.com/sites/linka,other,공개 근거에서 비활성 캐러셀 항목의 노출 방식을 확정할 수 없음,1/5,판단 불가,판단 불가,1/5,배제,낮음,직접 단서 없음,Awwwards 개별 사례 페이지의 title·meta description에서 확인된 키워드: 관련 기술 키워드 없음
68,Awwwards,Displace Agency - Awwwards Honorable Mention,https://www.awwwards.com/sites/displace-agency,other,공개 근거에서 비활성 캐러셀 항목의 노출 방식을 확정할 수 없음,1/5,판단 불가,판단 불가,1/5,배제,낮음,직접 단서 없음,Awwwards 개별 사례 페이지의 title·meta description에서 확인된 키워드: 관련 기술 키워드 없음
69,Awwwards,Made in May - Awwwards Honorable Mention,https://www.awwwards.com/sites/made-in-may,other,공개 근거에서 비활성 캐러셀 항목의 노출 방식을 확정할 수 없음,1/5,판단 불가,판단 불가,1/5,배제,낮음,직접 단서 없음,"Awwwards 개별 사례 페이지의 title·meta description에서 확인된 키워드: transition, interaction"
70,Awwwards,Oobe-Xr - Awwwards Honorable Mention,https://www.awwwards.com/sites/oobe-xr,layered-stack,템플릿을 Z축·크기·그림자로 중첩하고 중앙 항목을 전면으로 승격,3/5,"높음 — 공유 원근, Z순서, 그림자, 전면 가리개를 함께 보간해야 함",높음 — 겹친 비활성 항목이 시각·키보드 순서를 혼란시킬 수 있음,4/5,조건부 채택,중간,immersive,Awwwards 개별 사례 페이지의 title·meta description에서 확인된 키워드: immersive
71,Codrops,perspective | Codrops,https://tympanus.net/codrops/css_reference/perspective/,layered-stack,템플릿을 Z축·크기·그림자로 중첩하고 중앙 항목을 전면으로 승격,3/5,"높음 — 공유 원근, Z순서, 그림자, 전면 가리개를 함께 보간해야 함",높음 — 겹친 비활성 항목이 시각·키보드 순서를 혼란시킬 수 있음,4/5,조건부 채택,높음,perspective,"개별 페이지의 title·meta·공개 본문에서 확인된 키워드: perspective, depth, 3d, webgl, layer, mask, clip, window, loop, animation, motion, transition, scroll, portfolio, grid, performance"
72,Codrops,perspective-origin | Codrops,https://tympanus.net/codrops/?p=21765,layered-stack,템플릿을 Z축·크기·그림자로 중첩하고 중앙 항목을 전면으로 승격,3/5,"높음 — 공유 원근, Z순서, 그림자, 전면 가리개를 함께 보간해야 함",높음 — 겹친 비활성 항목이 시각·키보드 순서를 혼란시킬 수 있음,4/5,조건부 채택,높음,perspective,"개별 페이지의 title·meta·공개 본문에서 확인된 키워드: perspective, 3d, webgl, three.js, mask, clip, window, loop, horizontal, animation, motion, transition, scroll, portfolio, grid, performance"
73,Codrops,transform | Codrops,https://tympanus.net/codrops/css_reference/transform/,hidden-offstage,활성 템플릿 외 항목은 개구부 밖 또는 마스크 뒤에 완전히 숨기고 전환 시에만 진입,4/5,중간 — 오프스테이지 위치와 마스크 경계의 동기화 필요,중간 — 숨은 항목의 포커스·읽기 순서를 명시적으로 제거해야 함,2/5,조건부 배제,중간,"mask, clip","개별 페이지의 title·meta·공개 본문에서 확인된 키워드: perspective, depth, 3d, webgl, mask, clip, window, horizontal, animation, transition, scroll, interaction, portfolio, grid, performance"
74,Codrops,Image Techniques for Creating Depth in Web Design | Codrops,https://tympanus.net/codrops/2013/02/27/image-techniques-for-creating-depth-in-web-design/,layered-stack,템플릿을 Z축·크기·그림자로 중첩하고 중앙 항목을 전면으로 승격,3/5,"높음 — 공유 원근, Z순서, 그림자, 전면 가리개를 함께 보간해야 함",높음 — 겹친 비활성 항목이 시각·키보드 순서를 혼란시킬 수 있음,4/5,조건부 채택,높음,depth,"개별 페이지의 title·meta·공개 본문에서 확인된 키워드: perspective, depth, 3d, webgl, layer, clip, window, animation, motion, transition, scroll, portfolio, grid, performance"
75,Codrops,Parallax Slider with jQuery | Codrops,https://tympanus.net/codrops/2011/01/03/parallax-slider/,partial-visible,중앙 활성 템플릿은 완전 노출하고 좌우 비활성 템플릿의 일부를 남겨 다음·이전 방향을 예고,4/5,중간 — 3개 항목의 위치·스케일·가림 상태를 동기화해야 함,중간 — 비활성 복제본을 inert/aria-hidden 처리하고 중앙 항목만 포커스 가능해야 함,5/5,채택,높음,"slider, parallax","개별 페이지의 title·meta·공개 본문에서 확인된 키워드: perspective, depth, 3d, webgl, clip, window, slider, slideshow, horizontal, animation, motion, transition, scroll, portfolio, grid, performance"
76,Codrops,Fluid CSS3 Slideshow with Parallax Effect | Codrops,https://tympanus.net/codrops/2012/04/30/fluid-css3-slideshow-with-parallax-effect/,hidden-offstage,활성 템플릿 외 항목은 개구부 밖 또는 마스크 뒤에 완전히 숨기고 전환 시에만 진입,4/5,중간 — 오프스테이지 위치와 마스크 경계의 동기화 필요,중간 — 숨은 항목의 포커스·읽기 순서를 명시적으로 제거해야 함,2/5,조건부 배제,높음,slideshow,"개별 페이지의 title·meta·공개 본문에서 확인된 키워드: depth, 3d, webgl, three.js, clip, reveal, window, carousel, slider, slideshow, animation, transition, scroll, interaction, portfolio, grid, performance"
77,Codrops,The Never Ending Story: Building a Seamless Infinite Scroll Experience with GSAP & Lenis,https://tympanus.net/codrops/2026/05/28/the-never-ending-story-building-a-seamless-infinite-scroll-experience-with-gsap-lenis/,partial-visible,중앙 활성 템플릿은 완전 노출하고 좌우 비활성 템플릿의 일부를 남겨 다음·이전 방향을 예고,4/5,중간 — 3개 항목의 위치·스케일·가림 상태를 동기화해야 함,중간 — 비활성 복제본을 inert/aria-hidden 처리하고 중앙 항목만 포커스 가능해야 함,5/5,채택,높음,infinite,"Codrops 공식 WordPress API 제목·초록에서 확인된 키워드: depth, layer, layered, infinite, scroll, gsap, parallax"
78,Codrops,"Building a Scroll-Reactive 3D Gallery with Three.js, Velocity, and Mood-Based Backgrounds",https://tympanus.net/codrops/2026/03/09/building-a-scroll-reactive-3d-gallery-with-three-js-velocity-and-mood-based-backgrounds/,partial-visible,중앙 활성 템플릿은 완전 노출하고 좌우 비활성 템플릿의 일부를 남겨 다음·이전 방향을 예고,4/5,중간 — 3개 항목의 위치·스케일·가림 상태를 동기화해야 함,중간 — 비활성 복제본을 inert/aria-hidden 처리하고 중앙 항목만 포커스 가능해야 함,5/5,채택,높음,gallery,"Codrops 공식 WordPress API 제목·초록에서 확인된 키워드: depth, 3d, webgl, three.js, layer, layered, gallery, motion, scroll"
79,Codrops,"Building a Scroll-Revealed WebGL Gallery with GSAP, Three.js, Astro and Barba.js",https://tympanus.net/codrops/2026/02/02/building-a-scroll-revealed-webgl-gallery-with-gsap-three-js-astro-and-barba-js/,partial-visible,중앙 활성 템플릿은 완전 노출하고 좌우 비활성 템플릿의 일부를 남겨 다음·이전 방향을 예고,4/5,중간 — 3개 항목의 위치·스케일·가림 상태를 동기화해야 함,중간 — 비활성 복제본을 inert/aria-hidden 처리하고 중앙 항목만 포커스 가능해야 함,5/5,채택,높음,gallery,"Codrops 공식 WordPress API 제목·초록에서 확인된 키워드: webgl, three.js, reveal, gallery, transition, scroll, gsap"
80,Codrops,Building an Infinite GSAP Scroll Gallery with Parallax and Flip Transitions,https://tympanus.net/codrops/2026/07/30/building-an-infinite-gsap-scroll-gallery-with-parallax-and-flip-transitions/,hidden-offstage,활성 템플릿 외 항목은 개구부 밖 또는 마스크 뒤에 완전히 숨기고 전환 시에만 진입,4/5,중간 — 오프스테이지 위치와 마스크 경계의 동기화 필요,중간 — 숨은 항목의 포커스·읽기 순서를 명시적으로 제거해야 함,2/5,조건부 배제,높음,flip transition,"Codrops 공식 WordPress API 제목·초록에서 확인된 키워드: reveal, gallery, infinite, animation, transition, scroll, gsap"
81,Codrops,"The Architecture Behind Trionn: Coordinating GSAP, Three.js, Lenis, and Web Audio",https://tympanus.net/codrops/2026/07/15/the-architecture-behind-trionn-coordinating-gsap-three-js-lenis-and-web-audio/,layered-stack,템플릿을 Z축·크기·그림자로 중첩하고 중앙 항목을 전면으로 승격,3/5,"높음 — 공유 원근, Z순서, 그림자, 전면 가리개를 함께 보간해야 함",높음 — 겹친 비활성 항목이 시각·키보드 순서를 혼란시킬 수 있음,4/5,조건부 채택,중간,layer,"Codrops 공식 WordPress API 제목·초록에서 확인된 키워드: three.js, architecture, layer, animation, interaction, gsap"
82,Codrops,The Sleepers: Creating an Atmospheric WebGL Experience with Lightweight Techniques,https://tympanus.net/codrops/2026/07/10/the-sleepers-creating-an-atmospheric-webgl-experience-with-lightweight-techniques/,partial-visible,중앙 활성 템플릿은 완전 노출하고 좌우 비활성 템플릿의 일부를 남겨 다음·이전 방향을 예고,4/5,중간 — 3개 항목의 위치·스케일·가림 상태를 동기화해야 함,중간 — 비활성 복제본을 inert/aria-hidden 처리하고 중앙 항목만 포커스 가능해야 함,5/5,채택,중간,infinite,"Codrops 공식 WordPress API 제목·초록에서 확인된 키워드: webgl, infinite, transition"
83,Codrops,Building a Scroll-Driven 3D Gallery Using a Blender Camera Path with Three.js and GSAP,https://tympanus.net/codrops/2026/07/07/building-a-scroll-driven-3d-gallery-using-a-blender-camera-path-with-three-js-and-gsap/,partial-visible,중앙 활성 템플릿은 완전 노출하고 좌우 비활성 템플릿의 일부를 남겨 다음·이전 방향을 예고,4/5,중간 — 3개 항목의 위치·스케일·가림 상태를 동기화해야 함,중간 — 비활성 복제본을 inert/aria-hidden 처리하고 중앙 항목만 포커스 가능해야 함,5/5,채택,높음,gallery,"Codrops 공식 WordPress API 제목·초록에서 확인된 키워드: 3d, three.js, gallery, scroll, gsap"
84,Codrops,Building a Scroll-Driven 3D Cube Gallery in Webflow with GSAP,https://tympanus.net/codrops/2026/05/26/building-a-scroll-driven-3d-cube-gallery-in-webflow-with-gsap/,partial-visible,중앙 활성 템플릿은 완전 노출하고 좌우 비활성 템플릿의 일부를 남겨 다음·이전 방향을 예고,4/5,중간 — 3개 항목의 위치·스케일·가림 상태를 동기화해야 함,중간 — 비활성 복제본을 inert/aria-hidden 처리하고 중앙 항목만 포커스 가능해야 함,5/5,채택,높음,gallery,"Codrops 공식 WordPress API 제목·초록에서 확인된 키워드: 3d, gallery, animation, scroll, gsap"
85,Codrops,False Earth: From WebGL Limits to a WebGPU-Driven World,https://tympanus.net/codrops/2026/04/21/false-earth-from-webgl-limits-to-a-webgpu-driven-world/,partial-visible,중앙 활성 템플릿은 완전 노출하고 좌우 비활성 템플릿의 일부를 남겨 다음·이전 방향을 예고,4/5,중간 — 3개 항목의 위치·스케일·가림 상태를 동기화해야 함,중간 — 비활성 복제본을 inert/aria-hidden 처리하고 중앙 항목만 포커스 가능해야 함,5/5,채택,중간,infinite,"Codrops 공식 WordPress API 제목·초록에서 확인된 키워드: webgl, three.js, infinite, interactive"
86,Codrops,"Interactive Storytelling for the Web: Building Immersive Stories with Timelines, 3D, and Layered Scenes",https://tympanus.net/codrops/2026/04/20/interactive-storytelling-for-the-web-building-immersive-stories-with-timelines-3d-and-layered-scenes/,layered-stack,템플릿을 Z축·크기·그림자로 중첩하고 중앙 항목을 전면으로 승격,3/5,"높음 — 공유 원근, Z순서, 그림자, 전면 가리개를 함께 보간해야 함",높음 — 겹친 비활성 항목이 시각·키보드 순서를 혼란시킬 수 있음,4/5,조건부 채택,높음,"layered, layer, 3d, immersive","Codrops 공식 WordPress API 제목·초록에서 확인된 키워드: 3d, immersive, layer, layered, motion, interaction, interactive"
87,Codrops,"WebGL for Designers: Creating Interactive, Shader-Driven Graphics Directly in the Browser",https://tympanus.net/codrops/2026/03/04/webgl-for-designers-creating-interactive-shader-driven-graphics-directly-in-the-browser/,center-only-fade,중앙 프레임 한 곳에서 콘텐츠를 교체하며 비활성 항목은 opacity로 제거,5/5,낮음 — opacity와 짧은 위치 보정만 필요,낮음 — DOM 활성 상태와 aria-live만 정리하면 됨,3/5,보조안,높음,shader,"Codrops 공식 WordPress API 제목·초록에서 확인된 키워드: webgl, layer, interactive"
88,Codrops,Creating a Smooth Horizontal Parallax Gallery: From DOM to WebGL,https://tympanus.net/codrops/2026/02/19/creating-a-smooth-horizontal-parallax-gallery-from-dom-to-webgl/,partial-visible,중앙 활성 템플릿은 완전 노출하고 좌우 비활성 템플릿의 일부를 남겨 다음·이전 방향을 예고,4/5,중간 — 3개 항목의 위치·스케일·가림 상태를 동기화해야 함,중간 — 비활성 복제본을 inert/aria-hidden 처리하고 중앙 항목만 포커스 가능해야 함,5/5,채택,높음,"horizontal, parallax, gallery","Codrops 공식 WordPress API 제목·초록에서 확인된 키워드: webgl, three.js, gallery, horizontal, parallax"
89,Codrops,Reactive Depth: Building a Scroll-Driven 3D Image Tube with React Three Fiber,https://tympanus.net/codrops/2026/02/17/reactive-depth-building-a-scroll-driven-3d-image-tube-with-react-three-fiber/,layered-stack,템플릿을 Z축·크기·그림자로 중첩하고 중앙 항목을 전면으로 승격,3/5,"높음 — 공유 원근, Z순서, 그림자, 전면 가리개를 함께 보간해야 함",높음 — 겹친 비활성 항목이 시각·키보드 순서를 혼란시킬 수 있음,4/5,조건부 채택,높음,"3d, depth, tube","Codrops 공식 WordPress API 제목·초록에서 확인된 키워드: depth, 3d, infinite, loop, motion, scroll"
90,Codrops,Creating Wavy Infinite Carousels in React Three Fiber with GLSL Shaders,https://tympanus.net/codrops/2025/11/26/creating-wavy-infinite-carousels-in-react-three-fiber-with-glsl-shaders/,center-only-fade,중앙 프레임 한 곳에서 콘텐츠를 교체하며 비활성 항목은 opacity로 제거,5/5,낮음 — opacity와 짧은 위치 보정만 필요,낮음 — DOM 활성 상태와 aria-live만 정리하면 됨,3/5,보조안,높음,shader,"Codrops 공식 WordPress API 제목·초록에서 확인된 키워드: 3d, carousel, infinite, scroll"
91,Codrops,One Canvas to Rule Them All: How INK Games’ New Site Handles Complex 3D,https://tympanus.net/codrops/2025/11/21/one-canvas-to-rule-them-all-how-ink-games-new-site-handles-complex-3d/,layered-stack,템플릿을 Z축·크기·그림자로 중첩하고 중앙 항목을 전면으로 승격,3/5,"높음 — 공유 원근, Z순서, 그림자, 전면 가리개를 함께 보간해야 함",높음 — 겹친 비활성 항목이 시각·키보드 순서를 혼란시킬 수 있음,4/5,조건부 채택,높음,3d,"Codrops 공식 WordPress API 제목·초록에서 확인된 키워드: 3d, webgl, layer, layered, animation, scroll"
92,Codrops,Building a Layered Zoom Scroll Effect with GSAP ScrollSmoother and ScrollTrigger,https://tympanus.net/codrops/2025/10/29/building-a-layered-zoom-scroll-effect-with-gsap-scrollsmoother-and-scrolltrigger/,layered-stack,템플릿을 Z축·크기·그림자로 중첩하고 중앙 항목을 전면으로 승격,3/5,"높음 — 공유 원근, Z순서, 그림자, 전면 가리개를 함께 보간해야 함",높음 — 겹친 비활성 항목이 시각·키보드 순서를 혼란시킬 수 있음,4/5,조건부 채택,높음,"layered, layer","Codrops 공식 WordPress API 제목·초록에서 확인된 키워드: depth, layer, layered, animation, scroll, gsap"
93,Codrops,"How to Animate WebGL Shaders with GSAP: Ripples, Reveals, and Dynamic Blur Effects",https://tympanus.net/codrops/2025/10/08/how-to-animate-webgl-shaders-with-gsap-ripples-reveals-and-dynamic-blur-effects/,center-only-fade,중앙 프레임 한 곳에서 콘텐츠를 교체하며 비활성 항목은 opacity로 제거,5/5,낮음 — opacity와 짧은 위치 보정만 필요,낮음 — DOM 활성 상태와 aria-live만 정리하면 됨,3/5,보조안,높음,"blur, shader","Codrops 공식 WordPress API 제목·초록에서 확인된 키워드: webgl, reveal, gsap"
94,Codrops,Fluid Worlds and Layered Visions: Tomoya Okada’s Digital Craft,https://tympanus.net/codrops/2025/10/03/fluid-worlds-and-layered-visions-tomoya-okadas-digital-craft/,layered-stack,템플릿을 Z축·크기·그림자로 중첩하고 중앙 항목을 전면으로 승격,3/5,"높음 — 공유 원근, Z순서, 그림자, 전면 가리개를 함께 보간해야 함",높음 — 겹친 비활성 항목이 시각·키보드 순서를 혼란시킬 수 있음,4/5,조건부 채택,높음,"layered, layer","Codrops 공식 WordPress API 제목·초록에서 확인된 키워드: immersive, layer, layered, motion"
95,Codrops,Interactive Video Projection Mapping with Three.js,https://tympanus.net/codrops/2025/08/28/interactive-video-projection-mapping-with-three-js/,layered-stack,템플릿을 Z축·크기·그림자로 중첩하고 중앙 항목을 전면으로 승격,3/5,"높음 — 공유 원근, Z순서, 그림자, 전면 가리개를 함께 보간해야 함",높음 — 겹친 비활성 항목이 시각·키보드 순서를 혼란시킬 수 있음,4/5,조건부 채택,높음,projection,"Codrops 공식 WordPress API 제목·초록에서 확인된 키워드: 3d, three.js, mask, motion, interactive, grid"
96,Codrops,On-Scroll 3D Carousel,https://tympanus.net/codrops/2025/05/07/on-scroll-3d-carousel/,partial-visible,중앙 활성 템플릿은 완전 노출하고 좌우 비활성 템플릿의 일부를 남겨 다음·이전 방향을 예고,4/5,중간 — 3개 항목의 위치·스케일·가림 상태를 동기화해야 함,중간 — 비활성 복제본을 inert/aria-hidden 처리하고 중앙 항목만 포커스 가능해야 함,5/5,채택,높음,carousel,"Codrops 공식 WordPress API 제목·초록에서 확인된 키워드: 3d, carousel, animation, scroll"
97,Codrops,Mastering Carousels with GSAP: From Basics to Advanced Animation,https://tympanus.net/codrops/2025/04/21/mastering-carousels-with-gsap-from-basics-to-advanced-animation/,partial-visible,중앙 활성 템플릿은 완전 노출하고 좌우 비활성 템플릿의 일부를 남겨 다음·이전 방향을 예고,4/5,중간 — 3개 항목의 위치·스케일·가림 상태를 동기화해야 함,중간 — 비활성 복제본을 inert/aria-hidden 처리하고 중앙 항목만 포커스 가능해야 함,5/5,채택,높음,carousel,"Codrops 공식 WordPress API 제목·초록에서 확인된 키워드: 3d, carousel, animation, scroll, interaction, gsap"
98,Codrops,Between Print and Digital: The Making of MERSI’s Website,https://tympanus.net/codrops/2026/07/27/between-print-and-digital-the-making-of-mersis-website/,layered-stack,템플릿을 Z축·크기·그림자로 중첩하고 중앙 항목을 전면으로 승격,3/5,"높음 — 공유 원근, Z순서, 그림자, 전면 가리개를 함께 보간해야 함",높음 — 겹친 비활성 항목이 시각·키보드 순서를 혼란시킬 수 있음,4/5,조건부 채택,중간,immersive,"Codrops 공식 WordPress API 제목·초록에서 확인된 키워드: immersive, architectural, motion, interactive, editorial, quiet"
99,Codrops,Building Cerebrium: Making Serverless Infrastructure Tangible,https://tympanus.net/codrops/2026/07/23/building-cerebrium-making-serverless-infrastructure-tangible/,layered-stack,템플릿을 Z축·크기·그림자로 중첩하고 중앙 항목을 전면으로 승격,3/5,"높음 — 공유 원근, Z순서, 그림자, 전면 가리개를 함께 보간해야 함",높음 — 겹친 비활성 항목이 시각·키보드 순서를 혼란시킬 수 있음,4/5,조건부 채택,중간,3d,"Codrops 공식 WordPress API 제목·초록에서 확인된 키워드: 3d, webgl, interactive"
100,Codrops,Building Ridgeline: Engineering a Real-Time 3D Experience in Webflow,https://tympanus.net/codrops/2026/07/22/building-ridgeline-engineering-a-real-time-3d-experience-in-webflow/,layered-stack,템플릿을 Z축·크기·그림자로 중첩하고 중앙 항목을 전면으로 승격,3/5,"높음 — 공유 원근, Z순서, 그림자, 전면 가리개를 함께 보간해야 함",높음 — 겹친 비활성 항목이 시각·키보드 순서를 혼란시킬 수 있음,4/5,조건부 채택,높음,3d,"Codrops 공식 WordPress API 제목·초록에서 확인된 키워드: 3d, architectural, animation, performance"
101,Codrops,Magnetic Commerce: Building the Dash Creative Website,https://tympanus.net/codrops/2026/07/21/magnetic-commerce-building-the-dash-creative-website/,other,공개 근거에서 비활성 캐러셀 항목의 노출 방식을 확정할 수 없음,1/5,판단 불가,판단 불가,1/5,배제,낮음,직접 단서 없음,"Codrops 공식 WordPress API 제목·초록에서 확인된 키워드: webgl, animation, interaction"
102,Codrops,ZERO: The Engineering Behind a Defiant Interactive Narrative,https://tympanus.net/codrops/2026/07/17/zero-the-engineering-behind-a-defiant-interactive-narrative/,layered-stack,템플릿을 Z축·크기·그림자로 중첩하고 중앙 항목을 전면으로 승격,3/5,"높음 — 공유 원근, Z순서, 그림자, 전면 가리개를 함께 보간해야 함",높음 — 겹친 비활성 항목이 시각·키보드 순서를 혼란시킬 수 있음,4/5,조건부 채택,중간,immersive,"Codrops 공식 WordPress API 제목·초록에서 확인된 키워드: webgl, immersive, scroll, interactive, performance"
103,Codrops,"Where Stories Become Interactive Worlds: How makemepulse Brings Ideas to Life Across Web, XR, and Beyond",https://tympanus.net/codrops/2026/07/13/where-stories-become-interactive-worlds-how-makemepulse-brings-ideas-to-life-across-web-xr-and-beyond/,layered-stack,템플릿을 Z축·크기·그림자로 중첩하고 중앙 항목을 전면으로 승격,3/5,"높음 — 공유 원근, Z순서, 그림자, 전면 가리개를 함께 보간해야 함",높음 — 겹친 비활성 항목이 시각·키보드 순서를 혼란시킬 수 있음,4/5,조건부 채택,중간,immersive,"Codrops 공식 WordPress API 제목·초록에서 확인된 키워드: immersive, interactive"
104,Codrops,Building an Interactive Wave Propagation Cube Grid with Three.js,https://tympanus.net/codrops/2026/07/09/building-an-interactive-wave-propagation-cube-grid-with-three-js/,layered-stack,템플릿을 Z축·크기·그림자로 중첩하고 중앙 항목을 전면으로 승격,3/5,"높음 — 공유 원근, Z순서, 그림자, 전면 가리개를 함께 보간해야 함",높음 — 겹친 비활성 항목이 시각·키보드 순서를 혼란시킬 수 있음,4/5,조건부 채택,높음,cube,"Codrops 공식 WordPress API 제목·초록에서 확인된 키워드: 3d, three.js, interactive, minimal, grid"
105,Codrops,Ten Years Away: Designing an Interactive Comic for Studio375’s Tenth Anniversary,https://tympanus.net/codrops/2026/07/08/ten-years-away-designing-an-interactive-comic-for-studio375s-tenth-anniversary/,other,공개 근거에서 비활성 캐러셀 항목의 노출 방식을 확정할 수 없음,1/5,판단 불가,판단 불가,1/5,배제,낮음,직접 단서 없음,"Codrops 공식 WordPress API 제목·초록에서 확인된 키워드: webgl, scroll, interactive"
106,Codrops,Sculpting a Digital Athlete: Capturing Stefanos Tsitsipas Beyond the Court,https://tympanus.net/codrops/2026/07/01/sculpting-a-digital-athlete-capturing-stefanos-tsitsipas-beyond-the-court/,layered-stack,템플릿을 Z축·크기·그림자로 중첩하고 중앙 항목을 전면으로 승격,3/5,"높음 — 공유 원근, Z순서, 그림자, 전면 가리개를 함께 보간해야 함",높음 — 겹친 비활성 항목이 시각·키보드 순서를 혼란시킬 수 있음,4/5,조건부 채택,중간,3d,"Codrops 공식 WordPress API 제목·초록에서 확인된 키워드: 3d, webgl, animation"
107,Codrops,Exploring 3D Image Rotations on Scroll,https://tympanus.net/codrops/2026/06/18/exploring-3d-image-rotations-on-scroll/,layered-stack,템플릿을 Z축·크기·그림자로 중첩하고 중앙 항목을 전면으로 승격,3/5,"높음 — 공유 원근, Z순서, 그림자, 전면 가리개를 함께 보간해야 함",높음 — 겹친 비활성 항목이 시각·키보드 순서를 혼란시킬 수 있음,4/5,조건부 채택,높음,3d,"Codrops 공식 WordPress API 제목·초록에서 확인된 키워드: 3d, scroll"
108,Codrops,Sketching the Impossible: A 3D Portfolio Built Without a Single 3D Model,https://tympanus.net/codrops/2026/06/11/sketching-the-impossible-a-3d-portfolio-built-without-a-single-3d-model/,layered-stack,템플릿을 Z축·크기·그림자로 중첩하고 중앙 항목을 전면으로 승격,3/5,"높음 — 공유 원근, Z순서, 그림자, 전면 가리개를 함께 보간해야 함",높음 — 겹친 비활성 항목이 시각·키보드 순서를 혼란시킬 수 있음,4/5,조건부 채택,높음,3d,"Codrops 공식 WordPress API 제목·초록에서 확인된 키워드: 3d, infinite, portfolio"
109,Codrops,Building Horeca: Advanced Motion Design in Webflow Without the Performance Trade-Offs,https://tympanus.net/codrops/2026/06/10/building-horeca-advanced-motion-design-in-webflow-without-the-performance-trade-offs/,other,공개 근거에서 비활성 캐러셀 항목의 노출 방식을 확정할 수 없음,1/5,판단 불가,판단 불가,1/5,배제,낮음,직접 단서 없음,"Codrops 공식 WordPress API 제목·초록에서 확인된 키워드: architecture, animation, motion, scroll, performance"
110,Codrops,From Shader Uniforms to Clip-Path Wipes: How GSAP Drives My Portfolio,https://tympanus.net/codrops/2026/05/06/from-shader-uniforms-to-clip-path-wipes-how-gsap-drives-my-portfolio/,center-only-fade,중앙 프레임 한 곳에서 콘텐츠를 교체하며 비활성 항목은 opacity로 제거,5/5,낮음 — opacity와 짧은 위치 보정만 필요,낮음 — DOM 활성 상태와 aria-live만 정리하면 됨,3/5,보조안,높음,shader,"Codrops 공식 WordPress API 제목·초록에서 확인된 키워드: clip, reveal, gsap, portfolio"
111,Codrops,Designing Against the Gallery: A Two-Year Journey to a Layered Portfolio Experience,https://tympanus.net/codrops/2026/05/02/designing-against-the-gallery-a-two-year-journey-to-a-layered-portfolio-experience/,partial-visible,중앙 활성 템플릿은 완전 노출하고 좌우 비활성 템플릿의 일부를 남겨 다음·이전 방향을 예고,4/5,중간 — 3개 항목의 위치·스케일·가림 상태를 동기화해야 함,중간 — 비활성 복제본을 inert/aria-hidden 처리하고 중앙 항목만 포커스 가능해야 함,5/5,채택,높음,gallery,"Codrops 공식 WordPress API 제목·초록에서 확인된 키워드: layer, layered, gallery, portfolio"
112,Codrops,More Than a Portfolio: Building a Scroll-Driven 3D World with Something to Say,https://tympanus.net/codrops/2026/04/28/more-than-a-portfolio-building-a-scroll-driven-3d-world-with-something-to-say/,layered-stack,템플릿을 Z축·크기·그림자로 중첩하고 중앙 항목을 전면으로 승격,3/5,"높음 — 공유 원근, Z순서, 그림자, 전면 가리개를 함께 보간해야 함",높음 — 겹친 비활성 항목이 시각·키보드 순서를 혼란시킬 수 있음,4/5,조건부 채택,높음,3d,"Codrops 공식 WordPress API 제목·초록에서 확인된 키워드: 3d, webgl, three.js, scroll, gsap, portfolio"
113,Codrops,Susurrus: Crafting a Cozy Watercolor World with Three.js and Shaders,https://tympanus.net/codrops/2026/04/24/susurrus-crafting-a-cozy-watercolor-world-with-three-js-and-shaders/,center-only-fade,중앙 프레임 한 곳에서 콘텐츠를 교체하며 비활성 항목은 opacity로 제거,5/5,낮음 — opacity와 짧은 위치 보정만 필요,낮음 — DOM 활성 상태와 aria-live만 정리하면 됨,3/5,보조안,높음,shader,"Codrops 공식 WordPress API 제목·초록에서 확인된 키워드: webgl, three.js, interaction"
114,Codrops,A Playful Clip Menu with GSAP’s easeReverse,https://tympanus.net/codrops/2026/04/22/a-playful-clip-menu-with-gsaps-easereverse/,hidden-offstage,활성 템플릿 외 항목은 개구부 밖 또는 마스크 뒤에 완전히 숨기고 전환 시에만 진입,4/5,중간 — 오프스테이지 위치와 마스크 경계의 동기화 필요,중간 — 숨은 항목의 포커스·읽기 순서를 명시적으로 제거해야 함,2/5,조건부 배제,높음,clip,"Codrops 공식 WordPress API 제목·초록에서 확인된 키워드: clip, animation, gsap"
115,Codrops,Arnaud Rocca’s Portfolio: From a GSAP-Powered Motion System to Fluid WebGL,https://tympanus.net/codrops/2026/03/31/arnaud-roccas-portfolio-from-a-gsap-powered-motion-system-to-fluid-webgl/,other,공개 근거에서 비활성 캐러셀 항목의 노출 방식을 확정할 수 없음,1/5,판단 불가,판단 불가,1/5,배제,낮음,직접 단서 없음,"Codrops 공식 WordPress API 제목·초록에서 확인된 키워드: webgl, animation, motion, transition, interaction, portfolio"
116,Codrops,Pell Mell: Crafting a Visual Exploration Platform with Editorial Rhythm,https://tympanus.net/codrops/2026/03/27/pell-mell-crafting-a-visual-exploration-platform-with-editorial-rhythm/,layered-stack,템플릿을 Z축·크기·그림자로 중첩하고 중앙 항목을 전면으로 승격,3/5,"높음 — 공유 원근, Z순서, 그림자, 전면 가리개를 함께 보간해야 함",높음 — 겹친 비활성 항목이 시각·키보드 순서를 혼란시킬 수 있음,4/5,조건부 채택,중간,immersive,"Codrops 공식 WordPress API 제목·초록에서 확인된 키워드: immersive, scroll, interaction, editorial, performance"
117,Codrops,"Digital Craft, Wild Soul: Building San Rita’s Topographic Web Experience",https://tympanus.net/codrops/2026/03/24/digital-craft-wild-soul-building-san-ritas-topographic-web-experience/,layered-stack,템플릿을 Z축·크기·그림자로 중첩하고 중앙 항목을 전면으로 승격,3/5,"높음 — 공유 원근, Z순서, 그림자, 전면 가리개를 함께 보간해야 함",높음 — 겹친 비활성 항목이 시각·키보드 순서를 혼란시킬 수 있음,4/5,조건부 채택,중간,"3d, immersive","Codrops 공식 WordPress API 제목·초록에서 확인된 키워드: 3d, immersive, motion, portfolio"
118,Codrops,Building a Dual-Scene Fluid X-Ray Reveal Effect in Three.js,https://tympanus.net/codrops/2026/03/23/building-a-dual-scene-fluid-x-ray-reveal-effect-in-three-js/,other,공개 근거에서 비활성 캐러셀 항목의 노출 방식을 확정할 수 없음,1/5,판단 불가,판단 불가,1/5,배제,낮음,직접 단서 없음,"Codrops 공식 WordPress API 제목·초록에서 확인된 키워드: three.js, reveal"
119,Codrops,"Building Seamless 3D Transitions with Webflow, GSAP, and Three.js",https://tympanus.net/codrops/2026/03/18/building-seamless-3d-transitions-with-webflow-gsap-and-three-js/,layered-stack,템플릿을 Z축·크기·그림자로 중첩하고 중앙 항목을 전면으로 승격,3/5,"높음 — 공유 원근, Z순서, 그림자, 전면 가리개를 함께 보간해야 함",높음 — 겹친 비활성 항목이 시각·키보드 순서를 혼란시킬 수 있음,4/5,조건부 채택,높음,3d,"Codrops 공식 WordPress API 제목·초록에서 확인된 키워드: 3d, three.js, transition, gsap"
120,Codrops,SVG Mask Transitions on Scroll with GSAP and ScrollTrigger,https://tympanus.net/codrops/2026/03/11/svg-mask-transitions-on-scroll-with-gsap-and-scrolltrigger/,hidden-offstage,활성 템플릿 외 항목은 개구부 밖 또는 마스크 뒤에 완전히 숨기고 전환 시에만 진입,4/5,중간 — 오프스테이지 위치와 마스크 경계의 동기화 필요,중간 — 숨은 항목의 포커스·읽기 순서를 명시적으로 제거해야 함,2/5,조건부 배제,높음,mask,"Codrops 공식 WordPress API 제목·초록에서 확인된 키워드: mask, reveal, transition, scroll, gsap, grid"
121,Codrops,"Inside Corentin Bernadou’s Portfolio: Swiss-Inspired Layouts, WebGL Geometry, and Thoughtful Motion",https://tympanus.net/codrops/2026/03/05/inside-corentin-bernadous-portfolio-swiss-inspired-layouts-webgl-geometry-and-thoughtful-motion/,other,공개 근거에서 비활성 캐러셀 항목의 노출 방식을 확정할 수 없음,1/5,판단 불가,판단 불가,1/5,배제,낮음,직접 단서 없음,"Codrops 공식 WordPress API 제목·초록에서 확인된 키워드: webgl, motion, editorial, portfolio"
122,Codrops,Gabriel Norman: From Gaming Culture to High-End Interactive Experiences,https://tympanus.net/codrops/2026/02/27/gabriel-norman-from-gaming-culture-to-high-end-interactive-experiences/,layered-stack,템플릿을 Z축·크기·그림자로 중첩하고 중앙 항목을 전면으로 승격,3/5,"높음 — 공유 원근, Z순서, 그림자, 전면 가리개를 함께 보간해야 함",높음 — 겹친 비활성 항목이 시각·키보드 순서를 혼란시킬 수 있음,4/5,조건부 채택,중간,immersive,"Codrops 공식 WordPress API 제목·초록에서 확인된 키워드: immersive, motion, interactive"
123,Codrops,From Flat to Spatial: Creating a 3D Product Grid with React Three Fiber,https://tympanus.net/codrops/2026/02/24/from-flat-to-spatial-creating-a-3d-product-grid-with-react-three-fiber/,layered-stack,템플릿을 Z축·크기·그림자로 중첩하고 중앙 항목을 전면으로 승격,3/5,"높음 — 공유 원근, Z순서, 그림자, 전면 가리개를 함께 보간해야 함",높음 — 겹친 비활성 항목이 시각·키보드 순서를 혼란시킬 수 있음,4/5,조건부 채택,높음,"3d, spatial","Codrops 공식 WordPress API 제목·초록에서 확인된 키워드: spatial, 3d, animation, grid, performance"
124,Codrops,Composite Rendering: The Brilliance Behind Inspiring WebGL Transitions,https://tympanus.net/codrops/2026/02/23/composite-rendering-the-brilliance-behind-inspiring-webgl-transitions/,other,공개 근거에서 비활성 캐러셀 항목의 노출 방식을 확정할 수 없음,1/5,판단 불가,판단 불가,1/5,배제,낮음,직접 단서 없음,"Codrops 공식 WordPress API 제목·초록에서 확인된 키워드: webgl, transition"
125,Codrops,"Joffrey Spitzer Portfolio: A Minimalist Astro + GSAP Build with Reveals, Flip Transitions and Subtle Motion",https://tympanus.net/codrops/2026/02/18/joffrey-spitzer-portfolio-a-minimalist-astro-gsap-build-with-reveals-flip-transitions-and-subtle-motion/,hidden-offstage,활성 템플릿 외 항목은 개구부 밖 또는 마스크 뒤에 완전히 숨기고 전환 시에만 진입,4/5,중간 — 오프스테이지 위치와 마스크 경계의 동기화 필요,중간 — 숨은 항목의 포커스·읽기 순서를 명시적으로 제거해야 함,2/5,조건부 배제,높음,flip transition,"Codrops 공식 WordPress API 제목·초록에서 확인된 키워드: reveal, animation, motion, transition, gsap, minimal, portfolio"
126,Codrops,Building an Endless Procedural Snake with Three.js and WebGL,https://tympanus.net/codrops/2026/02/10/building-an-endless-procedural-snake-with-three-js-and-webgl/,other,공개 근거에서 비활성 캐러셀 항목의 노출 방식을 확정할 수 없음,1/5,판단 불가,판단 불가,1/5,배제,낮음,직접 단서 없음,"Codrops 공식 WordPress API 제목·초록에서 확인된 키워드: webgl, three.js, motion"
127,Codrops,Making Motion Behave: Inside Vladyslav Penev’s Production-Ready Interaction Systems,https://tympanus.net/codrops/2026/02/04/making-motion-behave-inside-vladyslav-penevs-production-ready-interaction-systems/,layered-stack,템플릿을 Z축·크기·그림자로 중첩하고 중앙 항목을 전면으로 승격,3/5,"높음 — 공유 원근, Z순서, 그림자, 전면 가리개를 함께 보간해야 함",높음 — 겹친 비활성 항목이 시각·키보드 순서를 혼란시킬 수 있음,4/5,조건부 채택,중간,3d,"Codrops 공식 WordPress API 제목·초록에서 확인된 키워드: 3d, webgl, motion, interaction"
128,Codrops,"The Spark: Engineering an Immersive, Story-First Web Experience",https://tympanus.net/codrops/2026/01/09/the-spark-engineering-an-immersive-story-first-web-experience/,layered-stack,템플릿을 Z축·크기·그림자로 중첩하고 중앙 항목을 전면으로 승격,3/5,"높음 — 공유 원근, Z순서, 그림자, 전면 가리개를 함께 보간해야 함",높음 — 겹친 비활성 항목이 시각·키보드 순서를 혼란시킬 수 있음,4/5,조건부 채택,높음,immersive,"Codrops 공식 WordPress API 제목·초록에서 확인된 키워드: depth, immersive, motion, scroll, performance"
129,Codrops,Simulating Life in the Browser: Creating a Living Particle System for the UntilLabs Website,https://tympanus.net/codrops/2025/12/10/simulating-life-in-the-browser-creating-a-living-particle-system-for-the-untillabs-website/,other,공개 근거에서 비활성 캐러셀 항목의 노출 방식을 확정할 수 없음,1/5,판단 불가,판단 불가,1/5,배제,낮음,직접 단서 없음,"Codrops 공식 WordPress API 제목·초록에서 확인된 키워드: webgl, motion"
130,Codrops,Building With Perfect Pitch: How Fiddle.Digital Composes High-Performance Digital Experiences,https://tympanus.net/codrops/2025/12/08/building-with-perfect-pitch-how-fiddle-digital-composes-high-performance-digital-experiences/,layered-stack,템플릿을 Z축·크기·그림자로 중첩하고 중앙 항목을 전면으로 승격,3/5,"높음 — 공유 원근, Z순서, 그림자, 전면 가리개를 함께 보간해야 함",높음 — 겹친 비활성 항목이 시각·키보드 순서를 혼란시킬 수 있음,4/5,조건부 채택,중간,immersive,"Codrops 공식 WordPress API 제목·초록에서 확인된 키워드: immersive, reveal, performance"
131,Codrops,Crafting Nature Beyond Technology: A Project from Roots to Leaves,https://tympanus.net/codrops/2025/12/04/crafting-nature-beyond-technology-a-project-from-roots-to-leaves/,other,공개 근거에서 비활성 캐러셀 항목의 노출 방식을 확정할 수 없음,1/5,판단 불가,판단 불가,1/5,배제,낮음,직접 단서 없음,"Codrops 공식 WordPress API 제목·초록에서 확인된 키워드: webgl, animation"
132,Codrops,Building The Monolith: Composable Rendering Systems for a 13-Scene WebGL Epic,https://tympanus.net/codrops/2025/11/29/building-the-monolith-composable-rendering-systems-for-a-13-scene-webgl-epic/,other,공개 근거에서 비활성 캐러셀 항목의 노출 방식을 확정할 수 없음,1/5,판단 불가,판단 불가,1/5,배제,낮음,직접 단서 없음,"Codrops 공식 WordPress API 제목·초록에서 확인된 키워드: webgl, transition"
133,Codrops,Letting the Creative Process Shape a WebGL Portfolio,https://tympanus.net/codrops/2025/11/27/letting-the-creative-process-shape-a-webgl-portfolio/,other,공개 근거에서 비활성 캐러셀 항목의 노출 방식을 확정할 수 없음,1/5,판단 불가,판단 불가,1/5,배제,낮음,직접 단서 없음,"Codrops 공식 WordPress API 제목·초록에서 확인된 키워드: webgl, three.js, gsap, portfolio"
134,Codrops,"Behind the KAI Design Dept. Experience: WebGL Line Blur, Video Scrubbing, and 3D Animation",https://tympanus.net/codrops/2025/11/20/behind-the-kai-design-dept-experience-webgl-line-blur-video-scrubbing-and-3d-animation/,center-only-fade,중앙 프레임 한 곳에서 콘텐츠를 교체하며 비활성 항목은 opacity로 제거,5/5,낮음 — opacity와 짧은 위치 보정만 필요,낮음 — DOM 활성 상태와 aria-live만 정리하면 됨,3/5,보조안,높음,blur,"Codrops 공식 WordPress API 제목·초록에서 확인된 키워드: 3d, webgl, animation"
135,Codrops,How to Build Cinematic 3D Scroll Experiences with GSAP,https://tympanus.net/codrops/2025/11/19/how-to-build-cinematic-3d-scroll-experiences-with-gsap/,layered-stack,템플릿을 Z축·크기·그림자로 중첩하고 중앙 항목을 전면으로 승격,3/5,"높음 — 공유 원근, Z순서, 그림자, 전면 가리개를 함께 보간해야 함",높음 — 겹친 비활성 항목이 시각·키보드 순서를 혼란시킬 수 있음,4/5,조건부 채택,높음,3d,"Codrops 공식 WordPress API 제목·초록에서 확인된 키워드: 3d, webgl, three.js, immersive, motion, scroll, gsap"
136,Codrops,Building a 3D Infinite Carousel with Reactive Background Gradients,https://tympanus.net/codrops/2025/11/11/building-a-3d-infinite-carousel-with-reactive-background-gradients/,partial-visible,중앙 활성 템플릿은 완전 노출하고 좌우 비활성 템플릿의 일부를 남겨 다음·이전 방향을 예고,4/5,중간 — 3개 항목의 위치·스케일·가림 상태를 동기화해야 함,중간 — 비활성 복제본을 inert/aria-hidden 처리하고 중앙 항목만 포커스 가능해야 함,5/5,채택,높음,"carousel, infinite","Codrops 공식 WordPress API 제목·초록에서 확인된 키워드: 3d, carousel, infinite"
137,Codrops,Animating a 3D Scene with Spline’s New Timeline Tool,https://tympanus.net/codrops/2025/11/05/animating-a-3d-scene-with-splines-new-timeline-tool/,layered-stack,템플릿을 Z축·크기·그림자로 중첩하고 중앙 항목을 전면으로 승격,3/5,"높음 — 공유 원근, Z순서, 그림자, 전면 가리개를 함께 보간해야 함",높음 — 겹친 비활성 항목이 시각·키보드 순서를 혼란시킬 수 있음,4/5,조건부 채택,높음,3d,"Codrops 공식 WordPress API 제목·초록에서 확인된 키워드: 3d, animation"
138,Codrops,Creating 3D Scroll-Driven Text Animations with CSS and GSAP,https://tympanus.net/codrops/2025/11/04/creating-3d-scroll-driven-text-animations-with-css-and-gsap/,layered-stack,템플릿을 Z축·크기·그림자로 중첩하고 중앙 항목을 전면으로 승격,3/5,"높음 — 공유 원근, Z순서, 그림자, 전면 가리개를 함께 보간해야 함",높음 — 겹친 비활성 항목이 시각·키보드 순서를 혼란시킬 수 있음,4/5,조건부 채택,높음,3d,"Codrops 공식 WordPress API 제목·초록에서 확인된 키워드: 3d, animation, scroll, gsap, performance"
139,Codrops,"The Underdog’s Crown: Clay Boan’s 3D Playground of Design, Motion, and GSAP Magic",https://tympanus.net/codrops/2025/10/14/the-underdogs-crown-clay-boans-3d-playground-of-design-motion-and-gsap-magic/,layered-stack,템플릿을 Z축·크기·그림자로 중첩하고 중앙 항목을 전면으로 승격,3/5,"높음 — 공유 원근, Z순서, 그림자, 전면 가리개를 함께 보간해야 함",높음 — 겹친 비활성 항목이 시각·키보드 순서를 혼란시킬 수 있음,4/5,조건부 채택,높음,3d,"Codrops 공식 WordPress API 제목·초록에서 확인된 키워드: 3d, webgl, animation, motion, gsap, portfolio"
140,Codrops,How to Build an Immersive 3D Circular Carousel in WordPress Using Droip,https://tympanus.net/codrops/2025/10/13/how-to-build-an-immersive-3d-circular-carousel-in-wordpress-using-droip/,partial-visible,중앙 활성 템플릿은 완전 노출하고 좌우 비활성 템플릿의 일부를 남겨 다음·이전 방향을 예고,4/5,중간 — 3개 항목의 위치·스케일·가림 상태를 동기화해야 함,중간 — 비활성 복제본을 inert/aria-hidden 처리하고 중앙 항목만 포커스 가능해야 함,5/5,채택,높음,"carousel, circular","Codrops 공식 WordPress API 제목·초록에서 확인된 키워드: 3d, immersive, carousel"
141,Codrops,Ponpon Mania: How WebGL and GSAP Bring a Comic Sheep’s Dream to Life,https://tympanus.net/codrops/2025/10/07/ponpon-mania-how-webgl-and-gsap-bring-a-comic-sheeps-dream-to-life/,other,공개 근거에서 비활성 캐러셀 항목의 노출 방식을 확정할 수 없음,1/5,판단 불가,판단 불가,1/5,배제,낮음,직접 단서 없음,"Codrops 공식 WordPress API 제목·초록에서 확인된 키워드: webgl, animation, interactive, gsap"
142,Codrops,Creating an Immersive 3D Weather Visualization with React Three Fiber,https://tympanus.net/codrops/2025/09/18/creating-an-immersive-3d-weather-visualization-with-react-three-fiber/,layered-stack,템플릿을 Z축·크기·그림자로 중첩하고 중앙 항목을 전면으로 승격,3/5,"높음 — 공유 원근, Z순서, 그림자, 전면 가리개를 함께 보간해야 함",높음 — 겹친 비활성 항목이 시각·키보드 순서를 혼란시킬 수 있음,4/5,조건부 채택,높음,"3d, immersive","Codrops 공식 WordPress API 제목·초록에서 확인된 키워드: 3d, immersive, interactive"
143,Codrops,Reality meets Emotion: The 3D Storytelling of Célia Lopez,https://tympanus.net/codrops/2025/09/10/reality-meets-emotion-the-3d-storytelling-of-celia-lopez/,layered-stack,템플릿을 Z축·크기·그림자로 중첩하고 중앙 항목을 전면으로 승격,3/5,"높음 — 공유 원근, Z순서, 그림자, 전면 가리개를 함께 보간해야 함",높음 — 겹친 비활성 항목이 시각·키보드 순서를 혼란시킬 수 있음,4/5,조건부 채택,높음,3d,"Codrops 공식 WordPress API 제목·초록에서 확인된 키워드: 3d, motion"
144,Codrops,Exporting a Cloth Simulation from Blender to an Interactive Three.js Scene,https://tympanus.net/codrops/2025/08/20/exporting-a-cloth-simulation-from-blender-to-an-interactive-three-js-scene/,other,공개 근거에서 비활성 캐러셀 항목의 노출 방식을 확정할 수 없음,1/5,판단 불가,판단 불가,1/5,배제,낮음,직접 단서 없음,"Codrops 공식 WordPress API 제목·초록에서 확인된 키워드: three.js, animation, interactive"
145,Codrops,Designer Spotlight: Julie Marting,https://tympanus.net/codrops/2025/08/07/designer-spotlight-julie-marting/,layered-stack,템플릿을 Z축·크기·그림자로 중첩하고 중앙 항목을 전면으로 승격,3/5,"높음 — 공유 원근, Z순서, 그림자, 전면 가리개를 함께 보간해야 함",높음 — 겹친 비활성 항목이 시각·키보드 순서를 혼란시킬 수 있음,4/5,조건부 채택,중간,immersive,"Codrops 공식 WordPress API 제목·초록에서 확인된 키워드: immersive, interactive"
146,Codrops,Interactive WebGL Backgrounds: A Quick Guide to Bayer Dithering,https://tympanus.net/codrops/2025/07/30/interactive-webgl-backgrounds-a-quick-guide-to-bayer-dithering/,other,공개 근거에서 비활성 캐러셀 항목의 노출 방식을 확정할 수 없음,1/5,판단 불가,판단 불가,1/5,배제,낮음,직접 단서 없음,"Codrops 공식 WordPress API 제목·초록에서 확인된 키워드: webgl, interactive"
147,Codrops,"Interactive Text Destruction with Three.js, WebGPU, and TSL",https://tympanus.net/codrops/2025/07/22/interactive-text-destruction-with-three-js-webgpu-and-tsl/,layered-stack,템플릿을 Z축·크기·그림자로 중첩하고 중앙 항목을 전면으로 승격,3/5,"높음 — 공유 원근, Z순서, 그림자, 전면 가리개를 함께 보간해야 함",높음 — 겹친 비활성 항목이 시각·키보드 순서를 혼란시킬 수 있음,4/5,조건부 채택,중간,3d,"Codrops 공식 WordPress API 제목·초록에서 확인된 키워드: 3d, three.js, interactive"
148,Codrops,How To Create Kinetic Image Animations with React Three Fiber,https://tympanus.net/codrops/2025/07/09/how-to-create-kinetic-image-animations-with-react-three-fiber/,layered-stack,템플릿을 Z축·크기·그림자로 중첩하고 중앙 항목을 전면으로 승격,3/5,"높음 — 공유 원근, Z순서, 그림자, 전면 가리개를 함께 보간해야 함",높음 — 겹친 비활성 항목이 시각·키보드 순서를 혼란시킬 수 있음,4/5,조건부 채택,중간,3d,"Codrops 공식 WordPress API 제목·초록에서 확인된 키워드: 3d, animation, motion"
149,Codrops,Invisible Forces: The Making of Phantom.land’s Interactive Grid and 3D Face Particle System,https://tympanus.net/codrops/2025/06/30/invisible-forces-the-making-of-phantom-lands-interactive-grid-and-3d-face-particle-system/,layered-stack,템플릿을 Z축·크기·그림자로 중첩하고 중앙 항목을 전면으로 승격,3/5,"높음 — 공유 원근, Z순서, 그림자, 전면 가리개를 함께 보간해야 함",높음 — 겹친 비활성 항목이 시각·키보드 순서를 혼란시킬 수 있음,4/5,조건부 채택,높음,3d,"Codrops 공식 WordPress API 제목·초록에서 확인된 키워드: 3d, interactive, gsap, grid"
150,Codrops,"Designing TrueKind: A Skincare Brand’s Journey Through Moodboards, Motion, and Meaning",https://tympanus.net/codrops/2025/06/25/designing-truekind-a-skincare-brands-journey-through-moodboards-motion-and-meaning/,other,공개 근거에서 비활성 캐러셀 항목의 노출 방식을 확정할 수 없음,1/5,판단 불가,판단 불가,1/5,배제,낮음,직접 단서 없음,"Codrops 공식 WordPress API 제목·초록에서 확인된 키워드: reveal, motion, gsap"
151,Codrops,"Coding a 3D Audio Visualizer with Three.js, GSAP & Web Audio API",https://tympanus.net/codrops/2025/06/18/coding-a-3d-audio-visualizer-with-three-js-gsap-web-audio-api/,layered-stack,템플릿을 Z축·크기·그림자로 중첩하고 중앙 항목을 전면으로 승격,3/5,"높음 — 공유 원근, Z순서, 그림자, 전면 가리개를 함께 보간해야 함",높음 — 겹친 비활성 항목이 시각·키보드 순서를 혼란시킬 수 있음,4/5,조건부 채택,높음,3d,"Codrops 공식 WordPress API 제목·초록에서 확인된 키워드: 3d, three.js, motion, gsap"
152,Codrops,Building an Infinite Marquee Along an SVG Path with React & Motion,https://tympanus.net/codrops/2025/06/17/building-an-infinite-marquee-along-an-svg-path-with-react-motion/,partial-visible,중앙 활성 템플릿은 완전 노출하고 좌우 비활성 템플릿의 일부를 남겨 다음·이전 방향을 예고,4/5,중간 — 3개 항목의 위치·스케일·가림 상태를 동기화해야 함,중간 — 비활성 복제본을 inert/aria-hidden 처리하고 중앙 항목만 포커스 가능해야 함,5/5,채택,높음,infinite,"Codrops 공식 WordPress API 제목·초록에서 확인된 키워드: infinite, motion"
153,Codrops,Developer Spotlight: Robin Payot,https://tympanus.net/codrops/2025/06/12/developer-spotlight-robin-payot/,other,공개 근거에서 비활성 캐러셀 항목의 노출 방식을 확정할 수 없음,1/5,판단 불가,판단 불가,1/5,배제,낮음,직접 단서 없음,"Codrops 공식 WordPress API 제목·초록에서 확인된 키워드: webgl, animation, interactive"
154,Codrops,Building an Infinite Parallax Grid with GSAP and Seamless Tiling,https://tympanus.net/codrops/2025/06/11/building-an-infinite-parallax-grid-with-gsap-and-seamless-tiling/,partial-visible,중앙 활성 템플릿은 완전 노출하고 좌우 비활성 템플릿의 일부를 남겨 다음·이전 방향을 예고,4/5,중간 — 3개 항목의 위치·스케일·가림 상태를 동기화해야 함,중간 — 비활성 복제본을 inert/aria-hidden 처리하고 중앙 항목만 포커스 가능해야 함,5/5,채택,높음,"parallax, infinite","Codrops 공식 WordPress API 제목·초록에서 확인된 키워드: infinite, animation, motion, scroll, gsap, grid"
155,Codrops,"How to Create Interactive, Droplet-like Metaballs with Three.js and GLSL",https://tympanus.net/codrops/2025/06/09/how-to-create-interactive-droplet-like-metaballs-with-three-js-and-glsl/,other,공개 근거에서 비활성 캐러셀 항목의 노출 방식을 확정할 수 없음,1/5,판단 불가,판단 불가,1/5,배제,낮음,직접 단서 없음,"Codrops 공식 WordPress API 제목·초록에서 확인된 키워드: three.js, interactive"
156,Codrops,How to Create Responsive and SEO-friendly WebGL Text,https://tympanus.net/codrops/2025/06/05/how-to-create-responsive-and-seo-friendly-webgl-text/,other,공개 근거에서 비활성 캐러셀 항목의 노출 방식을 확정할 수 없음,1/5,판단 불가,판단 불가,1/5,배제,낮음,직접 단서 없음,"Codrops 공식 WordPress API 제목·초록에서 확인된 키워드: webgl, animation, scroll"
157,Codrops,Building Interactive 3D Cards in Webflow with Three.js,https://tympanus.net/codrops/2025/05/31/building-interactive-3d-cards-in-webflow-with-three-js/,layered-stack,템플릿을 Z축·크기·그림자로 중첩하고 중앙 항목을 전면으로 승격,3/5,"높음 — 공유 원근, Z순서, 그림자, 전면 가리개를 함께 보간해야 함",높음 — 겹친 비활성 항목이 시각·키보드 순서를 혼란시킬 수 있음,4/5,조건부 채택,높음,3d,"Codrops 공식 WordPress API 제목·초록에서 확인된 키워드: 3d, three.js, interactive"
158,Codrops,Animated Product Grid Preview with GSAP & Clip-Path,https://tympanus.net/codrops/2025/05/27/animated-product-grid-preview-with-gsap-clip-path/,hidden-offstage,활성 템플릿 외 항목은 개구부 밖 또는 마스크 뒤에 완전히 숨기고 전환 시에만 진입,4/5,중간 — 오프스테이지 위치와 마스크 경계의 동기화 필요,중간 — 숨은 항목의 포커스·읽기 순서를 명시적으로 제거해야 함,2/5,조건부 배제,높음,clip,"Codrops 공식 WordPress API 제목·초록에서 확인된 키워드: clip, interactive, gsap, grid"
159,Codrops,Behind the Curtain: Building Aurel’s Grand Theater from Design to Code,https://tympanus.net/codrops/2025/05/20/behind-the-curtain-building-aurels-grand-theater-from-design-to-code/,other,공개 근거에서 비활성 캐러셀 항목의 노출 방식을 확정할 수 없음,1/5,판단 불가,판단 불가,1/5,배제,낮음,직접 단서 없음,"Codrops 공식 WordPress API 제목·초록에서 확인된 키워드: three.js, animation, gsap, portfolio"
160,Codrops,Stas Bondar ’25: The Code & Techniques Behind a Next-Level Portfolio,https://tympanus.net/codrops/2025/03/25/stas-bondar-25-the-code-techniques-behind-a-next-level-portfolio/,other,공개 근거에서 비활성 캐러셀 항목의 노출 방식을 확정할 수 없음,1/5,판단 불가,판단 불가,1/5,배제,낮음,직접 단서 없음,"Codrops 공식 WordPress API 제목·초록에서 확인된 키워드: three.js, animation, gsap, portfolio"
