id,source,domain,url,title,observable_pattern,evidence,decision,reason,verification
1,Awwwards,awwwards.com,https://www.awwwards.com/sites/hearst-exhibit-2026,Hearst Exhibit 2026 - Awwwards SOTD,직접 관련 패턴 미확인,Awwwards 개별 사례 페이지의 title·meta description에서 확인된 키워드: 관련 기술 키워드 없음,배제,공개 페이지에서 개구부·레이어·캐러셀·마스크와 직접 연결되는 관찰 근거가 부족,개별 사례 페이지 본문 수신 성공
2,Awwwards,awwwards.com,https://www.awwwards.com/sites/noomo-showcase,Noomo Showcase - Awwwards SOTD,공유 원근·깊이,Awwwards 개별 사례 페이지의 title·meta description에서 확인된 키워드: immersive,채택,"건축 개구부의 깊이, 전후 레이어 가림, 3개 템플릿 순환 또는 상태 전환 설계에 직접 적용 가능",개별 사례 페이지 본문 수신 성공
3,Awwwards,awwwards.com,https://www.awwwards.com/sites/2xa-studio,2xA Studio - Awwwards SOTD,직접 관련 패턴 미확인,Awwwards 개별 사례 페이지의 title·meta description에서 확인된 키워드: 관련 기술 키워드 없음,배제,공개 페이지에서 개구부·레이어·캐러셀·마스크와 직접 연결되는 관찰 근거가 부족,개별 사례 페이지 본문 수신 성공
4,Awwwards,awwwards.com,https://www.awwwards.com/sites/ciao-energy-launch-website,CIAO ENERGY - LAUNCH WEBSITE - Awwwards SOTD,공유 원근·깊이 | 모션·전환,"Awwwards 개별 사례 페이지의 title·meta description에서 확인된 키워드: 3d, three.js, immersive, interactive",채택,"건축 개구부의 깊이, 전후 레이어 가림, 3개 템플릿 순환 또는 상태 전환 설계에 직접 적용 가능",개별 사례 페이지 본문 수신 성공
5,Awwwards,awwwards.com,https://www.awwwards.com/sites/made-with-gsap-1,Made With Gsap - Awwwards SOTD,모션·전환,Awwwards 개별 사례 페이지의 title·meta description에서 확인된 키워드: gsap,채택,"건축 개구부의 깊이, 전후 레이어 가림, 3개 템플릿 순환 또는 상태 전환 설계에 직접 적용 가능",개별 사례 페이지 본문 수신 성공
6,Awwwards,awwwards.com,https://www.awwwards.com/sites/obys-r-experiment-space,Obys® Experiment Space - Awwwards SOTD,모션·전환,Awwwards 개별 사례 페이지의 title·meta description에서 확인된 키워드: interactive,채택,"건축 개구부의 깊이, 전후 레이어 가림, 3개 템플릿 순환 또는 상태 전환 설계에 직접 적용 가능",개별 사례 페이지 본문 수신 성공
7,Awwwards,awwwards.com,https://www.awwwards.com/sites/trionn-2,TRIONN - Awwwards SOTD,공유 원근·깊이 | 모션·전환,"Awwwards 개별 사례 페이지의 title·meta description에서 확인된 키워드: three.js, motion, gsap",채택,"건축 개구부의 깊이, 전후 레이어 가림, 3개 템플릿 순환 또는 상태 전환 설계에 직접 적용 가능",개별 사례 페이지 본문 수신 성공
8,Awwwards,awwwards.com,https://www.awwwards.com/sites/partizan,Partizan - Awwwards SOTD,직접 관련 패턴 미확인,Awwwards 개별 사례 페이지의 title·meta description에서 확인된 키워드: 관련 기술 키워드 없음,배제,공개 페이지에서 개구부·레이어·캐러셀·마스크와 직접 연결되는 관찰 근거가 부족,개별 사례 페이지 본문 수신 성공
9,Awwwards,awwwards.com,https://www.awwwards.com/sites/artem-shcherbakov,Artem Shcherbakov - Awwwards SOTD,공유 원근·깊이 | 모션·전환 | 미니멀·편집,"Awwwards 개별 사례 페이지의 title·meta description에서 확인된 키워드: webgl, transition, interactive, portfolio, typography",채택,"건축 개구부의 깊이, 전후 레이어 가림, 3개 템플릿 순환 또는 상태 전환 설계에 직접 적용 가능",개별 사례 페이지 본문 수신 성공
10,Awwwards,awwwards.com,https://www.awwwards.com/sites/spotify-wrapped-party,Spotify Wrapped Party - Awwwards SOTD,레이어·마스크,Awwwards 개별 사례 페이지의 title·meta description에서 확인된 키워드: layer,채택,"건축 개구부의 깊이, 전후 레이어 가림, 3개 템플릿 순환 또는 상태 전환 설계에 직접 적용 가능",개별 사례 페이지 본문 수신 성공
11,Awwwards,awwwards.com,https://www.awwwards.com/sites/normal-is-boring,NORMAL IS BORING - Awwwards SOTD,모션·전환,Awwwards 개별 사례 페이지의 title·meta description에서 확인된 키워드: motion,채택,"건축 개구부의 깊이, 전후 레이어 가림, 3개 템플릿 순환 또는 상태 전환 설계에 직접 적용 가능",개별 사례 페이지 본문 수신 성공
12,Awwwards,awwwards.com,https://www.awwwards.com/sites/dragonfly-redux,Dragonfly Redux - Awwwards SOTD,직접 관련 패턴 미확인,Awwwards 개별 사례 페이지의 title·meta description에서 확인된 키워드: 관련 기술 키워드 없음,배제,공개 페이지에서 개구부·레이어·캐러셀·마스크와 직접 연결되는 관찰 근거가 부족,개별 사례 페이지 본문 수신 성공
13,Awwwards,awwwards.com,https://www.awwwards.com/sites/lacoste-polo-factory,Lacoste — Polo Factory - Awwwards SOTD,직접 관련 패턴 미확인,Awwwards 개별 사례 페이지의 title·meta description에서 확인된 키워드: 관련 기술 키워드 없음,배제,공개 페이지에서 개구부·레이어·캐러셀·마스크와 직접 연결되는 관찰 근거가 부족,개별 사례 페이지 본문 수신 성공
14,Awwwards,awwwards.com,https://www.awwwards.com/sites/lama-lama-2,Lama Lama - Awwwards SOTD,직접 관련 패턴 미확인,Awwwards 개별 사례 페이지의 title·meta description에서 확인된 키워드: 관련 기술 키워드 없음,배제,공개 페이지에서 개구부·레이어·캐러셀·마스크와 직접 연결되는 관찰 근거가 부족,개별 사례 페이지 본문 수신 성공
15,Awwwards,awwwards.com,https://www.awwwards.com/sites/glitch-grit,Glitch&Grit - Awwwards SOTD,직접 관련 패턴 미확인,Awwwards 개별 사례 페이지의 title·meta description에서 확인된 키워드: 관련 기술 키워드 없음,배제,공개 페이지에서 개구부·레이어·캐러셀·마스크와 직접 연결되는 관찰 근거가 부족,개별 사례 페이지 본문 수신 성공
16,Awwwards,awwwards.com,https://www.awwwards.com/sites/izanami,IZANAMI - Awwwards SOTD,직접 관련 패턴 미확인,Awwwards 개별 사례 페이지의 title·meta description에서 확인된 키워드: 관련 기술 키워드 없음,배제,공개 페이지에서 개구부·레이어·캐러셀·마스크와 직접 연결되는 관찰 근거가 부족,개별 사례 페이지 본문 수신 성공
17,Awwwards,awwwards.com,https://www.awwwards.com/sites/hiroto-sato,Hiroto Sato - Awwwards SOTD,공유 원근·깊이 | 모션·전환 | 미니멀·편집,"Awwwards 개별 사례 페이지의 title·meta description에서 확인된 키워드: 3d, motion, interactive, portfolio",채택,"건축 개구부의 깊이, 전후 레이어 가림, 3개 템플릿 순환 또는 상태 전환 설계에 직접 적용 가능",개별 사례 페이지 본문 수신 성공
18,Awwwards,awwwards.com,https://www.awwwards.com/sites/coffeetech-r,CoffeeTech® - Awwwards SOTD,직접 관련 패턴 미확인,Awwwards 개별 사례 페이지의 title·meta description에서 확인된 키워드: 관련 기술 키워드 없음,배제,공개 페이지에서 개구부·레이어·캐러셀·마스크와 직접 연결되는 관찰 근거가 부족,개별 사례 페이지 본문 수신 성공
19,Awwwards,awwwards.com,https://www.awwwards.com/sites/risk,RISK - Awwwards SOTD,직접 관련 패턴 미확인,Awwwards 개별 사례 페이지의 title·meta description에서 확인된 키워드: 관련 기술 키워드 없음,배제,공개 페이지에서 개구부·레이어·캐러셀·마스크와 직접 연결되는 관찰 근거가 부족,개별 사례 페이지 본문 수신 성공
20,Awwwards,awwwards.com,https://www.awwwards.com/sites/house-of-honey-1,House of Honey - Awwwards SOTD,미니멀·편집,Awwwards 개별 사례 페이지의 title·meta description에서 확인된 키워드: editorial,보조 채택,깊이 구조의 직접 근거는 약하지만 여백·타이포·정보 위계 참고에 사용,개별 사례 페이지 본문 수신 성공
21,Awwwards,awwwards.com,https://www.awwwards.com/sites/pp-neue-montreal,PP Neue Montreal - Awwwards SOTD,직접 관련 패턴 미확인,Awwwards 개별 사례 페이지의 title·meta description에서 확인된 키워드: 관련 기술 키워드 없음,배제,공개 페이지에서 개구부·레이어·캐러셀·마스크와 직접 연결되는 관찰 근거가 부족,개별 사례 페이지 본문 수신 성공
22,Awwwards,awwwards.com,https://www.awwwards.com/sites/longbow,Longbow - Awwwards SOTD,모션·전환 | 미니멀·편집,"Awwwards 개별 사례 페이지의 title·meta description에서 확인된 키워드: animation, typography, clean",채택,"건축 개구부의 깊이, 전후 레이어 가림, 3개 템플릿 순환 또는 상태 전환 설계에 직접 적용 가능",개별 사례 페이지 본문 수신 성공
23,Awwwards,awwwards.com,https://www.awwwards.com/sites/vectr,Vectr - Awwwards SOTD,직접 관련 패턴 미확인,Awwwards 개별 사례 페이지의 title·meta description에서 확인된 키워드: 관련 기술 키워드 없음,배제,공개 페이지에서 개구부·레이어·캐러셀·마스크와 직접 연결되는 관찰 근거가 부족,개별 사례 페이지 본문 수신 성공
24,Awwwards,awwwards.com,https://www.awwwards.com/sites/21-hrs-on-the-moon,21 Hrs On The Moon - Awwwards SOTD,직접 관련 패턴 미확인,Awwwards 개별 사례 페이지의 title·meta description에서 확인된 키워드: 관련 기술 키워드 없음,배제,공개 페이지에서 개구부·레이어·캐러셀·마스크와 직접 연결되는 관찰 근거가 부족,개별 사례 페이지 본문 수신 성공
25,Awwwards,awwwards.com,https://www.awwwards.com/sites/brunello-cucinelli-ai-e-com,Brunello Cucinelli - AI E-com - Awwwards SOTD,직접 관련 패턴 미확인,Awwwards 개별 사례 페이지의 title·meta description에서 확인된 키워드: 관련 기술 키워드 없음,배제,공개 페이지에서 개구부·레이어·캐러셀·마스크와 직접 연결되는 관찰 근거가 부족,개별 사례 페이지 본문 수신 성공
26,Awwwards,awwwards.com,https://www.awwwards.com/sites/julien-calot,Julien Calot - Awwwards SOTD,직접 관련 패턴 미확인,Awwwards 개별 사례 페이지의 title·meta description에서 확인된 키워드: 관련 기술 키워드 없음,배제,공개 페이지에서 개구부·레이어·캐러셀·마스크와 직접 연결되는 관찰 근거가 부족,개별 사례 페이지 본문 수신 성공
27,Awwwards,awwwards.com,https://www.awwwards.com/sites/depo-luxe,Depo Luxe - Awwwards SOTD,직접 관련 패턴 미확인,Awwwards 개별 사례 페이지의 title·meta description에서 확인된 키워드: 관련 기술 키워드 없음,배제,공개 페이지에서 개구부·레이어·캐러셀·마스크와 직접 연결되는 관찰 근거가 부족,개별 사례 페이지 본문 수신 성공
28,Awwwards,awwwards.com,https://www.awwwards.com/sites/monolog,MONOLOG - Awwwards SOTD,직접 관련 패턴 미확인,Awwwards 개별 사례 페이지의 title·meta description에서 확인된 키워드: 관련 기술 키워드 없음,배제,공개 페이지에서 개구부·레이어·캐러셀·마스크와 직접 연결되는 관찰 근거가 부족,개별 사례 페이지 본문 수신 성공
29,Awwwards,awwwards.com,https://www.awwwards.com/sites/studio-ol,Studio OL - Awwwards Honorable Mention,직접 관련 패턴 미확인,Awwwards 개별 사례 페이지의 title·meta description에서 확인된 키워드: 관련 기술 키워드 없음,배제,공개 페이지에서 개구부·레이어·캐러셀·마스크와 직접 연결되는 관찰 근거가 부족,개별 사례 페이지 본문 수신 성공
30,Awwwards,awwwards.com,https://www.awwwards.com/sites/pizza-amici,Pizza Amici - Awwwards Honorable Mention,직접 관련 패턴 미확인,Awwwards 개별 사례 페이지의 title·meta description에서 확인된 키워드: 관련 기술 키워드 없음,배제,공개 페이지에서 개구부·레이어·캐러셀·마스크와 직접 연결되는 관찰 근거가 부족,개별 사례 페이지 본문 수신 성공
31,Awwwards,awwwards.com,https://www.awwwards.com/sites/ai-in-design-report-2026,Ai in Design Report 2026 - Awwwards Honorable Mention,모션·전환 | 미니멀·편집,"Awwwards 개별 사례 페이지의 title·meta description에서 확인된 키워드: motion, editorial",채택,"건축 개구부의 깊이, 전후 레이어 가림, 3개 템플릿 순환 또는 상태 전환 설계에 직접 적용 가능",개별 사례 페이지 본문 수신 성공
32,Awwwards,awwwards.com,https://www.awwwards.com/sites/planetooote-digital-obsession,PLANETOOOTE :Digital Obsession - Awwwards Honorable Mention,공유 원근·깊이,Awwwards 개별 사례 페이지의 title·meta description에서 확인된 키워드: immersive,채택,"건축 개구부의 깊이, 전후 레이어 가림, 3개 템플릿 순환 또는 상태 전환 설계에 직접 적용 가능",개별 사례 페이지 본문 수신 성공
33,Awwwards,awwwards.com,https://www.awwwards.com/sites/max-kalinsky,Max Kalinsky - Awwwards Honorable Mention,직접 관련 패턴 미확인,Awwwards 개별 사례 페이지의 title·meta description에서 확인된 키워드: 관련 기술 키워드 없음,배제,공개 페이지에서 개구부·레이어·캐러셀·마스크와 직접 연결되는 관찰 근거가 부족,개별 사례 페이지 본문 수신 성공
34,Awwwards,awwwards.com,https://www.awwwards.com/sites/https-www-mosaicist-com,https://www.mosaicist.com/ - Awwwards Honorable Mention,직접 관련 패턴 미확인,Awwwards 개별 사례 페이지의 title·meta description에서 확인된 키워드: 관련 기술 키워드 없음,배제,공개 페이지에서 개구부·레이어·캐러셀·마스크와 직접 연결되는 관찰 근거가 부족,개별 사례 페이지 본문 수신 성공
35,Awwwards,awwwards.com,https://www.awwwards.com/sites/hilden-kaira,Hildén & Kaira - Awwwards SOTD,직접 관련 패턴 미확인,Awwwards 개별 사례 페이지의 title·meta description에서 확인된 키워드: 관련 기술 키워드 없음,배제,공개 페이지에서 개구부·레이어·캐러셀·마스크와 직접 연결되는 관찰 근거가 부족,개별 사례 페이지 본문 수신 성공
36,Awwwards,awwwards.com,https://www.awwwards.com/sites/no-art,No Art - Awwwards Honorable Mention,공유 원근·깊이 | 모션·전환,"Awwwards 개별 사례 페이지의 title·meta description에서 확인된 키워드: immersive, interactive",채택,"건축 개구부의 깊이, 전후 레이어 가림, 3개 템플릿 순환 또는 상태 전환 설계에 직접 적용 가능",개별 사례 페이지 본문 수신 성공
37,Awwwards,awwwards.com,https://www.awwwards.com/sites/nexola-agencys-website,NEXOLA - Agency’s Website - Awwwards Honorable Mention,모션·전환 | 미니멀·편집,"Awwwards 개별 사례 페이지의 title·meta description에서 확인된 키워드: animation, portfolio",채택,"건축 개구부의 깊이, 전후 레이어 가림, 3개 템플릿 순환 또는 상태 전환 설계에 직접 적용 가능",개별 사례 페이지 본문 수신 성공
38,Awwwards,awwwards.com,https://www.awwwards.com/sites/vero-new-york,Vero New-York - Awwwards Honorable Mention,직접 관련 패턴 미확인,Awwwards 개별 사례 페이지의 title·meta description에서 확인된 키워드: 관련 기술 키워드 없음,배제,공개 페이지에서 개구부·레이어·캐러셀·마스크와 직접 연결되는 관찰 근거가 부족,개별 사례 페이지 본문 수신 성공
39,Awwwards,awwwards.com,https://www.awwwards.com/sites/crxtianhub-portfolio,CRXTIANHUB — PORTFOLIO - Awwwards Honorable Mention,미니멀·편집,Awwwards 개별 사례 페이지의 title·meta description에서 확인된 키워드: portfolio,보조 채택,깊이 구조의 직접 근거는 약하지만 여백·타이포·정보 위계 참고에 사용,개별 사례 페이지 본문 수신 성공
40,Awwwards,awwwards.com,https://www.awwwards.com/sites/ducati-superleggera-v4,Ducati Superleggera V4 - Awwwards Honorable Mention,공유 원근·깊이,Awwwards 개별 사례 페이지의 title·meta description에서 확인된 키워드: immersive,채택,"건축 개구부의 깊이, 전후 레이어 가림, 3개 템플릿 순환 또는 상태 전환 설계에 직접 적용 가능",개별 사례 페이지 본문 수신 성공
41,Awwwards,awwwards.com,https://www.awwwards.com/sites/radian,Radian - Awwwards SOTD,모션·전환,"Awwwards 개별 사례 페이지의 title·meta description에서 확인된 키워드: scroll, interaction",채택,"건축 개구부의 깊이, 전후 레이어 가림, 3개 템플릿 순환 또는 상태 전환 설계에 직접 적용 가능",개별 사례 페이지 본문 수신 성공
42,Awwwards,awwwards.com,https://www.awwwards.com/sites/kononenko-architectural-bureau,Kononenko Architectural Bureau - Awwwards Honorable Mention,공유 원근·깊이 | 미니멀·편집,"Awwwards 개별 사례 페이지의 title·meta description에서 확인된 키워드: architectural, minimal, typography",채택,"건축 개구부의 깊이, 전후 레이어 가림, 3개 템플릿 순환 또는 상태 전환 설계에 직접 적용 가능",개별 사례 페이지 본문 수신 성공
43,Awwwards,awwwards.com,https://www.awwwards.com/sites/alethia,Alethia - Awwwards Honorable Mention,모션·전환,Awwwards 개별 사례 페이지의 title·meta description에서 확인된 키워드: interaction,채택,"건축 개구부의 깊이, 전후 레이어 가림, 3개 템플릿 순환 또는 상태 전환 설계에 직접 적용 가능",개별 사례 페이지 본문 수신 성공
44,Awwwards,awwwards.com,https://www.awwwards.com/sites/eleos,Eleos - Awwwards Honorable Mention,직접 관련 패턴 미확인,Awwwards 개별 사례 페이지의 title·meta description에서 확인된 키워드: 관련 기술 키워드 없음,배제,공개 페이지에서 개구부·레이어·캐러셀·마스크와 직접 연결되는 관찰 근거가 부족,개별 사례 페이지 본문 수신 성공
45,Awwwards,awwwards.com,https://www.awwwards.com/sites/20-years-inspired-by-people,20 Years Inspired by People - Awwwards Honorable Mention,직접 관련 패턴 미확인,Awwwards 개별 사례 페이지의 title·meta description에서 확인된 키워드: 관련 기술 키워드 없음,배제,공개 페이지에서 개구부·레이어·캐러셀·마스크와 직접 연결되는 관찰 근거가 부족,개별 사례 페이지 본문 수신 성공
46,Awwwards,awwwards.com,https://www.awwwards.com/sites/cobloc,Cobloc - Awwwards Honorable Mention,공유 원근·깊이,Awwwards 개별 사례 페이지의 title·meta description에서 확인된 키워드: architecture,채택,"건축 개구부의 깊이, 전후 레이어 가림, 3개 템플릿 순환 또는 상태 전환 설계에 직접 적용 가능",개별 사례 페이지 본문 수신 성공
47,Awwwards,awwwards.com,https://www.awwwards.com/sites/yungbld-creative-studio,YUNGBLD CREATIVE STUDIO - Awwwards Honorable Mention,모션·전환,Awwwards 개별 사례 페이지의 title·meta description에서 확인된 키워드: animation,채택,"건축 개구부의 깊이, 전후 레이어 가림, 3개 템플릿 순환 또는 상태 전환 설계에 직접 적용 가능",개별 사례 페이지 본문 수신 성공
48,Awwwards,awwwards.com,https://www.awwwards.com/sites/pelizzari-studio-2,Pelizzari Studio - Awwwards Honorable Mention,공유 원근·깊이,Awwwards 개별 사례 페이지의 title·meta description에서 확인된 키워드: architecture,채택,"건축 개구부의 깊이, 전후 레이어 가림, 3개 템플릿 순환 또는 상태 전환 설계에 직접 적용 가능",개별 사례 페이지 본문 수신 성공
49,Awwwards,awwwards.com,https://www.awwwards.com/sites/catalyst-behavioral,Catalyst Behavioral - Awwwards Honorable Mention,직접 관련 패턴 미확인,Awwwards 개별 사례 페이지의 title·meta description에서 확인된 키워드: 관련 기술 키워드 없음,배제,공개 페이지에서 개구부·레이어·캐러셀·마스크와 직접 연결되는 관찰 근거가 부족,개별 사례 페이지 본문 수신 성공
50,Awwwards,awwwards.com,https://www.awwwards.com/sites/bucks-sauce,Bucks Sauce - Awwwards SOTD,직접 관련 패턴 미확인,Awwwards 개별 사례 페이지의 title·meta description에서 확인된 키워드: 관련 기술 키워드 없음,배제,공개 페이지에서 개구부·레이어·캐러셀·마스크와 직접 연결되는 관찰 근거가 부족,개별 사례 페이지 본문 수신 성공
51,Awwwards,awwwards.com,https://www.awwwards.com/sites/serotoninn,Serotoninn - Awwwards Honorable Mention,직접 관련 패턴 미확인,Awwwards 개별 사례 페이지의 title·meta description에서 확인된 키워드: 관련 기술 키워드 없음,배제,공개 페이지에서 개구부·레이어·캐러셀·마스크와 직접 연결되는 관찰 근거가 부족,개별 사례 페이지 본문 수신 성공
52,Awwwards,awwwards.com,https://www.awwwards.com/sites/cula-technologies,Cula Technologies - Awwwards Honorable Mention,직접 관련 패턴 미확인,Awwwards 개별 사례 페이지의 title·meta description에서 확인된 키워드: 관련 기술 키워드 없음,배제,공개 페이지에서 개구부·레이어·캐러셀·마스크와 직접 연결되는 관찰 근거가 부족,개별 사례 페이지 본문 수신 성공
53,Awwwards,awwwards.com,https://www.awwwards.com/sites/bla-station,Blå Station - Awwwards Honorable Mention,미니멀·편집 | 성능·접근성,"Awwwards 개별 사례 페이지의 title·meta description에서 확인된 키워드: editorial, performance",보조 채택,깊이 구조의 직접 근거는 약하지만 여백·타이포·정보 위계 참고에 사용,개별 사례 페이지 본문 수신 성공
54,Awwwards,awwwards.com,https://www.awwwards.com/sites/viacheslav-novoseltsev,Viacheslav Novoseltsev - Awwwards Honorable Mention,미니멀·편집,Awwwards 개별 사례 페이지의 title·meta description에서 확인된 키워드: portfolio,보조 채택,깊이 구조의 직접 근거는 약하지만 여백·타이포·정보 위계 참고에 사용,개별 사례 페이지 본문 수신 성공
55,Awwwards,awwwards.com,https://www.awwwards.com/sites/mr-day,Mr Day - Awwwards Honorable Mention,공유 원근·깊이 | 모션·전환,"Awwwards 개별 사례 페이지의 title·meta description에서 확인된 키워드: architecture, animation",채택,"건축 개구부의 깊이, 전후 레이어 가림, 3개 템플릿 순환 또는 상태 전환 설계에 직접 적용 가능",개별 사례 페이지 본문 수신 성공
56,Awwwards,awwwards.com,https://www.awwwards.com/sites/heco-partners-1,Heco Partners - Awwwards Honorable Mention,직접 관련 패턴 미확인,Awwwards 개별 사례 페이지의 title·meta description에서 확인된 키워드: 관련 기술 키워드 없음,배제,공개 페이지에서 개구부·레이어·캐러셀·마스크와 직접 연결되는 관찰 근거가 부족,개별 사례 페이지 본문 수신 성공
57,Awwwards,awwwards.com,https://www.awwwards.com/sites/units,Units - Awwwards SOTD,직접 관련 패턴 미확인,Awwwards 개별 사례 페이지의 title·meta description에서 확인된 키워드: 관련 기술 키워드 없음,배제,공개 페이지에서 개구부·레이어·캐러셀·마스크와 직접 연결되는 관찰 근거가 부족,개별 사례 페이지 본문 수신 성공
58,Awwwards,awwwards.com,https://www.awwwards.com/sites/ylem,YLEM - Awwwards Honorable Mention,직접 관련 패턴 미확인,Awwwards 개별 사례 페이지의 title·meta description에서 확인된 키워드: 관련 기술 키워드 없음,배제,공개 페이지에서 개구부·레이어·캐러셀·마스크와 직접 연결되는 관찰 근거가 부족,개별 사례 페이지 본문 수신 성공
59,Awwwards,awwwards.com,https://www.awwwards.com/sites/gregor-collienne,Gregor Collienne - Awwwards Honorable Mention,직접 관련 패턴 미확인,Awwwards 개별 사례 페이지의 title·meta description에서 확인된 키워드: 관련 기술 키워드 없음,배제,공개 페이지에서 개구부·레이어·캐러셀·마스크와 직접 연결되는 관찰 근거가 부족,개별 사례 페이지 본문 수신 성공
60,Awwwards,awwwards.com,https://www.awwwards.com/sites/sstr-friction-reduction,SSTR - Friction Reduction - Awwwards Honorable Mention,공유 원근·깊이 | 모션·전환 | 미니멀·편집,"Awwwards 개별 사례 페이지의 title·meta description에서 확인된 키워드: 3d, motion, minimal, editorial, grid",채택,"건축 개구부의 깊이, 전후 레이어 가림, 3개 템플릿 순환 또는 상태 전환 설계에 직접 적용 가능",개별 사례 페이지 본문 수신 성공
61,Awwwards,awwwards.com,https://www.awwwards.com/sites/dawn-website-refresh,Dawn | Website Refresh - Awwwards Honorable Mention,직접 관련 패턴 미확인,Awwwards 개별 사례 페이지의 title·meta description에서 확인된 키워드: 관련 기술 키워드 없음,배제,공개 페이지에서 개구부·레이어·캐러셀·마스크와 직접 연결되는 관찰 근거가 부족,개별 사례 페이지 본문 수신 성공
62,Awwwards,awwwards.com,https://www.awwwards.com/sites/orbea,ORBEA - Awwwards Honorable Mention,직접 관련 패턴 미확인,Awwwards 개별 사례 페이지의 title·meta description에서 확인된 키워드: 관련 기술 키워드 없음,배제,공개 페이지에서 개구부·레이어·캐러셀·마스크와 직접 연결되는 관찰 근거가 부족,개별 사례 페이지 본문 수신 성공
63,Awwwards,awwwards.com,https://www.awwwards.com/sites/apini-studio,àpini studio - Awwwards Honorable Mention,미니멀·편집,Awwwards 개별 사례 페이지의 title·meta description에서 확인된 키워드: clean,보조 채택,깊이 구조의 직접 근거는 약하지만 여백·타이포·정보 위계 참고에 사용,개별 사례 페이지 본문 수신 성공
64,Awwwards,awwwards.com,https://www.awwwards.com/sites/kettal-com,kettal.com - Awwwards Honorable Mention,공유 원근·깊이,Awwwards 개별 사례 페이지의 title·meta description에서 확인된 키워드: immersive,채택,"건축 개구부의 깊이, 전후 레이어 가림, 3개 템플릿 순환 또는 상태 전환 설계에 직접 적용 가능",개별 사례 페이지 본문 수신 성공
65,Awwwards,awwwards.com,https://www.awwwards.com/sites/apoha,Apoha - Awwwards Honorable Mention,직접 관련 패턴 미확인,Awwwards 개별 사례 페이지의 title·meta description에서 확인된 키워드: 관련 기술 키워드 없음,배제,공개 페이지에서 개구부·레이어·캐러셀·마스크와 직접 연결되는 관찰 근거가 부족,개별 사례 페이지 본문 수신 성공
66,Awwwards,awwwards.com,https://www.awwwards.com/sites/wembi,Wembi - Awwwards SOTD,성능·접근성,Awwwards 개별 사례 페이지의 title·meta description에서 확인된 키워드: performance,배제,공개 페이지에서 개구부·레이어·캐러셀·마스크와 직접 연결되는 관찰 근거가 부족,개별 사례 페이지 본문 수신 성공
67,Awwwards,awwwards.com,https://www.awwwards.com/sites/linka,Linka - Awwwards Honorable Mention,직접 관련 패턴 미확인,Awwwards 개별 사례 페이지의 title·meta description에서 확인된 키워드: 관련 기술 키워드 없음,배제,공개 페이지에서 개구부·레이어·캐러셀·마스크와 직접 연결되는 관찰 근거가 부족,개별 사례 페이지 본문 수신 성공
68,Awwwards,awwwards.com,https://www.awwwards.com/sites/displace-agency,Displace Agency - Awwwards Honorable Mention,직접 관련 패턴 미확인,Awwwards 개별 사례 페이지의 title·meta description에서 확인된 키워드: 관련 기술 키워드 없음,배제,공개 페이지에서 개구부·레이어·캐러셀·마스크와 직접 연결되는 관찰 근거가 부족,개별 사례 페이지 본문 수신 성공
69,Awwwards,awwwards.com,https://www.awwwards.com/sites/made-in-may,Made in May - Awwwards Honorable Mention,모션·전환,"Awwwards 개별 사례 페이지의 title·meta description에서 확인된 키워드: transition, interaction",채택,"건축 개구부의 깊이, 전후 레이어 가림, 3개 템플릿 순환 또는 상태 전환 설계에 직접 적용 가능",개별 사례 페이지 본문 수신 성공
70,Awwwards,awwwards.com,https://www.awwwards.com/sites/oobe-xr,Oobe-Xr - Awwwards Honorable Mention,공유 원근·깊이,Awwwards 개별 사례 페이지의 title·meta description에서 확인된 키워드: immersive,채택,"건축 개구부의 깊이, 전후 레이어 가림, 3개 템플릿 순환 또는 상태 전환 설계에 직접 적용 가능",개별 사례 페이지 본문 수신 성공
71,Codrops,tympanus.net,https://tympanus.net/codrops/css_reference/perspective/,perspective | Codrops,공유 원근·깊이 | 레이어·마스크 | 캐러셀·순환 | 모션·전환 | 미니멀·편집 | 성능·접근성,"개별 페이지의 title·meta·공개 본문에서 확인된 키워드: perspective, depth, 3d, webgl, layer, mask, clip, window, loop, animation, motion, transition, scroll, portfolio, grid, performance",채택,"건축 개구부의 깊이, 전후 레이어 가림, 3개 템플릿 순환 또는 상태 전환 설계에 직접 적용 가능",개별 문서 페이지 본문 수신 성공
72,Codrops,tympanus.net,https://tympanus.net/codrops/?p=21765,perspective-origin | Codrops,공유 원근·깊이 | 레이어·마스크 | 캐러셀·순환 | 모션·전환 | 미니멀·편집 | 성능·접근성,"개별 페이지의 title·meta·공개 본문에서 확인된 키워드: perspective, 3d, webgl, three.js, mask, clip, window, loop, horizontal, animation, motion, transition, scroll, portfolio, grid, performance",채택,"건축 개구부의 깊이, 전후 레이어 가림, 3개 템플릿 순환 또는 상태 전환 설계에 직접 적용 가능",개별 문서 페이지 본문 수신 성공
73,Codrops,tympanus.net,https://tympanus.net/codrops/css_reference/transform/,transform | Codrops,공유 원근·깊이 | 레이어·마스크 | 캐러셀·순환 | 모션·전환 | 미니멀·편집 | 성능·접근성,"개별 페이지의 title·meta·공개 본문에서 확인된 키워드: perspective, depth, 3d, webgl, mask, clip, window, horizontal, animation, transition, scroll, interaction, portfolio, grid, performance",채택,"건축 개구부의 깊이, 전후 레이어 가림, 3개 템플릿 순환 또는 상태 전환 설계에 직접 적용 가능",개별 문서 페이지 본문 수신 성공
74,Codrops,tympanus.net,https://tympanus.net/codrops/2013/02/27/image-techniques-for-creating-depth-in-web-design/,Image Techniques for Creating Depth in Web Design | Codrops,공유 원근·깊이 | 레이어·마스크 | 모션·전환 | 미니멀·편집 | 성능·접근성,"개별 페이지의 title·meta·공개 본문에서 확인된 키워드: perspective, depth, 3d, webgl, layer, clip, window, animation, motion, transition, scroll, portfolio, grid, performance",채택,"건축 개구부의 깊이, 전후 레이어 가림, 3개 템플릿 순환 또는 상태 전환 설계에 직접 적용 가능",개별 문서 페이지 본문 수신 성공
75,Codrops,tympanus.net,https://tympanus.net/codrops/2011/01/03/parallax-slider/,Parallax Slider with jQuery | Codrops,공유 원근·깊이 | 레이어·마스크 | 캐러셀·순환 | 모션·전환 | 미니멀·편집 | 성능·접근성,"개별 페이지의 title·meta·공개 본문에서 확인된 키워드: perspective, depth, 3d, webgl, clip, window, slider, slideshow, horizontal, animation, motion, transition, scroll, portfolio, grid, performance",채택,"건축 개구부의 깊이, 전후 레이어 가림, 3개 템플릿 순환 또는 상태 전환 설계에 직접 적용 가능",개별 문서 페이지 본문 수신 성공
76,Codrops,tympanus.net,https://tympanus.net/codrops/2012/04/30/fluid-css3-slideshow-with-parallax-effect/,Fluid CSS3 Slideshow with Parallax Effect | Codrops,공유 원근·깊이 | 레이어·마스크 | 캐러셀·순환 | 모션·전환 | 미니멀·편집 | 성능·접근성,"개별 페이지의 title·meta·공개 본문에서 확인된 키워드: depth, 3d, webgl, three.js, clip, reveal, window, carousel, slider, slideshow, animation, transition, scroll, interaction, portfolio, grid, performance",채택,"건축 개구부의 깊이, 전후 레이어 가림, 3개 템플릿 순환 또는 상태 전환 설계에 직접 적용 가능",개별 문서 페이지 본문 수신 성공
77,Codrops,tympanus.net,https://tympanus.net/codrops/2026/05/28/the-never-ending-story-building-a-seamless-infinite-scroll-experience-with-gsap-lenis/,The Never Ending Story: Building a Seamless Infinite Scroll Experience with GSAP & Lenis,공유 원근·깊이 | 레이어·마스크 | 캐러셀·순환 | 모션·전환,"Codrops 공식 WordPress API 제목·초록에서 확인된 키워드: depth, layer, layered, infinite, scroll, gsap, parallax",채택,"건축 개구부의 깊이, 전후 레이어 가림, 3개 템플릿 순환 또는 상태 전환 설계에 직접 적용 가능",Codrops 공식 API 항목 확인
78,Codrops,tympanus.net,https://tympanus.net/codrops/2026/03/09/building-a-scroll-reactive-3d-gallery-with-three-js-velocity-and-mood-based-backgrounds/,"Building a Scroll-Reactive 3D Gallery with Three.js, Velocity, and Mood-Based Backgrounds",공유 원근·깊이 | 레이어·마스크 | 캐러셀·순환 | 모션·전환,"Codrops 공식 WordPress API 제목·초록에서 확인된 키워드: depth, 3d, webgl, three.js, layer, layered, gallery, motion, scroll",채택,"건축 개구부의 깊이, 전후 레이어 가림, 3개 템플릿 순환 또는 상태 전환 설계에 직접 적용 가능",Codrops 공식 API 항목 확인
79,Codrops,tympanus.net,https://tympanus.net/codrops/2026/02/02/building-a-scroll-revealed-webgl-gallery-with-gsap-three-js-astro-and-barba-js/,"Building a Scroll-Revealed WebGL Gallery with GSAP, Three.js, Astro and Barba.js",공유 원근·깊이 | 레이어·마스크 | 캐러셀·순환 | 모션·전환,"Codrops 공식 WordPress API 제목·초록에서 확인된 키워드: webgl, three.js, reveal, gallery, transition, scroll, gsap",채택,"건축 개구부의 깊이, 전후 레이어 가림, 3개 템플릿 순환 또는 상태 전환 설계에 직접 적용 가능",Codrops 공식 API 항목 확인
80,Codrops,tympanus.net,https://tympanus.net/codrops/2026/07/30/building-an-infinite-gsap-scroll-gallery-with-parallax-and-flip-transitions/,Building an Infinite GSAP Scroll Gallery with Parallax and Flip Transitions,레이어·마스크 | 캐러셀·순환 | 모션·전환,"Codrops 공식 WordPress API 제목·초록에서 확인된 키워드: reveal, gallery, infinite, animation, transition, scroll, gsap",채택,"건축 개구부의 깊이, 전후 레이어 가림, 3개 템플릿 순환 또는 상태 전환 설계에 직접 적용 가능",Codrops 공식 API 항목 확인
81,Codrops,tympanus.net,https://tympanus.net/codrops/2026/07/15/the-architecture-behind-trionn-coordinating-gsap-three-js-lenis-and-web-audio/,"The Architecture Behind Trionn: Coordinating GSAP, Three.js, Lenis, and Web Audio",공유 원근·깊이 | 레이어·마스크 | 모션·전환,"Codrops 공식 WordPress API 제목·초록에서 확인된 키워드: three.js, architecture, layer, animation, interaction, gsap",채택,"건축 개구부의 깊이, 전후 레이어 가림, 3개 템플릿 순환 또는 상태 전환 설계에 직접 적용 가능",Codrops 공식 API 항목 확인
82,Codrops,tympanus.net,https://tympanus.net/codrops/2026/07/10/the-sleepers-creating-an-atmospheric-webgl-experience-with-lightweight-techniques/,The Sleepers: Creating an Atmospheric WebGL Experience with Lightweight Techniques,공유 원근·깊이 | 캐러셀·순환 | 모션·전환,"Codrops 공식 WordPress API 제목·초록에서 확인된 키워드: webgl, infinite, transition",채택,"건축 개구부의 깊이, 전후 레이어 가림, 3개 템플릿 순환 또는 상태 전환 설계에 직접 적용 가능",Codrops 공식 API 항목 확인
83,Codrops,tympanus.net,https://tympanus.net/codrops/2026/07/07/building-a-scroll-driven-3d-gallery-using-a-blender-camera-path-with-three-js-and-gsap/,Building a Scroll-Driven 3D Gallery Using a Blender Camera Path with Three.js and GSAP,공유 원근·깊이 | 캐러셀·순환 | 모션·전환,"Codrops 공식 WordPress API 제목·초록에서 확인된 키워드: 3d, three.js, gallery, scroll, gsap",채택,"건축 개구부의 깊이, 전후 레이어 가림, 3개 템플릿 순환 또는 상태 전환 설계에 직접 적용 가능",Codrops 공식 API 항목 확인
84,Codrops,tympanus.net,https://tympanus.net/codrops/2026/05/26/building-a-scroll-driven-3d-cube-gallery-in-webflow-with-gsap/,Building a Scroll-Driven 3D Cube Gallery in Webflow with GSAP,공유 원근·깊이 | 캐러셀·순환 | 모션·전환,"Codrops 공식 WordPress API 제목·초록에서 확인된 키워드: 3d, gallery, animation, scroll, gsap",채택,"건축 개구부의 깊이, 전후 레이어 가림, 3개 템플릿 순환 또는 상태 전환 설계에 직접 적용 가능",Codrops 공식 API 항목 확인
85,Codrops,tympanus.net,https://tympanus.net/codrops/2026/04/21/false-earth-from-webgl-limits-to-a-webgpu-driven-world/,False Earth: From WebGL Limits to a WebGPU-Driven World,공유 원근·깊이 | 캐러셀·순환 | 모션·전환,"Codrops 공식 WordPress API 제목·초록에서 확인된 키워드: webgl, three.js, infinite, interactive",채택,"건축 개구부의 깊이, 전후 레이어 가림, 3개 템플릿 순환 또는 상태 전환 설계에 직접 적용 가능",Codrops 공식 API 항목 확인
86,Codrops,tympanus.net,https://tympanus.net/codrops/2026/04/20/interactive-storytelling-for-the-web-building-immersive-stories-with-timelines-3d-and-layered-scenes/,"Interactive Storytelling for the Web: Building Immersive Stories with Timelines, 3D, and Layered Scenes",공유 원근·깊이 | 레이어·마스크 | 모션·전환,"Codrops 공식 WordPress API 제목·초록에서 확인된 키워드: 3d, immersive, layer, layered, motion, interaction, interactive",채택,"건축 개구부의 깊이, 전후 레이어 가림, 3개 템플릿 순환 또는 상태 전환 설계에 직접 적용 가능",Codrops 공식 API 항목 확인
87,Codrops,tympanus.net,https://tympanus.net/codrops/2026/03/04/webgl-for-designers-creating-interactive-shader-driven-graphics-directly-in-the-browser/,"WebGL for Designers: Creating Interactive, Shader-Driven Graphics Directly in the Browser",공유 원근·깊이 | 레이어·마스크 | 모션·전환,"Codrops 공식 WordPress API 제목·초록에서 확인된 키워드: webgl, layer, interactive",채택,"건축 개구부의 깊이, 전후 레이어 가림, 3개 템플릿 순환 또는 상태 전환 설계에 직접 적용 가능",Codrops 공식 API 항목 확인
88,Codrops,tympanus.net,https://tympanus.net/codrops/2026/02/19/creating-a-smooth-horizontal-parallax-gallery-from-dom-to-webgl/,Creating a Smooth Horizontal Parallax Gallery: From DOM to WebGL,공유 원근·깊이 | 캐러셀·순환 | 모션·전환,"Codrops 공식 WordPress API 제목·초록에서 확인된 키워드: webgl, three.js, gallery, horizontal, parallax",채택,"건축 개구부의 깊이, 전후 레이어 가림, 3개 템플릿 순환 또는 상태 전환 설계에 직접 적용 가능",Codrops 공식 API 항목 확인
89,Codrops,tympanus.net,https://tympanus.net/codrops/2026/02/17/reactive-depth-building-a-scroll-driven-3d-image-tube-with-react-three-fiber/,Reactive Depth: Building a Scroll-Driven 3D Image Tube with React Three Fiber,공유 원근·깊이 | 캐러셀·순환 | 모션·전환,"Codrops 공식 WordPress API 제목·초록에서 확인된 키워드: depth, 3d, infinite, loop, motion, scroll",채택,"건축 개구부의 깊이, 전후 레이어 가림, 3개 템플릿 순환 또는 상태 전환 설계에 직접 적용 가능",Codrops 공식 API 항목 확인
90,Codrops,tympanus.net,https://tympanus.net/codrops/2025/11/26/creating-wavy-infinite-carousels-in-react-three-fiber-with-glsl-shaders/,Creating Wavy Infinite Carousels in React Three Fiber with GLSL Shaders,공유 원근·깊이 | 캐러셀·순환 | 모션·전환,"Codrops 공식 WordPress API 제목·초록에서 확인된 키워드: 3d, carousel, infinite, scroll",채택,"건축 개구부의 깊이, 전후 레이어 가림, 3개 템플릿 순환 또는 상태 전환 설계에 직접 적용 가능",Codrops 공식 API 항목 확인
91,Codrops,tympanus.net,https://tympanus.net/codrops/2025/11/21/one-canvas-to-rule-them-all-how-ink-games-new-site-handles-complex-3d/,One Canvas to Rule Them All: How INK Games’ New Site Handles Complex 3D,공유 원근·깊이 | 레이어·마스크 | 모션·전환,"Codrops 공식 WordPress API 제목·초록에서 확인된 키워드: 3d, webgl, layer, layered, animation, scroll",채택,"건축 개구부의 깊이, 전후 레이어 가림, 3개 템플릿 순환 또는 상태 전환 설계에 직접 적용 가능",Codrops 공식 API 항목 확인
92,Codrops,tympanus.net,https://tympanus.net/codrops/2025/10/29/building-a-layered-zoom-scroll-effect-with-gsap-scrollsmoother-and-scrolltrigger/,Building a Layered Zoom Scroll Effect with GSAP ScrollSmoother and ScrollTrigger,공유 원근·깊이 | 레이어·마스크 | 모션·전환,"Codrops 공식 WordPress API 제목·초록에서 확인된 키워드: depth, layer, layered, animation, scroll, gsap",채택,"건축 개구부의 깊이, 전후 레이어 가림, 3개 템플릿 순환 또는 상태 전환 설계에 직접 적용 가능",Codrops 공식 API 항목 확인
93,Codrops,tympanus.net,https://tympanus.net/codrops/2025/10/08/how-to-animate-webgl-shaders-with-gsap-ripples-reveals-and-dynamic-blur-effects/,"How to Animate WebGL Shaders with GSAP: Ripples, Reveals, and Dynamic Blur Effects",공유 원근·깊이 | 레이어·마스크 | 모션·전환,"Codrops 공식 WordPress API 제목·초록에서 확인된 키워드: webgl, reveal, gsap",채택,"건축 개구부의 깊이, 전후 레이어 가림, 3개 템플릿 순환 또는 상태 전환 설계에 직접 적용 가능",Codrops 공식 API 항목 확인
94,Codrops,tympanus.net,https://tympanus.net/codrops/2025/10/03/fluid-worlds-and-layered-visions-tomoya-okadas-digital-craft/,Fluid Worlds and Layered Visions: Tomoya Okada’s Digital Craft,공유 원근·깊이 | 레이어·마스크 | 모션·전환,"Codrops 공식 WordPress API 제목·초록에서 확인된 키워드: immersive, layer, layered, motion",채택,"건축 개구부의 깊이, 전후 레이어 가림, 3개 템플릿 순환 또는 상태 전환 설계에 직접 적용 가능",Codrops 공식 API 항목 확인
95,Codrops,tympanus.net,https://tympanus.net/codrops/2025/08/28/interactive-video-projection-mapping-with-three-js/,Interactive Video Projection Mapping with Three.js,공유 원근·깊이 | 레이어·마스크 | 모션·전환 | 미니멀·편집,"Codrops 공식 WordPress API 제목·초록에서 확인된 키워드: 3d, three.js, mask, motion, interactive, grid",채택,"건축 개구부의 깊이, 전후 레이어 가림, 3개 템플릿 순환 또는 상태 전환 설계에 직접 적용 가능",Codrops 공식 API 항목 확인
96,Codrops,tympanus.net,https://tympanus.net/codrops/2025/05/07/on-scroll-3d-carousel/,On-Scroll 3D Carousel,공유 원근·깊이 | 캐러셀·순환 | 모션·전환,"Codrops 공식 WordPress API 제목·초록에서 확인된 키워드: 3d, carousel, animation, scroll",채택,"건축 개구부의 깊이, 전후 레이어 가림, 3개 템플릿 순환 또는 상태 전환 설계에 직접 적용 가능",Codrops 공식 API 항목 확인
97,Codrops,tympanus.net,https://tympanus.net/codrops/2025/04/21/mastering-carousels-with-gsap-from-basics-to-advanced-animation/,Mastering Carousels with GSAP: From Basics to Advanced Animation,공유 원근·깊이 | 캐러셀·순환 | 모션·전환,"Codrops 공식 WordPress API 제목·초록에서 확인된 키워드: 3d, carousel, animation, scroll, interaction, gsap",채택,"건축 개구부의 깊이, 전후 레이어 가림, 3개 템플릿 순환 또는 상태 전환 설계에 직접 적용 가능",Codrops 공식 API 항목 확인
98,Codrops,tympanus.net,https://tympanus.net/codrops/2026/07/27/between-print-and-digital-the-making-of-mersis-website/,Between Print and Digital: The Making of MERSI’s Website,공유 원근·깊이 | 모션·전환 | 미니멀·편집,"Codrops 공식 WordPress API 제목·초록에서 확인된 키워드: immersive, architectural, motion, interactive, editorial, quiet",채택,"건축 개구부의 깊이, 전후 레이어 가림, 3개 템플릿 순환 또는 상태 전환 설계에 직접 적용 가능",Codrops 공식 API 항목 확인
99,Codrops,tympanus.net,https://tympanus.net/codrops/2026/07/23/building-cerebrium-making-serverless-infrastructure-tangible/,Building Cerebrium: Making Serverless Infrastructure Tangible,공유 원근·깊이 | 모션·전환,"Codrops 공식 WordPress API 제목·초록에서 확인된 키워드: 3d, webgl, interactive",채택,"건축 개구부의 깊이, 전후 레이어 가림, 3개 템플릿 순환 또는 상태 전환 설계에 직접 적용 가능",Codrops 공식 API 항목 확인
100,Codrops,tympanus.net,https://tympanus.net/codrops/2026/07/22/building-ridgeline-engineering-a-real-time-3d-experience-in-webflow/,Building Ridgeline: Engineering a Real-Time 3D Experience in Webflow,공유 원근·깊이 | 모션·전환 | 성능·접근성,"Codrops 공식 WordPress API 제목·초록에서 확인된 키워드: 3d, architectural, animation, performance",채택,"건축 개구부의 깊이, 전후 레이어 가림, 3개 템플릿 순환 또는 상태 전환 설계에 직접 적용 가능",Codrops 공식 API 항목 확인
101,Codrops,tympanus.net,https://tympanus.net/codrops/2026/07/21/magnetic-commerce-building-the-dash-creative-website/,Magnetic Commerce: Building the Dash Creative Website,공유 원근·깊이 | 모션·전환,"Codrops 공식 WordPress API 제목·초록에서 확인된 키워드: webgl, animation, interaction",채택,"건축 개구부의 깊이, 전후 레이어 가림, 3개 템플릿 순환 또는 상태 전환 설계에 직접 적용 가능",Codrops 공식 API 항목 확인
102,Codrops,tympanus.net,https://tympanus.net/codrops/2026/07/17/zero-the-engineering-behind-a-defiant-interactive-narrative/,ZERO: The Engineering Behind a Defiant Interactive Narrative,공유 원근·깊이 | 모션·전환 | 성능·접근성,"Codrops 공식 WordPress API 제목·초록에서 확인된 키워드: webgl, immersive, scroll, interactive, performance",채택,"건축 개구부의 깊이, 전후 레이어 가림, 3개 템플릿 순환 또는 상태 전환 설계에 직접 적용 가능",Codrops 공식 API 항목 확인
103,Codrops,tympanus.net,https://tympanus.net/codrops/2026/07/13/where-stories-become-interactive-worlds-how-makemepulse-brings-ideas-to-life-across-web-xr-and-beyond/,"Where Stories Become Interactive Worlds: How makemepulse Brings Ideas to Life Across Web, XR, and Beyond",공유 원근·깊이 | 모션·전환,"Codrops 공식 WordPress API 제목·초록에서 확인된 키워드: immersive, interactive",채택,"건축 개구부의 깊이, 전후 레이어 가림, 3개 템플릿 순환 또는 상태 전환 설계에 직접 적용 가능",Codrops 공식 API 항목 확인
104,Codrops,tympanus.net,https://tympanus.net/codrops/2026/07/09/building-an-interactive-wave-propagation-cube-grid-with-three-js/,Building an Interactive Wave Propagation Cube Grid with Three.js,공유 원근·깊이 | 모션·전환 | 미니멀·편집,"Codrops 공식 WordPress API 제목·초록에서 확인된 키워드: 3d, three.js, interactive, minimal, grid",채택,"건축 개구부의 깊이, 전후 레이어 가림, 3개 템플릿 순환 또는 상태 전환 설계에 직접 적용 가능",Codrops 공식 API 항목 확인
105,Codrops,tympanus.net,https://tympanus.net/codrops/2026/07/08/ten-years-away-designing-an-interactive-comic-for-studio375s-tenth-anniversary/,Ten Years Away: Designing an Interactive Comic for Studio375’s Tenth Anniversary,공유 원근·깊이 | 모션·전환,"Codrops 공식 WordPress API 제목·초록에서 확인된 키워드: webgl, scroll, interactive",채택,"건축 개구부의 깊이, 전후 레이어 가림, 3개 템플릿 순환 또는 상태 전환 설계에 직접 적용 가능",Codrops 공식 API 항목 확인
106,Codrops,tympanus.net,https://tympanus.net/codrops/2026/07/01/sculpting-a-digital-athlete-capturing-stefanos-tsitsipas-beyond-the-court/,Sculpting a Digital Athlete: Capturing Stefanos Tsitsipas Beyond the Court,공유 원근·깊이 | 모션·전환,"Codrops 공식 WordPress API 제목·초록에서 확인된 키워드: 3d, webgl, animation",채택,"건축 개구부의 깊이, 전후 레이어 가림, 3개 템플릿 순환 또는 상태 전환 설계에 직접 적용 가능",Codrops 공식 API 항목 확인
107,Codrops,tympanus.net,https://tympanus.net/codrops/2026/06/18/exploring-3d-image-rotations-on-scroll/,Exploring 3D Image Rotations on Scroll,공유 원근·깊이 | 모션·전환,"Codrops 공식 WordPress API 제목·초록에서 확인된 키워드: 3d, scroll",채택,"건축 개구부의 깊이, 전후 레이어 가림, 3개 템플릿 순환 또는 상태 전환 설계에 직접 적용 가능",Codrops 공식 API 항목 확인
108,Codrops,tympanus.net,https://tympanus.net/codrops/2026/06/11/sketching-the-impossible-a-3d-portfolio-built-without-a-single-3d-model/,Sketching the Impossible: A 3D Portfolio Built Without a Single 3D Model,공유 원근·깊이 | 캐러셀·순환 | 미니멀·편집,"Codrops 공식 WordPress API 제목·초록에서 확인된 키워드: 3d, infinite, portfolio",채택,"건축 개구부의 깊이, 전후 레이어 가림, 3개 템플릿 순환 또는 상태 전환 설계에 직접 적용 가능",Codrops 공식 API 항목 확인
109,Codrops,tympanus.net,https://tympanus.net/codrops/2026/06/10/building-horeca-advanced-motion-design-in-webflow-without-the-performance-trade-offs/,Building Horeca: Advanced Motion Design in Webflow Without the Performance Trade-Offs,공유 원근·깊이 | 모션·전환 | 성능·접근성,"Codrops 공식 WordPress API 제목·초록에서 확인된 키워드: architecture, animation, motion, scroll, performance",채택,"건축 개구부의 깊이, 전후 레이어 가림, 3개 템플릿 순환 또는 상태 전환 설계에 직접 적용 가능",Codrops 공식 API 항목 확인
110,Codrops,tympanus.net,https://tympanus.net/codrops/2026/05/06/from-shader-uniforms-to-clip-path-wipes-how-gsap-drives-my-portfolio/,From Shader Uniforms to Clip-Path Wipes: How GSAP Drives My Portfolio,레이어·마스크 | 모션·전환 | 미니멀·편집,"Codrops 공식 WordPress API 제목·초록에서 확인된 키워드: clip, reveal, gsap, portfolio",채택,"건축 개구부의 깊이, 전후 레이어 가림, 3개 템플릿 순환 또는 상태 전환 설계에 직접 적용 가능",Codrops 공식 API 항목 확인
111,Codrops,tympanus.net,https://tympanus.net/codrops/2026/05/02/designing-against-the-gallery-a-two-year-journey-to-a-layered-portfolio-experience/,Designing Against the Gallery: A Two-Year Journey to a Layered Portfolio Experience,레이어·마스크 | 캐러셀·순환 | 미니멀·편집,"Codrops 공식 WordPress API 제목·초록에서 확인된 키워드: layer, layered, gallery, portfolio",채택,"건축 개구부의 깊이, 전후 레이어 가림, 3개 템플릿 순환 또는 상태 전환 설계에 직접 적용 가능",Codrops 공식 API 항목 확인
112,Codrops,tympanus.net,https://tympanus.net/codrops/2026/04/28/more-than-a-portfolio-building-a-scroll-driven-3d-world-with-something-to-say/,More Than a Portfolio: Building a Scroll-Driven 3D World with Something to Say,공유 원근·깊이 | 모션·전환 | 미니멀·편집,"Codrops 공식 WordPress API 제목·초록에서 확인된 키워드: 3d, webgl, three.js, scroll, gsap, portfolio",채택,"건축 개구부의 깊이, 전후 레이어 가림, 3개 템플릿 순환 또는 상태 전환 설계에 직접 적용 가능",Codrops 공식 API 항목 확인
113,Codrops,tympanus.net,https://tympanus.net/codrops/2026/04/24/susurrus-crafting-a-cozy-watercolor-world-with-three-js-and-shaders/,Susurrus: Crafting a Cozy Watercolor World with Three.js and Shaders,공유 원근·깊이 | 모션·전환,"Codrops 공식 WordPress API 제목·초록에서 확인된 키워드: webgl, three.js, interaction",채택,"건축 개구부의 깊이, 전후 레이어 가림, 3개 템플릿 순환 또는 상태 전환 설계에 직접 적용 가능",Codrops 공식 API 항목 확인
114,Codrops,tympanus.net,https://tympanus.net/codrops/2026/04/22/a-playful-clip-menu-with-gsaps-easereverse/,A Playful Clip Menu with GSAP’s easeReverse,레이어·마스크 | 모션·전환,"Codrops 공식 WordPress API 제목·초록에서 확인된 키워드: clip, animation, gsap",채택,"건축 개구부의 깊이, 전후 레이어 가림, 3개 템플릿 순환 또는 상태 전환 설계에 직접 적용 가능",Codrops 공식 API 항목 확인
115,Codrops,tympanus.net,https://tympanus.net/codrops/2026/03/31/arnaud-roccas-portfolio-from-a-gsap-powered-motion-system-to-fluid-webgl/,Arnaud Rocca’s Portfolio: From a GSAP-Powered Motion System to Fluid WebGL,공유 원근·깊이 | 모션·전환 | 미니멀·편집,"Codrops 공식 WordPress API 제목·초록에서 확인된 키워드: webgl, animation, motion, transition, interaction, portfolio",채택,"건축 개구부의 깊이, 전후 레이어 가림, 3개 템플릿 순환 또는 상태 전환 설계에 직접 적용 가능",Codrops 공식 API 항목 확인
116,Codrops,tympanus.net,https://tympanus.net/codrops/2026/03/27/pell-mell-crafting-a-visual-exploration-platform-with-editorial-rhythm/,Pell Mell: Crafting a Visual Exploration Platform with Editorial Rhythm,공유 원근·깊이 | 모션·전환 | 미니멀·편집 | 성능·접근성,"Codrops 공식 WordPress API 제목·초록에서 확인된 키워드: immersive, scroll, interaction, editorial, performance",채택,"건축 개구부의 깊이, 전후 레이어 가림, 3개 템플릿 순환 또는 상태 전환 설계에 직접 적용 가능",Codrops 공식 API 항목 확인
117,Codrops,tympanus.net,https://tympanus.net/codrops/2026/03/24/digital-craft-wild-soul-building-san-ritas-topographic-web-experience/,"Digital Craft, Wild Soul: Building San Rita’s Topographic Web Experience",공유 원근·깊이 | 모션·전환 | 미니멀·편집,"Codrops 공식 WordPress API 제목·초록에서 확인된 키워드: 3d, immersive, motion, portfolio",채택,"건축 개구부의 깊이, 전후 레이어 가림, 3개 템플릿 순환 또는 상태 전환 설계에 직접 적용 가능",Codrops 공식 API 항목 확인
118,Codrops,tympanus.net,https://tympanus.net/codrops/2026/03/23/building-a-dual-scene-fluid-x-ray-reveal-effect-in-three-js/,Building a Dual-Scene Fluid X-Ray Reveal Effect in Three.js,공유 원근·깊이 | 레이어·마스크,"Codrops 공식 WordPress API 제목·초록에서 확인된 키워드: three.js, reveal",채택,"건축 개구부의 깊이, 전후 레이어 가림, 3개 템플릿 순환 또는 상태 전환 설계에 직접 적용 가능",Codrops 공식 API 항목 확인
119,Codrops,tympanus.net,https://tympanus.net/codrops/2026/03/18/building-seamless-3d-transitions-with-webflow-gsap-and-three-js/,"Building Seamless 3D Transitions with Webflow, GSAP, and Three.js",공유 원근·깊이 | 모션·전환,"Codrops 공식 WordPress API 제목·초록에서 확인된 키워드: 3d, three.js, transition, gsap",채택,"건축 개구부의 깊이, 전후 레이어 가림, 3개 템플릿 순환 또는 상태 전환 설계에 직접 적용 가능",Codrops 공식 API 항목 확인
120,Codrops,tympanus.net,https://tympanus.net/codrops/2026/03/11/svg-mask-transitions-on-scroll-with-gsap-and-scrolltrigger/,SVG Mask Transitions on Scroll with GSAP and ScrollTrigger,레이어·마스크 | 모션·전환 | 미니멀·편집,"Codrops 공식 WordPress API 제목·초록에서 확인된 키워드: mask, reveal, transition, scroll, gsap, grid",채택,"건축 개구부의 깊이, 전후 레이어 가림, 3개 템플릿 순환 또는 상태 전환 설계에 직접 적용 가능",Codrops 공식 API 항목 확인
121,Codrops,tympanus.net,https://tympanus.net/codrops/2026/03/05/inside-corentin-bernadous-portfolio-swiss-inspired-layouts-webgl-geometry-and-thoughtful-motion/,"Inside Corentin Bernadou’s Portfolio: Swiss-Inspired Layouts, WebGL Geometry, and Thoughtful Motion",공유 원근·깊이 | 모션·전환 | 미니멀·편집,"Codrops 공식 WordPress API 제목·초록에서 확인된 키워드: webgl, motion, editorial, portfolio",채택,"건축 개구부의 깊이, 전후 레이어 가림, 3개 템플릿 순환 또는 상태 전환 설계에 직접 적용 가능",Codrops 공식 API 항목 확인
122,Codrops,tympanus.net,https://tympanus.net/codrops/2026/02/27/gabriel-norman-from-gaming-culture-to-high-end-interactive-experiences/,Gabriel Norman: From Gaming Culture to High-End Interactive Experiences,공유 원근·깊이 | 모션·전환,"Codrops 공식 WordPress API 제목·초록에서 확인된 키워드: immersive, motion, interactive",채택,"건축 개구부의 깊이, 전후 레이어 가림, 3개 템플릿 순환 또는 상태 전환 설계에 직접 적용 가능",Codrops 공식 API 항목 확인
123,Codrops,tympanus.net,https://tympanus.net/codrops/2026/02/24/from-flat-to-spatial-creating-a-3d-product-grid-with-react-three-fiber/,From Flat to Spatial: Creating a 3D Product Grid with React Three Fiber,공유 원근·깊이 | 모션·전환 | 미니멀·편집 | 성능·접근성,"Codrops 공식 WordPress API 제목·초록에서 확인된 키워드: spatial, 3d, animation, grid, performance",채택,"건축 개구부의 깊이, 전후 레이어 가림, 3개 템플릿 순환 또는 상태 전환 설계에 직접 적용 가능",Codrops 공식 API 항목 확인
124,Codrops,tympanus.net,https://tympanus.net/codrops/2026/02/23/composite-rendering-the-brilliance-behind-inspiring-webgl-transitions/,Composite Rendering: The Brilliance Behind Inspiring WebGL Transitions,공유 원근·깊이 | 모션·전환,"Codrops 공식 WordPress API 제목·초록에서 확인된 키워드: webgl, transition",채택,"건축 개구부의 깊이, 전후 레이어 가림, 3개 템플릿 순환 또는 상태 전환 설계에 직접 적용 가능",Codrops 공식 API 항목 확인
125,Codrops,tympanus.net,https://tympanus.net/codrops/2026/02/18/joffrey-spitzer-portfolio-a-minimalist-astro-gsap-build-with-reveals-flip-transitions-and-subtle-motion/,"Joffrey Spitzer Portfolio: A Minimalist Astro + GSAP Build with Reveals, Flip Transitions and Subtle Motion",레이어·마스크 | 모션·전환 | 미니멀·편집,"Codrops 공식 WordPress API 제목·초록에서 확인된 키워드: reveal, animation, motion, transition, gsap, minimal, portfolio",채택,"건축 개구부의 깊이, 전후 레이어 가림, 3개 템플릿 순환 또는 상태 전환 설계에 직접 적용 가능",Codrops 공식 API 항목 확인
126,Codrops,tympanus.net,https://tympanus.net/codrops/2026/02/10/building-an-endless-procedural-snake-with-three-js-and-webgl/,Building an Endless Procedural Snake with Three.js and WebGL,공유 원근·깊이 | 모션·전환,"Codrops 공식 WordPress API 제목·초록에서 확인된 키워드: webgl, three.js, motion",채택,"건축 개구부의 깊이, 전후 레이어 가림, 3개 템플릿 순환 또는 상태 전환 설계에 직접 적용 가능",Codrops 공식 API 항목 확인
127,Codrops,tympanus.net,https://tympanus.net/codrops/2026/02/04/making-motion-behave-inside-vladyslav-penevs-production-ready-interaction-systems/,Making Motion Behave: Inside Vladyslav Penev’s Production-Ready Interaction Systems,공유 원근·깊이 | 모션·전환,"Codrops 공식 WordPress API 제목·초록에서 확인된 키워드: 3d, webgl, motion, interaction",채택,"건축 개구부의 깊이, 전후 레이어 가림, 3개 템플릿 순환 또는 상태 전환 설계에 직접 적용 가능",Codrops 공식 API 항목 확인
128,Codrops,tympanus.net,https://tympanus.net/codrops/2026/01/09/the-spark-engineering-an-immersive-story-first-web-experience/,"The Spark: Engineering an Immersive, Story-First Web Experience",공유 원근·깊이 | 모션·전환 | 성능·접근성,"Codrops 공식 WordPress API 제목·초록에서 확인된 키워드: depth, immersive, motion, scroll, performance",채택,"건축 개구부의 깊이, 전후 레이어 가림, 3개 템플릿 순환 또는 상태 전환 설계에 직접 적용 가능",Codrops 공식 API 항목 확인
129,Codrops,tympanus.net,https://tympanus.net/codrops/2025/12/10/simulating-life-in-the-browser-creating-a-living-particle-system-for-the-untillabs-website/,Simulating Life in the Browser: Creating a Living Particle System for the UntilLabs Website,공유 원근·깊이 | 모션·전환,"Codrops 공식 WordPress API 제목·초록에서 확인된 키워드: webgl, motion",채택,"건축 개구부의 깊이, 전후 레이어 가림, 3개 템플릿 순환 또는 상태 전환 설계에 직접 적용 가능",Codrops 공식 API 항목 확인
130,Codrops,tympanus.net,https://tympanus.net/codrops/2025/12/08/building-with-perfect-pitch-how-fiddle-digital-composes-high-performance-digital-experiences/,Building With Perfect Pitch: How Fiddle.Digital Composes High-Performance Digital Experiences,공유 원근·깊이 | 레이어·마스크 | 성능·접근성,"Codrops 공식 WordPress API 제목·초록에서 확인된 키워드: immersive, reveal, performance",채택,"건축 개구부의 깊이, 전후 레이어 가림, 3개 템플릿 순환 또는 상태 전환 설계에 직접 적용 가능",Codrops 공식 API 항목 확인
131,Codrops,tympanus.net,https://tympanus.net/codrops/2025/12/04/crafting-nature-beyond-technology-a-project-from-roots-to-leaves/,Crafting Nature Beyond Technology: A Project from Roots to Leaves,공유 원근·깊이 | 모션·전환,"Codrops 공식 WordPress API 제목·초록에서 확인된 키워드: webgl, animation",채택,"건축 개구부의 깊이, 전후 레이어 가림, 3개 템플릿 순환 또는 상태 전환 설계에 직접 적용 가능",Codrops 공식 API 항목 확인
132,Codrops,tympanus.net,https://tympanus.net/codrops/2025/11/29/building-the-monolith-composable-rendering-systems-for-a-13-scene-webgl-epic/,Building The Monolith: Composable Rendering Systems for a 13-Scene WebGL Epic,공유 원근·깊이 | 모션·전환,"Codrops 공식 WordPress API 제목·초록에서 확인된 키워드: webgl, transition",채택,"건축 개구부의 깊이, 전후 레이어 가림, 3개 템플릿 순환 또는 상태 전환 설계에 직접 적용 가능",Codrops 공식 API 항목 확인
133,Codrops,tympanus.net,https://tympanus.net/codrops/2025/11/27/letting-the-creative-process-shape-a-webgl-portfolio/,Letting the Creative Process Shape a WebGL Portfolio,공유 원근·깊이 | 모션·전환 | 미니멀·편집,"Codrops 공식 WordPress API 제목·초록에서 확인된 키워드: webgl, three.js, gsap, portfolio",채택,"건축 개구부의 깊이, 전후 레이어 가림, 3개 템플릿 순환 또는 상태 전환 설계에 직접 적용 가능",Codrops 공식 API 항목 확인
134,Codrops,tympanus.net,https://tympanus.net/codrops/2025/11/20/behind-the-kai-design-dept-experience-webgl-line-blur-video-scrubbing-and-3d-animation/,"Behind the KAI Design Dept. Experience: WebGL Line Blur, Video Scrubbing, and 3D Animation",공유 원근·깊이 | 모션·전환,"Codrops 공식 WordPress API 제목·초록에서 확인된 키워드: 3d, webgl, animation",채택,"건축 개구부의 깊이, 전후 레이어 가림, 3개 템플릿 순환 또는 상태 전환 설계에 직접 적용 가능",Codrops 공식 API 항목 확인
135,Codrops,tympanus.net,https://tympanus.net/codrops/2025/11/19/how-to-build-cinematic-3d-scroll-experiences-with-gsap/,How to Build Cinematic 3D Scroll Experiences with GSAP,공유 원근·깊이 | 모션·전환,"Codrops 공식 WordPress API 제목·초록에서 확인된 키워드: 3d, webgl, three.js, immersive, motion, scroll, gsap",채택,"건축 개구부의 깊이, 전후 레이어 가림, 3개 템플릿 순환 또는 상태 전환 설계에 직접 적용 가능",Codrops 공식 API 항목 확인
136,Codrops,tympanus.net,https://tympanus.net/codrops/2025/11/11/building-a-3d-infinite-carousel-with-reactive-background-gradients/,Building a 3D Infinite Carousel with Reactive Background Gradients,공유 원근·깊이 | 캐러셀·순환,"Codrops 공식 WordPress API 제목·초록에서 확인된 키워드: 3d, carousel, infinite",채택,"건축 개구부의 깊이, 전후 레이어 가림, 3개 템플릿 순환 또는 상태 전환 설계에 직접 적용 가능",Codrops 공식 API 항목 확인
137,Codrops,tympanus.net,https://tympanus.net/codrops/2025/11/05/animating-a-3d-scene-with-splines-new-timeline-tool/,Animating a 3D Scene with Spline’s New Timeline Tool,공유 원근·깊이 | 모션·전환,"Codrops 공식 WordPress API 제목·초록에서 확인된 키워드: 3d, animation",채택,"건축 개구부의 깊이, 전후 레이어 가림, 3개 템플릿 순환 또는 상태 전환 설계에 직접 적용 가능",Codrops 공식 API 항목 확인
138,Codrops,tympanus.net,https://tympanus.net/codrops/2025/11/04/creating-3d-scroll-driven-text-animations-with-css-and-gsap/,Creating 3D Scroll-Driven Text Animations with CSS and GSAP,공유 원근·깊이 | 모션·전환 | 성능·접근성,"Codrops 공식 WordPress API 제목·초록에서 확인된 키워드: 3d, animation, scroll, gsap, performance",채택,"건축 개구부의 깊이, 전후 레이어 가림, 3개 템플릿 순환 또는 상태 전환 설계에 직접 적용 가능",Codrops 공식 API 항목 확인
139,Codrops,tympanus.net,https://tympanus.net/codrops/2025/10/14/the-underdogs-crown-clay-boans-3d-playground-of-design-motion-and-gsap-magic/,"The Underdog’s Crown: Clay Boan’s 3D Playground of Design, Motion, and GSAP Magic",공유 원근·깊이 | 모션·전환 | 미니멀·편집,"Codrops 공식 WordPress API 제목·초록에서 확인된 키워드: 3d, webgl, animation, motion, gsap, portfolio",채택,"건축 개구부의 깊이, 전후 레이어 가림, 3개 템플릿 순환 또는 상태 전환 설계에 직접 적용 가능",Codrops 공식 API 항목 확인
140,Codrops,tympanus.net,https://tympanus.net/codrops/2025/10/13/how-to-build-an-immersive-3d-circular-carousel-in-wordpress-using-droip/,How to Build an Immersive 3D Circular Carousel in WordPress Using Droip,공유 원근·깊이 | 캐러셀·순환,"Codrops 공식 WordPress API 제목·초록에서 확인된 키워드: 3d, immersive, carousel",채택,"건축 개구부의 깊이, 전후 레이어 가림, 3개 템플릿 순환 또는 상태 전환 설계에 직접 적용 가능",Codrops 공식 API 항목 확인
141,Codrops,tympanus.net,https://tympanus.net/codrops/2025/10/07/ponpon-mania-how-webgl-and-gsap-bring-a-comic-sheeps-dream-to-life/,Ponpon Mania: How WebGL and GSAP Bring a Comic Sheep’s Dream to Life,공유 원근·깊이 | 모션·전환,"Codrops 공식 WordPress API 제목·초록에서 확인된 키워드: webgl, animation, interactive, gsap",채택,"건축 개구부의 깊이, 전후 레이어 가림, 3개 템플릿 순환 또는 상태 전환 설계에 직접 적용 가능",Codrops 공식 API 항목 확인
142,Codrops,tympanus.net,https://tympanus.net/codrops/2025/09/18/creating-an-immersive-3d-weather-visualization-with-react-three-fiber/,Creating an Immersive 3D Weather Visualization with React Three Fiber,공유 원근·깊이 | 모션·전환,"Codrops 공식 WordPress API 제목·초록에서 확인된 키워드: 3d, immersive, interactive",채택,"건축 개구부의 깊이, 전후 레이어 가림, 3개 템플릿 순환 또는 상태 전환 설계에 직접 적용 가능",Codrops 공식 API 항목 확인
143,Codrops,tympanus.net,https://tympanus.net/codrops/2025/09/10/reality-meets-emotion-the-3d-storytelling-of-celia-lopez/,Reality meets Emotion: The 3D Storytelling of Célia Lopez,공유 원근·깊이 | 모션·전환,"Codrops 공식 WordPress API 제목·초록에서 확인된 키워드: 3d, motion",채택,"건축 개구부의 깊이, 전후 레이어 가림, 3개 템플릿 순환 또는 상태 전환 설계에 직접 적용 가능",Codrops 공식 API 항목 확인
144,Codrops,tympanus.net,https://tympanus.net/codrops/2025/08/20/exporting-a-cloth-simulation-from-blender-to-an-interactive-three-js-scene/,Exporting a Cloth Simulation from Blender to an Interactive Three.js Scene,공유 원근·깊이 | 모션·전환,"Codrops 공식 WordPress API 제목·초록에서 확인된 키워드: three.js, animation, interactive",채택,"건축 개구부의 깊이, 전후 레이어 가림, 3개 템플릿 순환 또는 상태 전환 설계에 직접 적용 가능",Codrops 공식 API 항목 확인
145,Codrops,tympanus.net,https://tympanus.net/codrops/2025/08/07/designer-spotlight-julie-marting/,Designer Spotlight: Julie Marting,공유 원근·깊이 | 모션·전환,"Codrops 공식 WordPress API 제목·초록에서 확인된 키워드: immersive, interactive",채택,"건축 개구부의 깊이, 전후 레이어 가림, 3개 템플릿 순환 또는 상태 전환 설계에 직접 적용 가능",Codrops 공식 API 항목 확인
146,Codrops,tympanus.net,https://tympanus.net/codrops/2025/07/30/interactive-webgl-backgrounds-a-quick-guide-to-bayer-dithering/,Interactive WebGL Backgrounds: A Quick Guide to Bayer Dithering,공유 원근·깊이 | 모션·전환,"Codrops 공식 WordPress API 제목·초록에서 확인된 키워드: webgl, interactive",채택,"건축 개구부의 깊이, 전후 레이어 가림, 3개 템플릿 순환 또는 상태 전환 설계에 직접 적용 가능",Codrops 공식 API 항목 확인
147,Codrops,tympanus.net,https://tympanus.net/codrops/2025/07/22/interactive-text-destruction-with-three-js-webgpu-and-tsl/,"Interactive Text Destruction with Three.js, WebGPU, and TSL",공유 원근·깊이 | 모션·전환,"Codrops 공식 WordPress API 제목·초록에서 확인된 키워드: 3d, three.js, interactive",채택,"건축 개구부의 깊이, 전후 레이어 가림, 3개 템플릿 순환 또는 상태 전환 설계에 직접 적용 가능",Codrops 공식 API 항목 확인
148,Codrops,tympanus.net,https://tympanus.net/codrops/2025/07/09/how-to-create-kinetic-image-animations-with-react-three-fiber/,How To Create Kinetic Image Animations with React Three Fiber,공유 원근·깊이 | 모션·전환,"Codrops 공식 WordPress API 제목·초록에서 확인된 키워드: 3d, animation, motion",채택,"건축 개구부의 깊이, 전후 레이어 가림, 3개 템플릿 순환 또는 상태 전환 설계에 직접 적용 가능",Codrops 공식 API 항목 확인
149,Codrops,tympanus.net,https://tympanus.net/codrops/2025/06/30/invisible-forces-the-making-of-phantom-lands-interactive-grid-and-3d-face-particle-system/,Invisible Forces: The Making of Phantom.land’s Interactive Grid and 3D Face Particle System,공유 원근·깊이 | 모션·전환 | 미니멀·편집,"Codrops 공식 WordPress API 제목·초록에서 확인된 키워드: 3d, interactive, gsap, grid",채택,"건축 개구부의 깊이, 전후 레이어 가림, 3개 템플릿 순환 또는 상태 전환 설계에 직접 적용 가능",Codrops 공식 API 항목 확인
150,Codrops,tympanus.net,https://tympanus.net/codrops/2025/06/25/designing-truekind-a-skincare-brands-journey-through-moodboards-motion-and-meaning/,"Designing TrueKind: A Skincare Brand’s Journey Through Moodboards, Motion, and Meaning",레이어·마스크 | 모션·전환,"Codrops 공식 WordPress API 제목·초록에서 확인된 키워드: reveal, motion, gsap",채택,"건축 개구부의 깊이, 전후 레이어 가림, 3개 템플릿 순환 또는 상태 전환 설계에 직접 적용 가능",Codrops 공식 API 항목 확인
151,Codrops,tympanus.net,https://tympanus.net/codrops/2025/06/18/coding-a-3d-audio-visualizer-with-three-js-gsap-web-audio-api/,"Coding a 3D Audio Visualizer with Three.js, GSAP & Web Audio API",공유 원근·깊이 | 모션·전환,"Codrops 공식 WordPress API 제목·초록에서 확인된 키워드: 3d, three.js, motion, gsap",채택,"건축 개구부의 깊이, 전후 레이어 가림, 3개 템플릿 순환 또는 상태 전환 설계에 직접 적용 가능",Codrops 공식 API 항목 확인
152,Codrops,tympanus.net,https://tympanus.net/codrops/2025/06/17/building-an-infinite-marquee-along-an-svg-path-with-react-motion/,Building an Infinite Marquee Along an SVG Path with React & Motion,캐러셀·순환 | 모션·전환,"Codrops 공식 WordPress API 제목·초록에서 확인된 키워드: infinite, motion",채택,"건축 개구부의 깊이, 전후 레이어 가림, 3개 템플릿 순환 또는 상태 전환 설계에 직접 적용 가능",Codrops 공식 API 항목 확인
153,Codrops,tympanus.net,https://tympanus.net/codrops/2025/06/12/developer-spotlight-robin-payot/,Developer Spotlight: Robin Payot,공유 원근·깊이 | 모션·전환,"Codrops 공식 WordPress API 제목·초록에서 확인된 키워드: webgl, animation, interactive",채택,"건축 개구부의 깊이, 전후 레이어 가림, 3개 템플릿 순환 또는 상태 전환 설계에 직접 적용 가능",Codrops 공식 API 항목 확인
154,Codrops,tympanus.net,https://tympanus.net/codrops/2025/06/11/building-an-infinite-parallax-grid-with-gsap-and-seamless-tiling/,Building an Infinite Parallax Grid with GSAP and Seamless Tiling,캐러셀·순환 | 모션·전환 | 미니멀·편집,"Codrops 공식 WordPress API 제목·초록에서 확인된 키워드: infinite, animation, motion, scroll, gsap, grid",채택,"건축 개구부의 깊이, 전후 레이어 가림, 3개 템플릿 순환 또는 상태 전환 설계에 직접 적용 가능",Codrops 공식 API 항목 확인
155,Codrops,tympanus.net,https://tympanus.net/codrops/2025/06/09/how-to-create-interactive-droplet-like-metaballs-with-three-js-and-glsl/,"How to Create Interactive, Droplet-like Metaballs with Three.js and GLSL",공유 원근·깊이 | 모션·전환,"Codrops 공식 WordPress API 제목·초록에서 확인된 키워드: three.js, interactive",채택,"건축 개구부의 깊이, 전후 레이어 가림, 3개 템플릿 순환 또는 상태 전환 설계에 직접 적용 가능",Codrops 공식 API 항목 확인
156,Codrops,tympanus.net,https://tympanus.net/codrops/2025/06/05/how-to-create-responsive-and-seo-friendly-webgl-text/,How to Create Responsive and SEO-friendly WebGL Text,공유 원근·깊이 | 모션·전환,"Codrops 공식 WordPress API 제목·초록에서 확인된 키워드: webgl, animation, scroll",채택,"건축 개구부의 깊이, 전후 레이어 가림, 3개 템플릿 순환 또는 상태 전환 설계에 직접 적용 가능",Codrops 공식 API 항목 확인
157,Codrops,tympanus.net,https://tympanus.net/codrops/2025/05/31/building-interactive-3d-cards-in-webflow-with-three-js/,Building Interactive 3D Cards in Webflow with Three.js,공유 원근·깊이 | 모션·전환,"Codrops 공식 WordPress API 제목·초록에서 확인된 키워드: 3d, three.js, interactive",채택,"건축 개구부의 깊이, 전후 레이어 가림, 3개 템플릿 순환 또는 상태 전환 설계에 직접 적용 가능",Codrops 공식 API 항목 확인
158,Codrops,tympanus.net,https://tympanus.net/codrops/2025/05/27/animated-product-grid-preview-with-gsap-clip-path/,Animated Product Grid Preview with GSAP & Clip-Path,레이어·마스크 | 모션·전환 | 미니멀·편집,"Codrops 공식 WordPress API 제목·초록에서 확인된 키워드: clip, interactive, gsap, grid",채택,"건축 개구부의 깊이, 전후 레이어 가림, 3개 템플릿 순환 또는 상태 전환 설계에 직접 적용 가능",Codrops 공식 API 항목 확인
159,Codrops,tympanus.net,https://tympanus.net/codrops/2025/05/20/behind-the-curtain-building-aurels-grand-theater-from-design-to-code/,Behind the Curtain: Building Aurel’s Grand Theater from Design to Code,공유 원근·깊이 | 모션·전환 | 미니멀·편집,"Codrops 공식 WordPress API 제목·초록에서 확인된 키워드: three.js, animation, gsap, portfolio",채택,"건축 개구부의 깊이, 전후 레이어 가림, 3개 템플릿 순환 또는 상태 전환 설계에 직접 적용 가능",Codrops 공식 API 항목 확인
160,Codrops,tympanus.net,https://tympanus.net/codrops/2025/03/25/stas-bondar-25-the-code-techniques-behind-a-next-level-portfolio/,Stas Bondar ’25: The Code & Techniques Behind a Next-Level Portfolio,공유 원근·깊이 | 모션·전환 | 미니멀·편집,"Codrops 공식 WordPress API 제목·초록에서 확인된 키워드: three.js, animation, gsap, portfolio",채택,"건축 개구부의 깊이, 전후 레이어 가림, 3개 템플릿 순환 또는 상태 전환 설계에 직접 적용 가능",Codrops 공식 API 항목 확인
