url,domain,http_status,page_title,page_description_or_headings,observed_pattern,adopt_or_exclude_reason,access_limitation
https://www.figma.com/blog/introducing-figma-sites/,figma.com,200,Publish Your Designs On The Web With Figma Sites | Figma Blog,"메타: Today, we’re launching Figma Sites, an all-in-one tool for you to design and build custom, responsive websites. / 관찰 소제목: Featured Topics | News | Design systems | Explore topics",큐레이션·시각 위계,채택: 대표 사례의 정보 밀도와 초점 배치를 비교. 배제: 공연 템플릿과 무관한 표면 스타일 복제.,
https://www.figma.com/community/file/1337383844852052585/parallax-scrolling-example,figma.com,200,Parallax-Scrolling-Example | Figma,메타: Simple prototype showing parallax animation,모션·상호작용,채택: 위치·스케일·불투명도 중심의 짧은 상태 전환. 배제: 정보 이해를 지연시키는 장식 모션.,Figma Community robots/로그인 정책으로 상세 캔버스 직접 분석 제한; 공개 메타/공식 설명만 사용
https://www.figma.com/community/file/1524448265587210925/figmastica-free-1-0,figma.com,200,Figmastica FREE 1.0 | Figma,메타: 👉 30+ Variants of Components 👉 3800+ All components 👉 20+ Sections & blocks 👉 30+ Text styles 👉 60+ Variables 👉 50+ Design tokens 👉 Autolayout 4.0+Variants Available for everyone! ,큐레이션·시각 위계,채택: 대표 사례의 정보 밀도와 초점 배치를 비교. 배제: 공연 템플릿과 무관한 표면 스타일 복제.,Figma Community robots/로그인 정책으로 상세 캔버스 직접 분석 제한; 공개 메타/공식 설명만 사용
https://www.figma.com/prototyping/,figma.com,200,Free Prototyping Tool: Build Interactive Prototype Designs | Figma,메타: Use our free online prototyping tool to build realistic experiences in one live file to ensure your designs are always up to date. / 관찰 소제목: What you can do in figma | Explore all products | Additional product resources | Use cases,큐레이션·시각 위계,채택: 대표 사례의 정보 밀도와 초점 배치를 비교. 배제: 공연 템플릿과 무관한 표면 스타일 복제.,
https://www.figma.com/resource-library/ai-website-examples/,figma.com,200,"29 AI Website Examples for SaaS, E-commerce, + More | Figma","메타: Explore 29 AI website examples across industries like SaaS, tech, and retail. See how AI handles complex hierarchy and use these files to start your Web design. / 관찰 소제목: What you can do in figma | Explore all products | Additional product resources | Use cases",큐레이션·시각 위계,채택: 대표 사례의 정보 밀도와 초점 배치를 비교. 배제: 공연 템플릿과 무관한 표면 스타일 복제.,
https://muz.li/blog/weekly-designers-update-430/,muz.li,404,weekly-designers-update-430,메타: 설명 없음,큐레이션·시각 위계,채택: 대표 사례의 정보 밀도와 초점 배치를 비교. 배제: 공연 템플릿과 무관한 표면 스타일 복제.,"HTTP 404; 검색/공식 보조 페이지로 존재 확인, 본문 직접 관찰 제한"
https://muz.li/blog/weekly-designers-update-431/,muz.li,404,weekly-designers-update-431,메타: 설명 없음,큐레이션·시각 위계,채택: 대표 사례의 정보 밀도와 초점 배치를 비교. 배제: 공연 템플릿과 무관한 표면 스타일 복제.,"HTTP 404; 검색/공식 보조 페이지로 존재 확인, 본문 직접 관찰 제한"
https://muz.li/blog/weekly-designers-update-432/,muz.li,404,weekly-designers-update-432,메타: 설명 없음,큐레이션·시각 위계,채택: 대표 사례의 정보 밀도와 초점 배치를 비교. 배제: 공연 템플릿과 무관한 표면 스타일 복제.,"HTTP 404; 검색/공식 보조 페이지로 존재 확인, 본문 직접 관찰 제한"
https://muz.li/blog/weekly-designers-update-433/,muz.li,200,Weekly Designers Update #433 | Muzli Blog,"메타: Web design inspiration, weekly recap / 관찰 소제목: Weekly Designers Update #433 | Web design inspiration | How do we burn up forests, villages and people with our own hands | Convex Seascape Survey",큐레이션·시각 위계,채택: 대표 사례의 정보 밀도와 초점 배치를 비교. 배제: 공연 템플릿과 무관한 표면 스타일 복제.,
https://muz.li/blog/weekly-designers-update-434/,muz.li,200,Weekly Designers Update #434 | Muzli Blog,"메타: Web design inspiration, weekly recap / 관찰 소제목: Weekly Designers Update #434 | Web design inspiration | All Around Us* Environment Explorer Collection AW 2023 | Buttermax",큐레이션·시각 위계,채택: 대표 사례의 정보 밀도와 초점 배치를 비교. 배제: 공연 템플릿과 무관한 표면 스타일 복제.,
https://muz.li/blog/weekly-designers-update-435/,muz.li,200,Weekly Designers Update #435 | Muzli Blog,"메타: Web design inspiration, weekly recap / 관찰 소제목: Weekly Designers Update #435 | Web design inspiration | Eurecah | Creative Agency | Evan Fasquelle — Digital Designer",큐레이션·시각 위계,채택: 대표 사례의 정보 밀도와 초점 배치를 비교. 배제: 공연 템플릿과 무관한 표면 스타일 복제.,
https://muz.li/blog/weekly-designers-update-436/,muz.li,200,Weekly Designers Update #436 | Muzli Blog,"메타: Web design inspiration, weekly recap / 관찰 소제목: Weekly Designers Update #436 | Web design inspiration | Sala X | Bonhomme | 10 Ans",큐레이션·시각 위계,채택: 대표 사례의 정보 밀도와 초점 배치를 비교. 배제: 공연 템플릿과 무관한 표면 스타일 복제.,
https://muz.li/blog/weekly-designers-update-437/,muz.li,200,Weekly Designers Update #437 | Muzli Blog,"메타: Web design inspiration, weekly recap / 관찰 소제목: Weekly Designers Update #437 | Web design inspiration | Nokia 3310 Eng | Concept Capers",큐레이션·시각 위계,채택: 대표 사례의 정보 밀도와 초점 배치를 비교. 배제: 공연 템플릿과 무관한 표면 스타일 복제.,
https://muz.li/blog/weekly-designers-update-438/,muz.li,200,Weekly Designers Update #438 | Muzli Blog,"메타: Web design inspiration, weekly recap / 관찰 소제목: Weekly Designers Update #438 | Web design inspiration | Active Theory · Creative Digital Experiences | Loket Design",큐레이션·시각 위계,채택: 대표 사례의 정보 밀도와 초점 배치를 비교. 배제: 공연 템플릿과 무관한 표면 스타일 복제.,
https://muz.li/blog/weekly-designers-update-439/,muz.li,200,Weekly Designers Update #439 | Muzli Blog,"메타: Web design inspiration, weekly recap / 관찰 소제목: Weekly Designers Update #439 | Web design inspiration | Backstage With Bon Jovi | Otoh",큐레이션·시각 위계,채택: 대표 사례의 정보 밀도와 초점 배치를 비교. 배제: 공연 템플릿과 무관한 표면 스타일 복제.,
https://muz.li/blog/weekly-designers-update-440/,muz.li,200,Weekly Designers Update #440 | Muzli Blog,"메타: Web design inspiration, weekly recap / 관찰 소제목: Weekly Designers Update #440 | Web design inspiration | The Cursed Library | Louisvuitton-Package",큐레이션·시각 위계,채택: 대표 사례의 정보 밀도와 초점 배치를 비교. 배제: 공연 템플릿과 무관한 표면 스타일 복제.,
https://muz.li/blog/weekly-designers-update-441/,muz.li,200,Weekly Designers Update #441 | Muzli Blog,"메타: Web design inspiration, weekly recap / 관찰 소제목: Weekly Designers Update #441 | Web design inspiration | Format–3 | Web Design Studio — WLT Design",큐레이션·시각 위계,채택: 대표 사례의 정보 밀도와 초점 배치를 비교. 배제: 공연 템플릿과 무관한 표면 스타일 복제.,
https://muz.li/blog/weekly-designers-update-442/,muz.li,200,Weekly Designers Update #442 | Muzli Blog,"메타: Web design inspiration, weekly recap / 관찰 소제목: Weekly Designers Update #442 | Web design inspiration | Drams — Framer Components Inspired By Dieter Rams’ | Hero Collective",큐레이션·시각 위계,채택: 대표 사례의 정보 밀도와 초점 배치를 비교. 배제: 공연 템플릿과 무관한 표면 스타일 복제.,
https://muz.li/blog/weekly-designers-update-443/,muz.li,200,Weekly Designers Update #443 | Muzli Blog,"메타: Web design inspiration, weekly recap / 관찰 소제목: Weekly Designers Update #443 | Web design inspiration | Add depth and illusion to sites on Wix Studio | Metalab | We Make Interfaces",3D·공간 깊이,"채택: 단일 소실점, 전경 가림, 접촉 그림자로 깊이 표현. 배제: 장식용 3D와 과도한 카메라 회전.",
https://muz.li/blog/weekly-designers-update-444/,muz.li,200,Weekly Designers Update #444 | Muzli Blog,"메타: Web design inspiration, weekly recap / 관찰 소제목: Weekly Designers Update #444 | Web design inspiration | Muzli AI Color Combination Generator | Peter Tarka",큐레이션·시각 위계,채택: 대표 사례의 정보 밀도와 초점 배치를 비교. 배제: 공연 템플릿과 무관한 표면 스타일 복제.,
https://muz.li/blog/weekly-designers-update-445/,muz.li,200,Weekly Designers Update #445 | Muzli Blog,"메타: Web design inspiration, weekly recap / 관찰 소제목: Weekly Designers Update #445 | Web design inspiration | Razorfish | Agence Digitale | Monopo Paris",큐레이션·시각 위계,채택: 대표 사례의 정보 밀도와 초점 배치를 비교. 배제: 공연 템플릿과 무관한 표면 스타일 복제.,
https://muz.li/blog/weekly-designers-update-446/,muz.li,200,Weekly Designers Update #446 | Muzli Blog,"메타: Web design inspiration, weekly recap / 관찰 소제목: Weekly Designers Update #446 | Web design inspiration | Merriment | 84–24",큐레이션·시각 위계,채택: 대표 사례의 정보 밀도와 초점 배치를 비교. 배제: 공연 템플릿과 무관한 표면 스타일 복제.,
https://muz.li/blog/weekly-designers-update-447/,muz.li,200,Weekly Designers Update #447 | Muzli Blog,"메타: Web design inspiration, weekly recap / 관찰 소제목: Weekly Designers Update #447 | Web design inspiration | Aircord | Ma Sai Gon",큐레이션·시각 위계,채택: 대표 사례의 정보 밀도와 초점 배치를 비교. 배제: 공연 템플릿과 무관한 표면 스타일 복제.,
https://muz.li/blog/weekly-designers-update-448/,muz.li,200,Weekly Designers Update #448 | Muzli Blog,"메타: Web design inspiration, weekly recap / 관찰 소제목: Weekly Designers Update #448 | Web design inspiration | Innovative Fashion Worlds | NeoCultural Couture | Madmusem — Contemporary Artist And Creator",큐레이션·시각 위계,채택: 대표 사례의 정보 밀도와 초점 배치를 비교. 배제: 공연 템플릿과 무관한 표면 스타일 복제.,
https://muz.li/blog/weekly-designers-update-449/,muz.li,200,Weekly Designers Update #449 | Muzli Blog,"메타: Web design inspiration, weekly recap / 관찰 소제목: Weekly Designers Update #449 | Web design inspiration | Basement.Studio | RayRay Lab",큐레이션·시각 위계,채택: 대표 사례의 정보 밀도와 초점 배치를 비교. 배제: 공연 템플릿과 무관한 표면 스타일 복제.,
https://muz.li/blog/weekly-designers-update-450/,muz.li,200,Weekly Designers Update #450 | Muzli Blog,"메타: Web design inspiration, weekly recap / 관찰 소제목: Weekly Designers Update #450 | Web design inspiration | Buttermax: Slosh Seltzer | Equinox",큐레이션·시각 위계,채택: 대표 사례의 정보 밀도와 초점 배치를 비교. 배제: 공연 템플릿과 무관한 표면 스타일 복제.,
https://muz.li/blog/weekly-designers-update-451/,muz.li,200,Weekly Designers Update #451 | Muzli Blog,"메타: Web design inspiration, weekly recap / 관찰 소제목: Weekly Designers Update #451 | Web design inspiration | WLKR 76 | DECATHLON | Say Social",큐레이션·시각 위계,채택: 대표 사례의 정보 밀도와 초점 배치를 비교. 배제: 공연 템플릿과 무관한 표면 스타일 복제.,
https://muz.li/blog/weekly-designers-update-452/,muz.li,200,Weekly Designers Update #452 | Muzli Blog,"메타: Web design inspiration, weekly recap / 관찰 소제목: Weekly Designers Update #452 | Web design inspiration | Rob Hemus | Design Collective | TWOMUCH.STUDIO",큐레이션·시각 위계,채택: 대표 사례의 정보 밀도와 초점 배치를 비교. 배제: 공연 템플릿과 무관한 표면 스타일 복제.,
https://muz.li/blog/weekly-designers-update-453/,muz.li,200,Weekly Designers Update #453 | Muzli Blog,"메타: Web design inspiration, weekly recap / 관찰 소제목: Weekly Designers Update #453 | Web design inspiration | Crazy Creative | A Solo Design Agency With Super Powers. | Local Studio — Digital Creative Studio",큐레이션·시각 위계,채택: 대표 사례의 정보 밀도와 초점 배치를 비교. 배제: 공연 템플릿과 무관한 표면 스타일 복제.,
https://muz.li/blog/weekly-designers-update-454/,muz.li,200,Weekly Designers Update #454 | Muzli Blog,"메타: Web design inspiration, weekly recap / 관찰 소제목: Weekly Designers Update #454 | Web design inspiration | A./CHEN — Web Designer Of The Future ( 未來界 ) | STR8FIRE | Redefining Entertainment",큐레이션·시각 위계,채택: 대표 사례의 정보 밀도와 초점 배치를 비교. 배제: 공연 템플릿과 무관한 표면 스타일 복제.,
https://muz.li/blog/weekly-designers-update-455/,muz.li,200,Weekly Designers Update #455 | Muzli Blog,"메타: Web design inspiration, weekly recap / 관찰 소제목: Weekly Designers Update #455 | Weekly Designers Update #567 | Weekly Designers Update #566 | Weekly Designers Update #565",큐레이션·시각 위계,채택: 대표 사례의 정보 밀도와 초점 배치를 비교. 배제: 공연 템플릿과 무관한 표면 스타일 복제.,
https://muz.li/blog/weekly-designers-update-456/,muz.li,200,Weekly Designers Update #456 | Muzli Blog,"메타: Web design inspiration, weekly recap / 관찰 소제목: Weekly Designers Update #456 | Web design inspiration | Noomo Labs | Superpower",큐레이션·시각 위계,채택: 대표 사례의 정보 밀도와 초점 배치를 비교. 배제: 공연 템플릿과 무관한 표면 스타일 복제.,
https://muz.li/blog/weekly-designers-update-457/,muz.li,200,Weekly Designers Update #457 | Muzli Blog,"메타: Web design inspiration, weekly recap / 관찰 소제목: Weekly Designers Update #457 | Web design inspiration | Fountain Of Youth Coconut Water | The Golden Temple | DES® | Design Education Series® By Obys®",큐레이션·시각 위계,채택: 대표 사례의 정보 밀도와 초점 배치를 비교. 배제: 공연 템플릿과 무관한 표면 스타일 복제.,
https://muz.li/blog/weekly-designers-update-458/,muz.li,200,Weekly Designers Update #458 | Muzli Blog,"메타: Web design inspiration, weekly recap / 관찰 소제목: Weekly Designers Update #458 | Web design inspiration | Everything App For Your Teams | Rogier De Boevé — Creative Developer",큐레이션·시각 위계,채택: 대표 사례의 정보 밀도와 초점 배치를 비교. 배제: 공연 템플릿과 무관한 표면 스타일 복제.,
https://muz.li/blog/weekly-designers-update-459/,muz.li,200,Weekly Designers Update #459 | Muzli Blog,"메타: Web design inspiration, weekly recap / 관찰 소제목: Weekly Designers Update #459 | Web design inspiration | Dracarys — Robert Borghesi LAB | Francobolli Per La Lessinia",큐레이션·시각 위계,채택: 대표 사례의 정보 밀도와 초점 배치를 비교. 배제: 공연 템플릿과 무관한 표면 스타일 복제.,
https://muz.li/blog/weekly-designers-update-460/,muz.li,200,Weekly Designers Update #460 | Muzli Blog,"메타: Web design inspiration, weekly recap / 관찰 소제목: Weekly Designers Update #460 | Web design inspiration | Ashfall Studio | Empowering Brands Through Strategy, Design and Technology | Sigma Software Design",큐레이션·시각 위계,채택: 대표 사례의 정보 밀도와 초점 배치를 비교. 배제: 공연 템플릿과 무관한 표면 스타일 복제.,
https://muz.li/blog/weekly-designers-update-461/,muz.li,200,Weekly Designers Update #461 | Muzli Blog,"메타: Web design inspiration, weekly recap / 관찰 소제목: Weekly Designers Update #461 | Web design inspiration | Samson – Art | Office Of Overview — Twenty Three Degrees",큐레이션·시각 위계,채택: 대표 사례의 정보 밀도와 초점 배치를 비교. 배제: 공연 템플릿과 무관한 표면 스타일 복제.,
https://muz.li/blog/weekly-designers-update-462/,muz.li,200,Weekly Designers Update #462 | Muzli Blog,"메타: Web design inspiration, weekly recap / 관찰 소제목: Weekly Designers Update #462 | Web design inspiration | Decathland · Yeye Weller X Decathlon | O Positive Films",큐레이션·시각 위계,채택: 대표 사례의 정보 밀도와 초점 배치를 비교. 배제: 공연 템플릿과 무관한 표면 스타일 복제.,
https://muz.li/blog/weekly-designers-update-463/,muz.li,200,Weekly Designers Update #463 | Muzli Blog,"메타: Web design inspiration, weekly recap / 관찰 소제목: Weekly Designers Update #463 | Web design inspiration | Contra | Project Cost Calculator | Chrono – Timeless Threads",큐레이션·시각 위계,채택: 대표 사례의 정보 밀도와 초점 배치를 비교. 배제: 공연 템플릿과 무관한 표면 스타일 복제.,
https://muz.li/blog/weekly-designers-update-464/,muz.li,200,Weekly Designers Update #464 | Muzli Blog,"메타: Web design inspiration, weekly recap / 관찰 소제목: Weekly Designers Update #464 | Web design inspiration | Botanic Expo | Crafted Futuristic Plants | tinyPod",큐레이션·시각 위계,채택: 대표 사례의 정보 밀도와 초점 배치를 비교. 배제: 공연 템플릿과 무관한 표면 스타일 복제.,
https://muz.li/blog/weekly-designers-update-465/,muz.li,200,Weekly Designers Update #465 | Muzli Blog,"메타: Web design inspiration, weekly recap / 관찰 소제목: Weekly Designers Update #465 | Web design inspiration | Retronova | Timeless Fashion | Friend AI",큐레이션·시각 위계,채택: 대표 사례의 정보 밀도와 초점 배치를 비교. 배제: 공연 템플릿과 무관한 표면 스타일 복제.,
https://muz.li/blog/weekly-designers-update-466/,muz.li,200,Weekly Designers Update #466 | Muzli Blog,"메타: Web design inspiration, weekly recap / 관찰 소제목: Weekly Designers Update #466 | Web design inspiration | UNOXUNO | Pasticcino’s Quest — Treasures of Japan",큐레이션·시각 위계,채택: 대표 사례의 정보 밀도와 초점 배치를 비교. 배제: 공연 템플릿과 무관한 표면 스타일 복제.,
https://muz.li/blog/weekly-designers-update-467/,muz.li,200,Weekly Designers Update #467 | Muzli Blog,"메타: Web design inspiration, weekly recap / 관찰 소제목: Weekly Designers Update #467 | Web design inspiration | Price Adapter | Lokal Poster Co. – For Your City",큐레이션·시각 위계,채택: 대표 사례의 정보 밀도와 초점 배치를 비교. 배제: 공연 템플릿과 무관한 표면 스타일 복제.,
https://muz.li/blog/weekly-designers-update-468/,muz.li,200,Weekly Designers Update #468 | Muzli Blog,"메타: Web design inspiration, weekly recap / 관찰 소제목: Weekly Designers Update #468 | Web design inspiration | SERIOUS.BUSINESS | Gladeye — Digital Product & Brand Experience Agency",큐레이션·시각 위계,채택: 대표 사례의 정보 밀도와 초점 배치를 비교. 배제: 공연 템플릿과 무관한 표면 스타일 복제.,
https://muz.li/blog/weekly-designers-update-469/,muz.li,200,Weekly Designers Update #469 | Muzli Blog,"메타: Web design inspiration, weekly recap / 관찰 소제목: Weekly Designers Update #469 | Web design inspiration | Following Wildfire | Unanswered",큐레이션·시각 위계,채택: 대표 사례의 정보 밀도와 초점 배치를 비교. 배제: 공연 템플릿과 무관한 표면 스타일 복제.,
https://muz.li/blog/weekly-designers-update-470/,muz.li,200,Weekly Designers Update #470 | Muzli Blog,"메타: Web design inspiration, weekly recap / 관찰 소제목: Weekly Designers Update #470 | Hello Designers, | Web design inspiration | Federico Pian / Portfolio 2024",미니멀·에디토리얼 위계,"채택: 넓은 여백, 적은 레이어, 명확한 제목/정보 위계. 배제: 저대비 텍스트와 과밀한 카드.",
https://muz.li/blog/weekly-designers-update-471/,muz.li,200,Weekly Designers Update #471 | Muzli Blog,"메타: Web design inspiration, weekly recap / 관찰 소제목: Weekly Designers Update #471 | Web design inspiration | terradactyl — A bespoke + boutique QA agency | Locomotive Dynasty — 2018 to 2023",큐레이션·시각 위계,채택: 대표 사례의 정보 밀도와 초점 배치를 비교. 배제: 공연 템플릿과 무관한 표면 스타일 복제.,
https://muz.li/blog/weekly-designers-update-472/,muz.li,200,Weekly Designers Update #472 | Muzli Blog,"메타: Web design inspiration, weekly recap / 관찰 소제목: Weekly Designers Update #472 | Web design inspiration | Thirtysixstudio | APOSSIBLE",큐레이션·시각 위계,채택: 대표 사례의 정보 밀도와 초점 배치를 비교. 배제: 공연 템플릿과 무관한 표면 스타일 복제.,
https://muz.li/blog/weekly-designers-update-473/,muz.li,200,Weekly Designers Update #473 | Muzli Blog,"메타: Web design inspiration, weekly recap / 관찰 소제목: Weekly Designers Update #473 | Web design inspiration | Sam Grinberg | Orken",큐레이션·시각 위계,채택: 대표 사례의 정보 밀도와 초점 배치를 비교. 배제: 공연 템플릿과 무관한 표면 스타일 복제.,
https://muz.li/blog/weekly-designers-update-474/,muz.li,200,Weekly Designers Update #474 | Muzli Blog,"메타: Web design inspiration, weekly recap / 관찰 소제목: Weekly Designers Update #474 | Web design inspiration | Treize grammes — Agence de Branding | Ben Powell Independent Designer + Filmmaker",큐레이션·시각 위계,채택: 대표 사례의 정보 밀도와 초점 배치를 비교. 배제: 공연 템플릿과 무관한 표면 스타일 복제.,
https://muz.li/blog/weekly-designers-update-475/,muz.li,200,Weekly Designers Update #475 | Muzli Blog,"메타: Web design inspiration, weekly recap / 관찰 소제목: Weekly Designers Update #475 | Web design inspiration | Monkey Talkie — Creative Video Agency | The Line Studio — Animation Studio London",모션·상호작용,채택: 위치·스케일·불투명도 중심의 짧은 상태 전환. 배제: 정보 이해를 지연시키는 장식 모션.,
https://muz.li/blog/weekly-designers-update-476/,muz.li,200,Weekly Designers Update #476 | Muzli Blog,"메타: Web design inspiration, weekly recap / 관찰 소제목: Weekly Designers Update #476 | Web design inspiration | Poster Generator | Deeo Studio — A creative digital design studio",큐레이션·시각 위계,채택: 대표 사례의 정보 밀도와 초점 배치를 비교. 배제: 공연 템플릿과 무관한 표면 스타일 복제.,
https://muz.li/blog/weekly-designers-update-477/,muz.li,200,Weekly Designers Update #477 | Muzli Blog,"메타: Web design inspiration, weekly recap / 관찰 소제목: Weekly Designers Update #477 | Web design inspiration | BETC Fullsix | Otherlife Creative Agency | Unconventional Solutions",큐레이션·시각 위계,채택: 대표 사례의 정보 밀도와 초점 배치를 비교. 배제: 공연 템플릿과 무관한 표면 스타일 복제.,
https://muz.li/blog/weekly-designers-update-478/,muz.li,200,Weekly Designers Update #478 | Muzli Blog,"메타: Web design inspiration, weekly recap / 관찰 소제목: Weekly Designers Update #478 | Inside Kristallnacht | Noomo Beat — Personalized AI Audiovisual Experience. | ChainGPT Labs",큐레이션·시각 위계,채택: 대표 사례의 정보 밀도와 초점 배치를 비교. 배제: 공연 템플릿과 무관한 표면 스타일 복제.,
https://muz.li/blog/weekly-designers-update-479/,muz.li,200,Weekly Designers Update #479 | Muzli Blog,"메타: Web design inspiration, weekly recap / 관찰 소제목: Weekly Designers Update #479 | Web design inspiration | AW — Creative Developer Freelance — France | Thibaud Fellay — Swiss director of photography",큐레이션·시각 위계,채택: 대표 사례의 정보 밀도와 초점 배치를 비교. 배제: 공연 템플릿과 무관한 표면 스타일 복제.,
https://muz.li/blog/weekly-designers-update-480/,muz.li,200,Weekly Designers Update #480 | Muzli Blog,"메타: Web design inspiration, weekly recap / 관찰 소제목: Weekly Designers Update #480 | Web design inspiration | Teletech — Born In Manchester. Made Global By You. | Rhythm Influence | Influencer Marketing Studio",큐레이션·시각 위계,채택: 대표 사례의 정보 밀도와 초점 배치를 비교. 배제: 공연 템플릿과 무관한 표면 스타일 복제.,
https://muz.li/blog/weekly-designers-update-481/,muz.li,200,Weekly Designers Update #481 | Muzli Blog,"메타: Web design inspiration, weekly recap / 관찰 소제목: Weekly Designers Update #481 | Web design inspiration | eBay Playbook — One system for everyone to love. | Ten years of Source.paris",큐레이션·시각 위계,채택: 대표 사례의 정보 밀도와 초점 배치를 비교. 배제: 공연 템플릿과 무관한 표면 스타일 복제.,
https://muz.li/blog/weekly-designers-update-482/,muz.li,200,Weekly Designers Update #482 | Muzli Blog,"메타: Web design inspiration, weekly recap / 관찰 소제목: Weekly Designers Update #482 | Muzli Picks | Ricky — Not just another boring AI companion | Chapter: Bride | Milla Nova",큐레이션·시각 위계,채택: 대표 사례의 정보 밀도와 초점 배치를 비교. 배제: 공연 템플릿과 무관한 표면 스타일 복제.,
https://muz.li/blog/weekly-designers-update-483/,muz.li,200,Weekly Designers Update #483 | Muzli Blog,"메타: Web design inspiration, weekly recap / 관찰 소제목: Weekly Designers Update #483 | From Muzli Picks | Pantone Color of the Year 2025 exclusively on Wix Studio | Chain — Labs | Blockchain Web3 Design Studio",큐레이션·시각 위계,채택: 대표 사례의 정보 밀도와 초점 배치를 비교. 배제: 공연 템플릿과 무관한 표면 스타일 복제.,
https://muz.li/blog/weekly-designers-update-484/,muz.li,200,Weekly Designers Update #484 | Muzli Blog,"메타: Web design inspiration, weekly recap / 관찰 소제목: Weekly Designers Update #484 | From Muzli Picks | Immersive Garden | Your Creative | Award Winning Melbourne Digital & Design Agency",3D·공간 깊이,"채택: 단일 소실점, 전경 가림, 접촉 그림자로 깊이 표현. 배제: 장식용 3D와 과도한 카메라 회전.",
https://muz.li/blog/weekly-designers-update-485/,muz.li,200,Weekly Designers Update #485 | Muzli Blog,"메타: Web design inspiration, weekly recap / 관찰 소제목: Weekly Designers Update #485 | From Muzli Picks | Mobile Apps Design and Development for Startups | Polecat Agency | Sundae Creative | A new generation communications agency",큐레이션·시각 위계,채택: 대표 사례의 정보 밀도와 초점 배치를 비교. 배제: 공연 템플릿과 무관한 표면 스타일 복제.,
https://muz.li/blog/weekly-designers-update-486/,muz.li,200,Weekly Designers Update #486 | Muzli Blog,"메타: Web design inspiration, weekly recap / 관찰 소제목: Weekly Designers Update #486 | From Muzli Picks | Lumos | We are Büro",큐레이션·시각 위계,채택: 대표 사례의 정보 밀도와 초점 배치를 비교. 배제: 공연 템플릿과 무관한 표면 스타일 복제.,
https://muz.li/blog/weekly-designers-update-487/,muz.li,200,Weekly Designers Update #487 | Muzli Blog,"메타: Web design inspiration, weekly recap / 관찰 소제목: Weekly Designers Update #487 | From Muzli Picks | NIKI Studio | Analogue aF-1 | Just point and shoot.",큐레이션·시각 위계,채택: 대표 사례의 정보 밀도와 초점 배치를 비교. 배제: 공연 템플릿과 무관한 표면 스타일 복제.,
https://muz.li/blog/weekly-designers-update-488/,muz.li,200,Weekly Designers Update #488 | Muzli Blog,"메타: Web design inspiration, weekly recap / 관찰 소제목: Weekly Designers Update #488 | From Muzli Picks | Gianluca Gradogna — Multidisciplinary Designer | HiKeys — 1977",큐레이션·시각 위계,채택: 대표 사례의 정보 밀도와 초점 배치를 비교. 배제: 공연 템플릿과 무관한 표면 스타일 복제.,
https://muz.li/blog/weekly-designers-update-489/,muz.li,200,Weekly Designers Update #489 | Muzli Blog,"메타: Web design inspiration, weekly recap / 관찰 소제목: Weekly Designers Update #489 | From Muzli Picks | Lacoste — Members Experience | Fondation Ahadi | Unies par le handicap, puissantes par notre leadership !",큐레이션·시각 위계,채택: 대표 사례의 정보 밀도와 초점 배치를 비교. 배제: 공연 템플릿과 무관한 표면 스타일 복제.,
https://muz.li/blog/weekly-designers-update-490/,muz.li,200,Weekly Designers Update #490 | Muzli Blog,"메타: Web design inspiration, weekly recap / 관찰 소제목: Weekly Designers Update #490 | From Muzli Picks | Emmpo | Fiddle.Digital Design Agency",큐레이션·시각 위계,채택: 대표 사례의 정보 밀도와 초점 배치를 비교. 배제: 공연 템플릿과 무관한 표면 스타일 복제.,
https://muz.li/blog/weekly-designers-update-491/,muz.li,200,Weekly Designers Update #491 | Muzli Blog,"메타: Web design inspiration, weekly recap / 관찰 소제목: Weekly Designers Update #491 | From Muzli Picks | WHO IS GUILTY: Designers vs. developers | FRANKY’S | Get a hat",큐레이션·시각 위계,채택: 대표 사례의 정보 밀도와 초점 배치를 비교. 배제: 공연 템플릿과 무관한 표면 스타일 복제.,
https://muz.li/blog/weekly-designers-update-492/,muz.li,200,Weekly Designers Update #492 | Muzli Blog,"메타: Web design inspiration, weekly recap / 관찰 소제목: Weekly Designers Update #492 | From Muzli Picks | Yellow Fellow | OddCommon",큐레이션·시각 위계,채택: 대표 사례의 정보 밀도와 초점 배치를 비교. 배제: 공연 템플릿과 무관한 표면 스타일 복제.,
https://muz.li/blog/weekly-designers-update-493/,muz.li,200,Weekly Designers Update #493 | Muzli Blog,"메타: Web design inspiration, weekly recap / 관찰 소제목: Weekly Designers Update #493 | From Muzli Picks | Astral Frontier | A Journey Across Distant Worlds | Midlife Engineering — Sound therapy for a harmonious mind",큐레이션·시각 위계,채택: 대표 사례의 정보 밀도와 초점 배치를 비교. 배제: 공연 템플릿과 무관한 표면 스타일 복제.,
https://muz.li/blog/weekly-designers-update-494/,muz.li,200,Weekly Designers Update #494 | Muzli Blog,"메타: Web design inspiration, weekly recap / 관찰 소제목: Weekly Designers Update #494 | From Muzli Picks | Turn your logo into liquid metal | Paper | 1X Technologies | Safe, Intelligent Humanoids",큐레이션·시각 위계,채택: 대표 사례의 정보 밀도와 초점 배치를 비교. 배제: 공연 템플릿과 무관한 표면 스타일 복제.,
https://muz.li/blog/weekly-designers-update-495/,muz.li,200,Weekly Designers Update #495 | Muzli Blog,"메타: Web design inspiration, weekly recap / 관찰 소제목: Weekly Designers Update #495 | From Muzli Picks | SoScale | Because content is what matters | Sui Overflow 2025 Hackathon",큐레이션·시각 위계,채택: 대표 사례의 정보 밀도와 초점 배치를 비교. 배제: 공연 템플릿과 무관한 표면 스타일 복제.,
https://muz.li/blog/weekly-designers-update-496/,muz.li,404,weekly-designers-update-496,메타: 설명 없음,큐레이션·시각 위계,채택: 대표 사례의 정보 밀도와 초점 배치를 비교. 배제: 공연 템플릿과 무관한 표면 스타일 복제.,"HTTP 404; 검색/공식 보조 페이지로 존재 확인, 본문 직접 관찰 제한"
https://muz.li/blog/weekly-designers-update-497/,muz.li,200,Weekly Designers Update #497 | Muzli Blog,"메타: Web design inspiration, weekly recap / 관찰 소제목: Weekly Designers Update #497 | Your weekly dose of design inspiration, featuring the hottest projects, must-have tools, and game-changing products. | 🔥 Must-See Design Picks | Altermind — Immersive Design at Its Best",3D·공간 깊이,"채택: 단일 소실점, 전경 가림, 접촉 그림자로 깊이 표현. 배제: 장식용 3D와 과도한 카메라 회전.",
https://muz.li/blog/weekly-designers-update-498/,muz.li,200,Weekly Designers Update #498 | Muzli Blog,"메타: Web design inspiration, weekly recap / 관찰 소제목: Weekly Designers Update #498 | 🔥 Must-See Design Picks | Artpill Studio — A Playful Journey Through Design | 21-TSI — Redefining Sports Innovation",큐레이션·시각 위계,채택: 대표 사례의 정보 밀도와 초점 배치를 비교. 배제: 공연 템플릿과 무관한 표면 스타일 복제.,
https://muz.li/blog/weekly-designers-update-499/,muz.li,200,Weekly Designers Update #499 | Muzli Blog,"메타: Web design inspiration, weekly recap / 관찰 소제목: Weekly Designers Update #499 | 🔥 Must-See Design Picks | Basement Studio — A Virtual Space with Real-World Attitude | Navigate — Engaging Illustrations and Subtle Scroll Animations",모션·상호작용,채택: 위치·스케일·불투명도 중심의 짧은 상태 전환. 배제: 정보 이해를 지연시키는 장식 모션.,
https://muz.li/blog/weekly-designers-update-500/,muz.li,200,Weekly Designers Update #500 | Muzli Blog,"메타: Web design inspiration, weekly recap / 관찰 소제목: Weekly Designers Update #500 | …… | 🔥 Must-See Design Picks | UI in Real Life — When Iconic Screens Step Into Our World",큐레이션·시각 위계,채택: 대표 사례의 정보 밀도와 초점 배치를 비교. 배제: 공연 템플릿과 무관한 표면 스타일 복제.,
https://muz.li/blog/weekly-designers-update-501/,muz.li,200,Weekly Designers Update #501 | Muzli Blog,"메타: Weekly inspiration featuring futuristic portfolios, smart tools, and creative design twists. / 관찰 소제목: Weekly Designers Update #501 | 🔥 Must-See Design Picks | UI8 Studio | Kode Immersive",3D·공간 깊이,"채택: 단일 소실점, 전경 가림, 접촉 그림자로 깊이 표현. 배제: 장식용 3D와 과도한 카메라 회전.",
https://muz.li/blog/weekly-designers-update-502/,muz.li,200,Weekly Designers Update #502 | Muzli Blog,"메타: Weekly inspiration packed with bold portfolios, smart tools, creative trends – and plenty more to explore. / 관찰 소제목: Weekly Designers Update #502 | 🔥 Must-See Design Picks | Valentime: A Cinematic Scroll Journey with Immersive 3D Design | Aurelien Vigne: A Playable Portfolio in a 3D Theater World",3D·공간 깊이,"채택: 단일 소실점, 전경 가림, 접촉 그림자로 깊이 표현. 배제: 장식용 3D와 과도한 카메라 회전.",
https://muz.li/blog/weekly-designers-update-503/,muz.li,200,Weekly Designers Update #503 | Muzli Blog,"메타: A curated roundup of cutting-edge design projects, tools, and trends—your weekly creative boost from Muzli. / 관찰 소제목: Weekly Designers Update #503 | 🔥 Must-See Design Picks | Topology VC | Decathlon Quechua — SS25 Lookbook",큐레이션·시각 위계,채택: 대표 사례의 정보 밀도와 초점 배치를 비교. 배제: 공연 템플릿과 무관한 표면 스타일 복제.,
https://muz.li/blog/weekly-designers-update-504/,muz.li,200,Weekly Designers Update #504 | Muzli Blog,"메타: Design inspiration, cutting-edge tools, and must-see projects—this week’s roundup is packed with creative fuel for every designer. / 관찰 소제목: Weekly Designers Update #504 | 🔥 Must-See Design Picks | Inkwell | Rabbits Black",큐레이션·시각 위계,채택: 대표 사례의 정보 밀도와 초점 배치를 비교. 배제: 공연 템플릿과 무관한 표면 스타일 복제.,
https://muz.li/blog/weekly-designers-update-505/,muz.li,200,Weekly Designers Update #505 | Muzli Blog,"메타: A weekly roundup of standout web design, bold experiments, fresh tools, and what the design world is buzzing about right now. / 관찰 소제목: Weekly Designers Update #505 | 🔥 Must-See Design Picks | The Best You — by Klook | Tracing Art by Getty",큐레이션·시각 위계,채택: 대표 사례의 정보 밀도와 초점 배치를 비교. 배제: 공연 템플릿과 무관한 표면 스타일 복제.,
https://muz.li/blog/weekly-designers-update-506/,muz.li,200,Weekly Designers Update #506 | Muzli Blog,"메타: Fresh design inspiration, smart tools, and creative highlights from around the web. / 관찰 소제목: Weekly Designers Update #506 | 🔥 Must-See Design Picks | Gucci The Art of Silk | For the creators of tomorrow | GO-SEE",큐레이션·시각 위계,채택: 대표 사례의 정보 밀도와 초점 배치를 비교. 배제: 공연 템플릿과 무관한 표면 스타일 복제.,
https://muz.li/blog/weekly-designers-update-507/,muz.li,200,Weekly Designers Update #507 | Muzli Blog,"메타: Design inspiration, cutting-edge tools, and must-see projects—this week’s roundup is packed with creative fuel for every designer. / 관찰 소제목: Weekly Designers Update #507 | 🔥 Must-See Design Picks | LEOLEO Studio — Brand design, identity & custom websites | Sunny Bonnell | Author, Visionary Leadership Expert, Speaker",큐레이션·시각 위계,채택: 대표 사례의 정보 밀도와 초점 배치를 비교. 배제: 공연 템플릿과 무관한 표면 스타일 복제.,
https://muz.li/blog/weekly-designers-update-508/,muz.li,200,Weekly Designers Update #508 | Muzli Blog,"메타: A weekly roundup of standout web design, bold experiments, fresh tools, and what the design world is buzzing about right now. / 관찰 소제목: Weekly Designers Update #508 | 🔥 Must-See Design Pick | Montfort — Corporate Showcase | Karim Saab — Portfolio",미니멀·에디토리얼 위계,"채택: 넓은 여백, 적은 레이어, 명확한 제목/정보 위계. 배제: 저대비 텍스트와 과밀한 카드.",
https://muz.li/blog/weekly-designers-update-509/,muz.li,200,Weekly Designers Update #509 | Muzli Blog,"메타: Your weekly dose of design inspiration, featuring the hottest projects, must-have tools, and game-changing products. / 관찰 소제목: Weekly Designers Update #509 | 🔥 Must-See Design Picks | Telescope | SAMI — Influence Marketing & Personal Brands",큐레이션·시각 위계,채택: 대표 사례의 정보 밀도와 초점 배치를 비교. 배제: 공연 템플릿과 무관한 표면 스타일 복제.,
https://muz.li/blog/weekly-designers-update-510/,muz.li,200,Weekly Designers Update #510 | Muzli Blog,"메타: Weekly inspiration packed with bold portfolios, smart tools, creative trends – and plenty more to explore. / 관찰 소제목: Weekly Designers Update #510 | 🔥 Must-See Design Picks | Teh Tarik Nation — 80 Years of Tradition in Every Sip | Studio Herrström — Creative Studio",미니멀·에디토리얼 위계,"채택: 넓은 여백, 적은 레이어, 명확한 제목/정보 위계. 배제: 저대비 텍스트와 과밀한 카드.",
https://muz.li/blog/weekly-designers-update-511/,muz.li,200,Weekly Designers Update #511 | Muzli Blog,"메타: Weekly inspiration packed with bold portfolios, smart tools, creative trends – and plenty more to explore. / 관찰 소제목: Weekly Designers Update #511 | Your weekly dose of design inspiration, featuring the hottest projects, must-have tools, and game-changing products. | 🔥 Must-See Design Picks | Naya Studio — Floral Design Studio",미니멀·에디토리얼 위계,"채택: 넓은 여백, 적은 레이어, 명확한 제목/정보 위계. 배제: 저대비 텍스트와 과밀한 카드.",
https://muz.li/blog/weekly-designers-update-512/,muz.li,200,Weekly Designers Update #512 | Muzli Blog,"메타: Design inspiration, cutting-edge tools, and must-see projects—this week’s roundup is packed with creative fuel for every designer. / 관찰 소제목: Weekly Designers Update #512 | Your weekly dose of design inspiration, featuring the hottest projects, must-have tools, and game-changing products. | 🔥 Must-See Design Picks | 🚀🚀 Introducing Muzli Me",큐레이션·시각 위계,채택: 대표 사례의 정보 밀도와 초점 배치를 비교. 배제: 공연 템플릿과 무관한 표면 스타일 복제.,
https://muz.li/blog/weekly-designers-update-513/,muz.li,200,Weekly Designers Update #513 | Muzli Blog,"메타: Your weekly dose of design inspiration, featuring the hottest projects, must-have tools, and game-changing products. / 관찰 소제목: Weekly Designers Update #513 | 🏆 Muzli Community Uploads | Tore S. Bentsen — Portfolio | SWANK — Creative Design Concept",미니멀·에디토리얼 위계,"채택: 넓은 여백, 적은 레이어, 명확한 제목/정보 위계. 배제: 저대비 텍스트와 과밀한 카드.",
https://muz.li/blog/weekly-designers-update-514/,muz.li,200,Weekly Designers Update #514 | Muzli Blog,"메타: Weekly inspiration packed with bold portfolios, smart tools, creative trends – and plenty more to explore. / 관찰 소제목: Weekly Designers Update #514 | 🏆 Muzli Community Uploads | DODD // Website | 🔥 Must-See Design Picks",미니멀·에디토리얼 위계,"채택: 넓은 여백, 적은 레이어, 명확한 제목/정보 위계. 배제: 저대비 텍스트와 과밀한 카드.",
https://muz.li/blog/weekly-designers-update-515/,muz.li,200,Weekly Designers Update #515 | Muzli Blog,"메타: Web design inspiration, weekly recap / 관찰 소제목: Weekly Designers Update #515 | Your weekly dose of design inspiration, featuring the hottest projects, must-have tools, and game-changing products. | 🏆 Muzli Community Uploads | Flowee — Coffee Beans, Brewing Tools & Com",큐레이션·시각 위계,채택: 대표 사례의 정보 밀도와 초점 배치를 비교. 배제: 공연 템플릿과 무관한 표면 스타일 복제.,
https://muz.li/blog/weekly-designers-update-516/,muz.li,200,Weekly Designers Update #516 | Muzli Blog,"메타: Web design inspiration, weekly recap / 관찰 소제목: Weekly Designers Update #516 | Your weekly dose of design inspiration, featuring the hottest projects, must-have tools, and game-changing products. | 🏆 Muzli Community Uploads | Viva La Labia",큐레이션·시각 위계,채택: 대표 사례의 정보 밀도와 초점 배치를 비교. 배제: 공연 템플릿과 무관한 표면 스타일 복제.,
https://muz.li/blog/weekly-designers-update-517/,muz.li,404,weekly-designers-update-517,메타: 설명 없음,큐레이션·시각 위계,채택: 대표 사례의 정보 밀도와 초점 배치를 비교. 배제: 공연 템플릿과 무관한 표면 스타일 복제.,"HTTP 404; 검색/공식 보조 페이지로 존재 확인, 본문 직접 관찰 제한"
https://muz.li/blog/weekly-designers-update-518/,muz.li,200,Weekly Designers Update #518 | Muzli Blog,"메타: A curated roundup of cutting-edge design projects, tools, and trends—your weekly creative boost from Muzli. / 관찰 소제목: Weekly Designers Update #518 | Your weekly dose of design inspiration, featuring the hottest projects, must-have tools, and game-changing products. | 🏆 Muzli Community Uploads | Maggie App",큐레이션·시각 위계,채택: 대표 사례의 정보 밀도와 초점 배치를 비교. 배제: 공연 템플릿과 무관한 표면 스타일 복제.,
https://muz.li/blog/weekly-designers-update-519/,muz.li,200,Weekly Designers Update #519 | Muzli Blog,"메타: Weekly inspiration packed with bold portfolios, smart tools, creative trends – and plenty more to explore. / 관찰 소제목: Weekly Designers Update #519 | Your weekly dose of design inspiration, featuring the hottest projects, must-have tools, and game-changing products. | 🏆 Muzli Community Uploads | Geex | UI/UX Design, Branding & Developmen",미니멀·에디토리얼 위계,"채택: 넓은 여백, 적은 레이어, 명확한 제목/정보 위계. 배제: 저대비 텍스트와 과밀한 카드.",
https://muz.li/blog/weekly-designers-update-520/,muz.li,200,Weekly Designers Update #520 | Muzli Blog,"메타: Weekly inspiration packed with bold portfolios, smart tools, creative trends – and plenty more to explore. / 관찰 소제목: Weekly Designers Update #520 | Your weekly dose of design inspiration, featuring the hottest projects, must-have tools, and game-changing products. | 🏆 Muzli Community Uploads | Hover Exploration №002",모션·상호작용,채택: 위치·스케일·불투명도 중심의 짧은 상태 전환. 배제: 정보 이해를 지연시키는 장식 모션.,
https://muz.li/blog/weekly-designers-update-521/,muz.li,200,Weekly Designers Update #521 | Muzli Blog,"메타: Web design inspiration, weekly recap / 관찰 소제목: Weekly Designers Update #521 | 🏆 Muzli Community Uploads | ATMOS® Lamp by AYOCIN | WaxyWeb — Design & Development Agency",큐레이션·시각 위계,채택: 대표 사례의 정보 밀도와 초점 배치를 비교. 배제: 공연 템플릿과 무관한 표면 스타일 복제.,
https://muz.li/blog/weekly-designers-update-522/,muz.li,200,Weekly Designers Update #522 | Muzli Blog,"메타: Web design inspiration, weekly recap / 관찰 소제목: Weekly Designers Update #522 | 🏆 Muzli Community Uploads | Le Journal Society | OXELIS — Fashion Website Design & Landing Page",큐레이션·시각 위계,채택: 대표 사례의 정보 밀도와 초점 배치를 비교. 배제: 공연 템플릿과 무관한 표면 스타일 복제.,
https://muz.li/blog/weekly-designers-update-523/,muz.li,200,Weekly Designers Update #523 | Muzli Blog,"메타: A curated roundup of cutting-edge design projects, tools, and trends, your weekly creative boost from Muzli. / 관찰 소제목: Weekly Designers Update #523 | Your weekly dose of design inspiration, featuring the hottest projects, must-have tools, and game-changing products. | 🏆 Muzli Community Uploads | Blossom",큐레이션·시각 위계,채택: 대표 사례의 정보 밀도와 초점 배치를 비교. 배제: 공연 템플릿과 무관한 표면 스타일 복제.,
https://muz.li/blog/weekly-designers-update-524/,muz.li,200,Weekly Designers Update #524 | Muzli Blog,"메타: Design inspiration, cutting-edge tools, and must-see projects—this week’s roundup is packed with creative fuel for every designer. / 관찰 소제목: Weekly Designers Update #524 | Your weekly dose of design inspiration, featuring the hottest projects, must-have tools, and game-changing products. | 🏆 Muzli Community Uploads | DePoly; Bringing Enhanced Recycling Full-C",큐레이션·시각 위계,채택: 대표 사례의 정보 밀도와 초점 배치를 비교. 배제: 공연 템플릿과 무관한 표면 스타일 복제.,
https://muz.li/blog/weekly-designers-update-525/,muz.li,200,Weekly Designers Update #525 | Muzli Blog,"메타: A curated roundup of cutting-edge design projects, tools, and trends, your weekly creative boost from Muzli. / 관찰 소제목: Weekly Designers Update #525 | Your weekly dose of design inspiration, featuring the hottest projects, must-have tools, and game-changing products. | 🏆 Muzli Community Uploads | MO4 performance controller Website",큐레이션·시각 위계,채택: 대표 사례의 정보 밀도와 초점 배치를 비교. 배제: 공연 템플릿과 무관한 표면 스타일 복제.,
https://muz.li/blog/weekly-designers-update-526/,muz.li,200,Weekly Designers Update #526 | Muzli Blog,"메타: Weekly inspiration packed with bold portfolios, smart tools, creative trends, and plenty more to explore. / 관찰 소제목: Weekly Designers Update #526 | Your weekly dose of design inspiration, featuring the hottest projects, must-have tools, and game-changing products. | 🏆 Muzli Community Uploads | Iventions",미니멀·에디토리얼 위계,"채택: 넓은 여백, 적은 레이어, 명확한 제목/정보 위계. 배제: 저대비 텍스트와 과밀한 카드.",
https://muz.li/blog/weekly-designers-update-527/,muz.li,200,Weekly Designers Update #527 | Muzli Blog,"메타: A curated roundup of cutting-edge design projects, tools, and trends, your weekly creative boost from Muzli. / 관찰 소제목: Weekly Designers Update #527 | Your weekly dose of design inspiration, featuring the hottest projects, must-have tools, and game-changing products. | 🏆 Muzli Community Uploads | Frmt: Alphabet [Tubes & Wires]",큐레이션·시각 위계,채택: 대표 사례의 정보 밀도와 초점 배치를 비교. 배제: 공연 템플릿과 무관한 표면 스타일 복제.,
https://muz.li/blog/weekly-designers-update-528/,muz.li,200,Weekly Designers Update #528 | Muzli Blog,"메타: A curated roundup of cutting-edge design projects, tools, and trends, your weekly creative boost from Muzli. / 관찰 소제목: Weekly Designers Update #528 | Your weekly dose of design inspiration, featuring the hottest projects, must-have tools, and game-changing products. | 🏆 Muzli Community Uploads | Animated Website for a Wellness Brand",큐레이션·시각 위계,채택: 대표 사례의 정보 밀도와 초점 배치를 비교. 배제: 공연 템플릿과 무관한 표면 스타일 복제.,
https://muz.li/blog/weekly-designers-update-529/,muz.li,200,Weekly Designers Update #529 | Muzli Blog,"메타: A curated roundup of cutting-edge design projects, tools, and trends, your weekly creative boost from Muzli. / 관찰 소제목: Weekly Designers Update #529 | 🏆 Muzli Community Uploads | Nas Illmatic | Design Trends 2026: Where AI Meets Emotion",모션·상호작용,채택: 위치·스케일·불투명도 중심의 짧은 상태 전환. 배제: 정보 이해를 지연시키는 장식 모션.,
https://muz.li/blog/weekly-designers-update-530/,muz.li,200,Weekly Designers Update #530 | Muzli Blog,"메타: Your weekly dose of design inspiration, featuring the hottest projects, must-have tools, and game-changing products. / 관찰 소제목: Weekly Designers Update #530 | 🏆 Muzli Community Uploads | Tweet | Animal Futures",큐레이션·시각 위계,채택: 대표 사례의 정보 밀도와 초점 배치를 비교. 배제: 공연 템플릿과 무관한 표면 스타일 복제.,
https://muz.li/blog/weekly-designers-update-531/,muz.li,200,Weekly Designers Update #531 | Muzli Blog,"메타: Design inspiration, cutting-edge tools, and must-see projects—this week’s roundup is packed with creative fuel for every designer. / 관찰 소제목: Weekly Designers Update #531 | Your weekly dose of design inspiration, featuring the hottest projects, must-have tools, and game-changing products. | 🏆 Muzli Community Uploads | House Of Corto ⏤ eShop",큐레이션·시각 위계,채택: 대표 사례의 정보 밀도와 초점 배치를 비교. 배제: 공연 템플릿과 무관한 표면 스타일 복제.,
https://muz.li/blog/weekly-designers-update-532/,muz.li,200,Weekly Designers Update #532 | Muzli Blog,"메타: A curated roundup of cutting-edge design projects, tools, and trends, your weekly creative boost from Muzli. / 관찰 소제목: Weekly Designers Update #532 | Your weekly dose of design inspiration, featuring the hottest projects, must-have tools, and game-changing products. | 🏆 Muzli Community Uploads | Gen Z Broke the Marketing Funnel Part II: ",큐레이션·시각 위계,채택: 대표 사례의 정보 밀도와 초점 배치를 비교. 배제: 공연 템플릿과 무관한 표면 스타일 복제.,
https://muz.li/blog/weekly-designers-update-533/,muz.li,200,Weekly Designers Update #533 | Muzli Blog,"메타: Weekly inspiration packed with bold portfolios, smart tools, creative trends – and plenty more to explore. / 관찰 소제목: Weekly Designers Update #533 | Your weekly dose of design inspiration, featuring the hottest projects, must-have tools, and game-changing products. | 🏆 Muzli Community Uploads | Amaterasu",미니멀·에디토리얼 위계,"채택: 넓은 여백, 적은 레이어, 명확한 제목/정보 위계. 배제: 저대비 텍스트와 과밀한 카드.",
https://muz.li/blog/weekly-designers-update-534/,muz.li,200,Weekly Designers Update #534 | Muzli Blog,"메타: Weekly inspiration packed with bold portfolios, smart tools, creative trends – and plenty more to explore. / 관찰 소제목: Weekly Designers Update #534 | Your weekly dose of design inspiration, featuring the hottest projects, must-have tools, and game-changing products. | 🔥 Must-See Design Picks | NYC Music OS",미니멀·에디토리얼 위계,"채택: 넓은 여백, 적은 레이어, 명확한 제목/정보 위계. 배제: 저대비 텍스트와 과밀한 카드.",
https://muz.li/blog/weekly-designers-update-535/,muz.li,200,Weekly Designers Update #535 | Muzli Blog,"메타: Weekly inspiration packed with bold portfolios, smart tools, creative trends – and plenty more to explore. / 관찰 소제목: Weekly Designers Update #535 | 🔥 Must-See Design Picks | The Pendragon Cycle — Rise of the Merlin | Google Santa Tracker",미니멀·에디토리얼 위계,"채택: 넓은 여백, 적은 레이어, 명확한 제목/정보 위계. 배제: 저대비 텍스트와 과밀한 카드.",
https://muz.li/blog/weekly-designers-update-536/,muz.li,200,Weekly Designers Update #536 | Muzli Blog,"메타: A curated roundup of cutting-edge design projects, tools, and trends, your weekly creative boost from Muzli. / 관찰 소제목: Weekly Designers Update #536 | Your weekly dose of design inspiration, featuring the hottest projects, must-have tools, and game-changing products. | 🔥 Must-See Design Picks | Bruno’s",큐레이션·시각 위계,채택: 대표 사례의 정보 밀도와 초점 배치를 비교. 배제: 공연 템플릿과 무관한 표면 스타일 복제.,
https://muz.li/blog/weekly-designers-update-537/,muz.li,200,Weekly Designers Update #537 | Muzli Blog,"메타: A curated roundup of cutting-edge design projects, tools, and trends, your weekly creative boost from Muzli. / 관찰 소제목: Weekly Designers Update #537 | Your weekly dose of design inspiration, featuring the hottest projects, must-have tools, and game-changing products. | 🔥 Must-See Design Picks | Ironhill | A place the maps won’t show",큐레이션·시각 위계,채택: 대표 사례의 정보 밀도와 초점 배치를 비교. 배제: 공연 템플릿과 무관한 표면 스타일 복제.,
https://muz.li/blog/weekly-designers-update-538/,muz.li,200,Weekly Designers Update #538 | Muzli Blog,"메타: Your weekly dose of design inspiration, featuring the hottest projects, must-have tools, and game-changing products. / 관찰 소제목: Weekly Designers Update #538 | Your weekly dose of design inspiration, featuring the hottest projects, must-have tools, and game-changing products. | 🔥 Must-See Design Picks | Nicola Romei",큐레이션·시각 위계,채택: 대표 사례의 정보 밀도와 초점 배치를 비교. 배제: 공연 템플릿과 무관한 표면 스타일 복제.,
https://muz.li/blog/weekly-designers-update-539/,muz.li,200,Weekly Designers Update #539 | Muzli Blog,"메타: A curated roundup of cutting-edge design projects, tools, and trends, your weekly creative boost from Muzli. / 관찰 소제목: Weekly Designers Update #539 | Your weekly dose of design inspiration, featuring the hottest projects, must-have tools, and game-changing products. | 🔥 Must-See Design Picks | ©Design by Dylan",큐레이션·시각 위계,채택: 대표 사례의 정보 밀도와 초점 배치를 비교. 배제: 공연 템플릿과 무관한 표면 스타일 복제.,
https://muz.li/blog/weekly-designers-update-540/,muz.li,200,Weekly Designers Update #540 | Muzli Blog,"메타: A curated roundup of cutting-edge design projects, tools, and trends, your weekly creative boost from Muzli. / 관찰 소제목: Weekly Designers Update #540 | 🔥 Must-See Design Picks | Jesko Jets® | Vibrant Wellness | Interactive Digital Health Experience",큐레이션·시각 위계,채택: 대표 사례의 정보 밀도와 초점 배치를 비교. 배제: 공연 템플릿과 무관한 표면 스타일 복제.,
https://muz.li/blog/weekly-designers-update-541/,muz.li,200,Weekly Designers Update #541 | Muzli Blog,"메타: Weekly inspiration featuring futuristic portfolios, smart tools, and creative design twists. / 관찰 소제목: Weekly Designers Update #541 | Your weekly dose of design inspiration, featuring the hottest projects, must-have tools, and game-changing products. | 🔥 Must-See Design Picks | Jason Bergh",미니멀·에디토리얼 위계,"채택: 넓은 여백, 적은 레이어, 명확한 제목/정보 위계. 배제: 저대비 텍스트와 과밀한 카드.",
https://muz.li/blog/weekly-designers-update-542/,muz.li,200,Weekly Designers Update #542 | Muzli Blog,"메타: A curated roundup of cutting-edge design projects, tools, and trends, your weekly creative boost from Muzli. / 관찰 소제목: Weekly Designers Update #542 | Your weekly dose of design inspiration, featuring the hottest projects, must-have tools, and game-changing products. | 🔥 Must-See Design Picks | СropTab — Highly Efficient Fertilizer",큐레이션·시각 위계,채택: 대표 사례의 정보 밀도와 초점 배치를 비교. 배제: 공연 템플릿과 무관한 표면 스타일 복제.,
https://muz.li/blog/weekly-designers-update-543/,muz.li,200,Weekly Designers Update #543 | Muzli Blog,"메타: Muzli Weekly: The cutting edge of design, from viral portfolios to the next generation of AI-powered tools. Discover the projects and products shaping... / 관찰 소제목: Weekly Designers Update #543 | Your weekly dose of design inspiration, featuring the hottest projects, must-have tools, and game-changing products. | 🔥 Must-See Design Picks | SuperSkills",미니멀·에디토리얼 위계,"채택: 넓은 여백, 적은 레이어, 명확한 제목/정보 위계. 배제: 저대비 텍스트와 과밀한 카드.",
https://muz.li/blog/weekly-designers-update-544/,muz.li,200,Weekly Designers Update #544 | Muzli Blog,"메타: Your weekly dose of design inspiration, featuring the hottest projects, must-have tools, and game-changing products. / 관찰 소제목: Weekly Designers Update #544 | Must-See Design Picks | MACHINEZERO | MoMoney",큐레이션·시각 위계,채택: 대표 사례의 정보 밀도와 초점 배치를 비교. 배제: 공연 템플릿과 무관한 표면 스타일 복제.,
https://muz.li/blog/weekly-designers-update-545/,muz.li,200,Weekly Designers Update #545 | Muzli Blog,"메타: Your weekly dose of design inspiration, featuring the hottest projects, must-have tools, and game-changing products. / 관찰 소제목: Weekly Designers Update #545 | 🔥 Must-See Design Picks | Where Worlds Take Shape | MindJoin | Where computation meets power",큐레이션·시각 위계,채택: 대표 사례의 정보 밀도와 초점 배치를 비교. 배제: 공연 템플릿과 무관한 표면 스타일 복제.,
https://muz.li/blog/weekly-designers-update-546/,muz.li,200,Weekly Designers Update #546 | Muzli Blog,"메타: Your weekly dose of design inspiration, featuring the hottest projects, must-have tools, and game-changing products. / 관찰 소제목: Weekly Designers Update #546 | 🔥 Must-See Design Picks | Threejs Conf Paris | Utopia Tokyo",큐레이션·시각 위계,채택: 대표 사례의 정보 밀도와 초점 배치를 비교. 배제: 공연 템플릿과 무관한 표면 스타일 복제.,
https://muz.li/blog/weekly-designers-update-547/,muz.li,200,Weekly Designers Update #547 | Muzli Blog,"메타: Your weekly dose of design inspiration, featuring the hottest projects, must-have tools, and game-changing products. / 관찰 소제목: Weekly Designers Update #547 | 🔥 Must-See Design Picks | Inertia Studios | Arnaud Rocca — Portfolio",미니멀·에디토리얼 위계,"채택: 넓은 여백, 적은 레이어, 명확한 제목/정보 위계. 배제: 저대비 텍스트와 과밀한 카드.",
https://muz.li/blog/weekly-designers-update-548/,muz.li,200,Weekly Designers Update #548 | Muzli Blog,"메타: Your weekly dose of design inspiration, featuring the hottest projects, must-have tools, and game-changing products. / 관찰 소제목: Weekly Designers Update #548 | Your weekly dose of design inspiration, featuring the hottest projects, must-have tools, and game-changing products. | 🔥 Must-See Design Picks | Champions For Good Club",큐레이션·시각 위계,채택: 대표 사례의 정보 밀도와 초점 배치를 비교. 배제: 공연 템플릿과 무관한 표면 스타일 복제.,
https://muz.li/blog/weekly-designers-update-549/,muz.li,200,Weekly Designers Update #549 | Muzli Blog,"메타: Your weekly dose of design inspiration, featuring the hottest projects, must-have tools, and fresh ideas shaping the industry. / 관찰 소제목: Weekly Designers Update #549 | Your weekly dose of design inspiration, featuring the hottest projects, must-have tools, and fresh ideas shaping the industry. | 🔥 Must-See Design Picks | Oryzo AI",큐레이션·시각 위계,채택: 대표 사례의 정보 밀도와 초점 배치를 비교. 배제: 공연 템플릿과 무관한 표면 스타일 복제.,
https://muz.li/blog/weekly-designers-update-550/,muz.li,200,Weekly Designers Update #550 | Muzli Blog,"메타: Your weekly dose of design inspiration, featuring the hottest projects, must-have tools, and fresh ideas shaping the industry. / 관찰 소제목: Weekly Designers Update #550 | Your weekly dose of design inspiration, featuring the hottest projects, must-have tools, and game-changing products. | 🔥 Must-See Design Picks | Web Rewind",큐레이션·시각 위계,채택: 대표 사례의 정보 밀도와 초점 배치를 비교. 배제: 공연 템플릿과 무관한 표면 스타일 복제.,
https://muz.li/blog/weekly-designers-update-551/,muz.li,200,Weekly Designers Update #551 | Muzli Blog,"메타: Your weekly dose of design inspiration, featuring the hottest projects, must-have tools, and game-changing products. / 관찰 소제목: Weekly Designers Update #551 | Your weekly dose of design inspiration, featuring the hottest projects, must-have tools, and game-changing products. | 🔥 Must-See Design Picks | Shopify Design",큐레이션·시각 위계,채택: 대표 사례의 정보 밀도와 초점 배치를 비교. 배제: 공연 템플릿과 무관한 표면 스타일 복제.,
https://muz.li/blog/weekly-designers-update-552/,muz.li,200,Weekly Designers Update #552 | Muzli Blog,"메타: Your weekly dose of design inspiration, featuring the hottest projects, must-have tools, and standout creative work. / 관찰 소제목: Weekly Designers Update #552 | Your weekly dose of design inspiration, featuring the hottest projects, must-have tools, and standout creative work. | 🔥 Must-See Design Picks | Ivress",큐레이션·시각 위계,채택: 대표 사례의 정보 밀도와 초점 배치를 비교. 배제: 공연 템플릿과 무관한 표면 스타일 복제.,
https://muz.li/blog/weekly-designers-update-553/,muz.li,200,Weekly Designers Update #553 | Muzli Blog,"메타: Your weekly dose of design inspiration, featuring the hottest projects, must-have tools, and game-changing products. / 관찰 소제목: Weekly Designers Update #553 | Your weekly dose of design inspiration, featuring the hottest projects, must-have tools, and game-changing products. | 🔥 Must-See Design Picks | Amazonia",큐레이션·시각 위계,채택: 대표 사례의 정보 밀도와 초점 배치를 비교. 배제: 공연 템플릿과 무관한 표면 스타일 복제.,
https://muz.li/blog/weekly-designers-update-554/,muz.li,200,Weekly Designers Update #554 | Muzli Blog,"메타: Your weekly dose of design inspiration, featuring the hottest projects, must-have tools, and game-changing products. / 관찰 소제목: Weekly Designers Update #554 | 🔥 Must-See Design Picks | Razorpay Sprint 2026: The Age of AI-Native Payments | Looper by basement.studio",큐레이션·시각 위계,채택: 대표 사례의 정보 밀도와 초점 배치를 비교. 배제: 공연 템플릿과 무관한 표면 스타일 복제.,
https://muz.li/blog/weekly-designers-update-555/,muz.li,200,Weekly Designers Update #555 | Muzli Blog,"메타: Your weekly dose of design inspiration, featuring the hottest projects, must-have tools, and game-changing products. / 관찰 소제목: Weekly Designers Update #555 | 🔥 Must-See Design Picks | Major Media Agency | Upperquad",큐레이션·시각 위계,채택: 대표 사례의 정보 밀도와 초점 배치를 비교. 배제: 공연 템플릿과 무관한 표면 스타일 복제.,
https://muz.li/blog/weekly-designers-update-556/,muz.li,200,Weekly Designers Update #556 | Muzli Blog,"메타: Your weekly dose of design inspiration, featuring the hottest projects, must-have tools, and game-changing products. / 관찰 소제목: Weekly Designers Update #556 | Your weekly dose of design inspiration, featuring the hottest projects, must-have tools, and game-changing products. | 🔥 Must-See Design Picks | Hashgraph Ventures | AI & Blockchain Venture",큐레이션·시각 위계,채택: 대표 사례의 정보 밀도와 초점 배치를 비교. 배제: 공연 템플릿과 무관한 표면 스타일 복제.,
https://muz.li/blog/weekly-designers-update-557/,muz.li,200,Weekly Designers Update #557 | Muzli Blog,"메타: Your weekly dose of design inspiration, featuring the hottest projects, must-have tools, and game-changing products. / 관찰 소제목: Weekly Designers Update #557 | Your weekly dose of design inspiration, featuring the hottest projects, must-have tools, and game-changing products. | 🔥 Must-See Design Picks | BRIK",큐레이션·시각 위계,채택: 대표 사례의 정보 밀도와 초점 배치를 비교. 배제: 공연 템플릿과 무관한 표면 스타일 복제.,
https://muz.li/blog/weekly-designers-update-558/,muz.li,200,Weekly Designers Update #558 | Muzli Blog,"메타: Your weekly dose of design inspiration, featuring the hottest projects, must-have tools, and game-changing products. / 관찰 소제목: Weekly Designers Update #558 | 🔥 Must-See Design Picks | AI in Design Report 2026 | Cyera AI Guardian | Secure the Unknown",큐레이션·시각 위계,채택: 대표 사례의 정보 밀도와 초점 배치를 비교. 배제: 공연 템플릿과 무관한 표면 스타일 복제.,
https://muz.li/blog/weekly-designers-update-559/,muz.li,200,Weekly Designers Update #559 | Muzli Blog,"메타: Your weekly dose of design inspiration, featuring the hottest projects, must-have tools, and game-changing products. / 관찰 소제목: Weekly Designers Update #559 | 🔥 Must-See Design Picks | HERO STUDIOS | Rembrandt Oil Paints — Sylvan Hillebrand",큐레이션·시각 위계,채택: 대표 사례의 정보 밀도와 초점 배치를 비교. 배제: 공연 템플릿과 무관한 표면 스타일 복제.,
https://muz.li/blog/weekly-designers-update-560/,muz.li,200,Weekly Designers Update #560 | Muzli Blog,"메타: Your weekly dose of design inspiration, featuring the hottest projects, must-have tools, and game-changing products. / 관찰 소제목: Weekly Designers Update #560 | 🔥 Must-See Design Picks | The Lacoste Polo Atelier Experience | Voyeur Verite // Website",큐레이션·시각 위계,채택: 대표 사례의 정보 밀도와 초점 배치를 비교. 배제: 공연 템플릿과 무관한 표면 스타일 복제.,
https://muz.li/blog/weekly-designers-update-561/,muz.li,200,Weekly Designers Update #561 | Muzli Blog,"메타: Your weekly dose of design inspiration, featuring the hottest projects, must-have tools, and game-changing products. / 관찰 소제목: Weekly Designers Update #561 | Your weekly dose of design inspiration, featuring the hottest projects, must-have tools, and game-changing products. | 🔥 Must-See Design Picks | Obys Experiment Space",큐레이션·시각 위계,채택: 대표 사례의 정보 밀도와 초점 배치를 비교. 배제: 공연 템플릿과 무관한 표면 스타일 복제.,
https://muz.li/blog/weekly-designers-update-562/,muz.li,200,Weekly Designers Update #562 | Muzli Blog,"메타: Your weekly dose of design inspiration, featuring the hottest projects, must-have tools, and game-changing products. / 관찰 소제목: Weekly Designers Update #562 | 🔥 Must-See Design Picks | Noomo Showcase — Immersive 3D & WebGL Work | VERO",3D·공간 깊이,"채택: 단일 소실점, 전경 가림, 접촉 그림자로 깊이 표현. 배제: 장식용 3D와 과도한 카메라 회전.",
https://muz.li/blog/weekly-designers-update-563/,muz.li,200,Weekly Designers Update #563 | Muzli Blog,"메타: Your weekly dose of design inspiration, featuring the hottest projects, must-have tools, and game-changing products. / 관찰 소제목: Weekly Designers Update #563 | 🔥 Must-See Design Picks | Serotoninn Ecommerce Website // Case Study_Vol.1.0 | Le Mans Classic",큐레이션·시각 위계,채택: 대표 사례의 정보 밀도와 초점 배치를 비교. 배제: 공연 템플릿과 무관한 표면 스타일 복제.,
https://muz.li/blog/weekly-designers-update-564/,muz.li,200,Weekly Designers Update #564 | Muzli Blog,"메타: Your weekly dose of design inspiration, featuring the hottest projects, must-have tools, and game-changing products. / 관찰 소제목: Weekly Designers Update #564 | Your weekly dose of design inspiration, featuring the hottest projects, must-have tools, and game-changing products. | 🔥 Must-See Design Picks | Rams System Icons",큐레이션·시각 위계,채택: 대표 사례의 정보 밀도와 초점 배치를 비교. 배제: 공연 템플릿과 무관한 표면 스타일 복제.,
https://muz.li/blog/weekly-designers-update-565/,muz.li,200,Weekly Designers Update #565 | Muzli Blog,"메타: Your weekly dose of design inspiration, featuring the hottest projects, must-have tools, and game-changing products. / 관찰 소제목: Weekly Designers Update #565 | Your weekly dose of design inspiration, featuring the hottest projects, must-have tools, and game-changing products. | 🔥 Must-See Design Picks | Learn how to use Framer AI Agents to design,",큐레이션·시각 위계,채택: 대표 사례의 정보 밀도와 초점 배치를 비교. 배제: 공연 템플릿과 무관한 표면 스타일 복제.,
https://muz.li/blog/weekly-designers-update-566/,muz.li,200,Weekly Designers Update #566 | Muzli Blog,"메타: Your weekly dose of design inspiration, featuring the hottest projects, must-have tools, and game-changing products. / 관찰 소제목: Weekly Designers Update #566 | 🔥 Must-See Design Picks | House Of Yellow | HOY | Raphael Segerman | Creative Developer",큐레이션·시각 위계,채택: 대표 사례의 정보 밀도와 초점 배치를 비교. 배제: 공연 템플릿과 무관한 표면 스타일 복제.,
https://muz.li/blog/weekly-designers-update-567/,muz.li,200,Weekly Designers Update #567 | Muzli Blog,"메타: Your weekly dose of design inspiration, featuring the hottest projects, must-have tools, and game-changing products / 관찰 소제목: Weekly Designers Update #567 | 🔥 Must-See Design Picks | Brik: Your vision, built to move | Illoca",큐레이션·시각 위계,채택: 대표 사례의 정보 밀도와 초점 배치를 비교. 배제: 공연 템플릿과 무관한 표면 스타일 복제.,
https://onepagelove.com/101-genai,onepagelove.com,200,101 GenAI — One Page Website Award,"메타: Quality animated infographics throughout this this One Pager (built with Webflow) for 101 GenAI. / 관찰 소제목: 101 GenAI | Similar One Page Websites | Framer - Build better sites, faster | Mainline Next.js Next.js Template built with Tailwind CSS",큐레이션·시각 위계,채택: 대표 사례의 정보 밀도와 초점 배치를 비교. 배제: 공연 템플릿과 무관한 표면 스타일 복제.,
https://onepagelove.com/alike,onepagelove.com,200,alike.page — One Page Website Award,"메타: Launching soon page (built with Framer) for alike.page – a new link-in-bio solution for stores. / 관찰 소제목: alike.page | Similar One Page Websites | Framer - Build better sites, faster | Housemait",큐레이션·시각 위계,채택: 대표 사례의 정보 밀도와 초점 배치를 비교. 배제: 공연 템플릿과 무관한 표면 스타일 복제.,
https://onepagelove.com/allagi,onepagelove.com,200,Allagi — One Page Website Award,"메타: Beautifully minimal catalog browsing experience in this One Pager for artist Allagi. / 관찰 소제목: Allagi | Similar One Page Websites | Framer - Build better sites, faster | The Deep End",미니멀·에디토리얼 위계,"채택: 넓은 여백, 적은 레이어, 명확한 제목/정보 위계. 배제: 저대비 텍스트와 과밀한 카드.",
https://onepagelove.com/alterg-resources,onepagelove.com,200,AlterG Resources — One Page Website Award,"메타: Lovely logomark integration (using a masked blur effect) in the hero of this landing page (built with Webflow) for AlterG Resources. / 관찰 소제목: AlterG Resources | Similar One Page Websites | Framer - Build better sites, faster | Architecture of Socialist-Era Belgrade",건축 프레이밍·전시,"채택: 연속된 한 개구부, 얇은 측면 공기층, 앞면 가림의 물리적 순서. 배제: 원본에 없는 독립 기둥.",
https://onepagelove.com/anatolii-grashchenko,onepagelove.com,200,Anatolii Grashchenko — One Page Website Award,"메타: Unique personal One Pager for creative technologist Anatolii Grashchenko, featuring a 3D scan of him working and live vitals streamed from his smartwatch. / 관찰 소제목: Anatolii Grashchenko | Similar One Page Websites | Framer - Build better sites, faster | Sky Clock",3D·공간 깊이,"채택: 단일 소실점, 전경 가림, 접촉 그림자로 깊이 표현. 배제: 장식용 3D와 과도한 카메라 회전.",
https://onepagelove.com/anidachi,onepagelove.com,200,Anidachi — One Page Website Award,"메타: Colorful launching soon page taking waitlist interest for Anidachi – a digital companion device designed to clip to bags, launching in late 2026. / 관찰 소제목: Anidachi | Similar One Page Websites | Framer - Build better sites, faster | Mainline Next.js Next.js Template built with Tailwind CSS",큐레이션·시각 위계,채택: 대표 사례의 정보 밀도와 초점 배치를 비교. 배제: 공연 템플릿과 무관한 표면 스타일 복제.,
https://onepagelove.com/atishay-tuli,onepagelove.com,200,Atishay Tuli — One Page Website Award,"메타: What a joyful experience having a minimal/creative mode switcher in this One Pager (built with Framer) for Atishay Tuli. Fun! / 관찰 소제목: Atishay Tuli | Similar One Page Websites | Framer - Build better sites, faster | SimpleSketche",미니멀·에디토리얼 위계,"채택: 넓은 여백, 적은 레이어, 명확한 제목/정보 위계. 배제: 저대비 텍스트와 과밀한 카드.",
https://onepagelove.com/belen-jones,onepagelove.com,200,Belen Jones — One Page Website Award,"메타: Unique, brutalist One Pager for Belen Jones – featuring a 3D cube rotating projects. / 관찰 소제목: Belen Jones | Similar One Page Websites | Framer - Build better sites, faster | SimpleSketche",3D·공간 깊이,"채택: 단일 소실점, 전경 가림, 접촉 그림자로 깊이 표현. 배제: 장식용 3D와 과도한 카메라 회전.",
https://onepagelove.com/belgrade-architecture,onepagelove.com,200,Architecture of Socialist-Era Belgrade — One Page Website Award,"메타: Storytelling One Pager (built with Webflow) paying homage to the Architecture of Socialist-Era Belgrade. / 관찰 소제목: Architecture of Socialist-Era Belgrade | Similar One Page Websites | Framer - Build better sites, faster | Neuropelvic Surgery",건축 프레이밍·전시,"채택: 연속된 한 개구부, 얇은 측면 공기층, 앞면 가림의 물리적 순서. 배제: 원본에 없는 독립 기둥.",
https://onepagelove.com/billow,onepagelove.com,200,Billow — One Page Website Award,"메타: Great breathing room and overall design throughout this One Pager (built with Framer) taking waitlist requests for Billow. / 관찰 소제목: Billow | Similar One Page Websites | Framer - Build better sites, faster | Housemait",큐레이션·시각 위계,채택: 대표 사례의 정보 밀도와 초점 배치를 비교. 배제: 공연 템플릿과 무관한 표면 스타일 복제.,
https://onepagelove.com/canopy,onepagelove.com,200,Canopy — One Page Website Award,"메타: One Pager for Canopy – a SEO writing tool built for Squarespace. Great to see strong demo examples and tools that all load within the same page experience. / 관찰 소제목: Canopy | Similar One Page Websites | Framer - Build better sites, faster | Housemait",큐레이션·시각 위계,채택: 대표 사례의 정보 밀도와 초점 배치를 비교. 배제: 공연 템플릿과 무관한 표면 스타일 복제.,
https://onepagelove.com/cibby,onepagelove.com,200,Cibby — One Page Website Award,"메타: Launching soon page for Cibby – an app that lets users preserve and explore their physical game collections. What a first impression with the interactive moving covers and the teas / 관찰 소제목: Cibby | Similar One Page Websites | Framer - Build better sites, faster | Housemait",큐레이션·시각 위계,채택: 대표 사례의 정보 밀도와 초점 배치를 비교. 배제: 공연 템플릿과 무관한 표면 스타일 복제.,
https://onepagelove.com/compile,onepagelove.com,200,Cursor Compile — One Page Website Award,"메타: Fun interactive hero shapes forming ‘Compile’ – Cursor’s invite-only conference happening 16 June 2026. Neat touch with the lined halftone speaker portraits, almost resembling guil / 관찰 소제목: Cursor Compile | Similar One Page Websites | Framer - Build better sites, faster | Rendez-vous Francéclat",큐레이션·시각 위계,채택: 대표 사례의 정보 밀도와 초점 배치를 비교. 배제: 공연 템플릿과 무관한 표면 스타일 복제.,
https://onepagelove.com/digital-original-xr,onepagelove.com,200,Digital Original XR — One Page Website Award,"메타: Incredibly impressive meta quest demo that activates as you scroll this One Pager for Digital Original XR. The app experience lets users view art in virtual and mixed reality, brow / 관찰 소제목: Digital Original XR | Similar One Page Websites | Framer - Build better sites, faster | Housemait",모션·상호작용,채택: 위치·스케일·불투명도 중심의 짧은 상태 전환. 배제: 정보 이해를 지연시키는 장식 모션.,
https://onepagelove.com/experience-lab,onepagelove.com,200,Experience.Lab — One Page Website Award,"메타: Motion-led One Pager (built with Framer) for Experience.Lab – Publicis Groupe Japan’s hub delivering solutions across APAC. Really love how they integrated the team members on hove / 관찰 소제목: Experience.Lab | Similar One Page Websites | Framer - Build better sites, faster | Mainline Next.js Next.js Template built with Tailwind CSS",모션·상호작용,채택: 위치·스케일·불투명도 중심의 짧은 상태 전환. 배제: 정보 이해를 지연시키는 장식 모션.,
https://onepagelove.com/flex-digital,onepagelove.com,200,Flex Digital — One Page Website Award,"메타: Good breathing room in this One Page portfolio for Flex Digital. / 관찰 소제목: Flex Digital | Similar One Page Websites | Framer - Build better sites, faster | SimpleSketche",미니멀·에디토리얼 위계,"채택: 넓은 여백, 적은 레이어, 명확한 제목/정보 위계. 배제: 저대비 텍스트와 과밀한 카드.",
https://onepagelove.com/fourmula,onepagelove.com,200,Fourmula — One Page Website Award,"메타: One Pager (built with Webflow) for an AI product generator tool called Fourmula. Always a fan of an interactive onboarding before scrolling, well played. / 관찰 소제목: Fourmula | Similar One Page Websites | Framer - Build better sites, faster | Housemait",모션·상호작용,채택: 위치·스케일·불투명도 중심의 짧은 상태 전환. 배제: 정보 이해를 지연시키는 장식 모션.,
https://onepagelove.com/frontend-supply,onepagelove.com,200,Frontend Supply™ — One Page Website Award,"메타: Neat One Page portfolio for Frontend Supply, a frontend-subscription service for startups, led by Doğukan. / 관찰 소제목: Frontend Supply™ | Similar One Page Websites | Framer - Build better sites, faster | SimpleSketche",미니멀·에디토리얼 위계,"채택: 넓은 여백, 적은 레이어, 명확한 제목/정보 위계. 배제: 저대비 텍스트와 과밀한 카드.",
https://onepagelove.com/generative-ai-trends-2026,onepagelove.com,200,2026 Generative AI Trends — One Page Website Award,"메타: Annual report One Pager (built with Webflow) sharing the results for Typeform’s 2026 AI in marketing data report. / 관찰 소제목: 2026 Generative AI Trends | Similar One Page Websites | Framer - Build better sites, faster | Shopify Editions – Spring 2026",큐레이션·시각 위계,채택: 대표 사례의 정보 밀도와 초점 배치를 비교. 배제: 공연 템플릿과 무관한 표면 스타일 복제.,
https://onepagelove.com/george-wood,onepagelove.com,200,George Wood — One Page Website Award,"메타: Minimal One Pager for George Wood – an interface and product designer based in Nottingham. You can customise the entire site using the settings panel and George even added a little / 관찰 소제목: George Wood | Similar One Page Websites | Framer - Build better sites, faster | SimpleSketche",미니멀·에디토리얼 위계,"채택: 넓은 여백, 적은 레이어, 명확한 제목/정보 위계. 배제: 저대비 텍스트와 과밀한 카드.",
https://onepagelove.com/glyphs-grids,onepagelove.com,200,Glyphs & Grids — One Page Website Award,"메타: Playful inline icon animations bring charm to the storytelling in this launching soon page for Glyphs & Grids, a macOS font manager. / 관찰 소제목: Glyphs & Grids | Similar One Page Websites | Framer - Build better sites, faster | Housemait",모션·상호작용,채택: 위치·스케일·불투명도 중심의 짧은 상태 전환. 배제: 정보 이해를 지연시키는 장식 모션.,
https://onepagelove.com/heaven-in-color,onepagelove.com,200,Heaven in Color — One Page Website Award,"메타: Fascinating single-serving One Pager for Heaven in Color, turning San Francisco sky colors captured every 30 minutes into one beautiful collage. / 관찰 소제목: Heaven in Color | Similar One Page Websites | Framer - Build better sites, faster | Sky Clock",큐레이션·시각 위계,채택: 대표 사례의 정보 밀도와 초점 배치를 비교. 배제: 공연 템플릿과 무관한 표면 스타일 복제.,
https://onepagelove.com/hebbia,onepagelove.com,200,Hebbia — One Page Website Award,"메타: Unique elements and creative ideas throughout this One Page portfolio for Hebbia Design Studio. / 관찰 소제목: Hebbia | Similar One Page Websites | Framer - Build better sites, faster | SimpleSketche",미니멀·에디토리얼 위계,"채택: 넓은 여백, 적은 레이어, 명확한 제목/정보 위계. 배제: 저대비 텍스트와 과밀한 카드.",
https://onepagelove.com/heyclicky,onepagelove.com,200,heyclicky — One Page Website Award,"메타: Fun, retro and slightly unhinged landing page for heyclicky – an AI assistant for macOS that teaches users, provides guidance, and runs automated tasks. The latency of the interact / 관찰 소제목: heyclicky | Similar One Page Websites | Framer - Build better sites, faster | Housemait",큐레이션·시각 위계,채택: 대표 사례의 정보 밀도와 초점 배치를 비교. 배제: 공연 템플릿과 무관한 표면 스타일 복제.,
https://onepagelove.com/hire-webflow,onepagelove.com,200,Hire Webflow help - One Page Love,"메타: A curated list of skilled Webflow freelancers and agencies, each with work featured on One Page Love. / 관찰 소제목: Hire Webflow help",큐레이션·시각 위계,채택: 대표 사례의 정보 밀도와 초점 배치를 비교. 배제: 공연 템플릿과 무관한 표면 스타일 복제.,
https://onepagelove.com/housemait,onepagelove.com,200,Housemait — One Page Website Award,"메타: Long-scrolling Landing Page for Housemait, an app to help family calendars, meals, shopping and chores, with an AI assistant accessible through WhatsApp. / 관찰 소제목: Housemait | Similar One Page Websites | Framer - Build better sites, faster | Triple Kingdom",모션·상호작용,채택: 위치·스케일·불투명도 중심의 짧은 상태 전환. 배제: 정보 이해를 지연시키는 장식 모션.,
https://onepagelove.com/invoicemon,onepagelove.com,200,invoicemon — One Page Website Award,"메타: Brilliant scroll-to-demo interactive experience in this One Pager for invoicemon, a free browser-based invoice generator. ps. Mighil was kind enough to give OPL readers a 50% disco / 관찰 소제목: invoicemon | Similar One Page Websites | Framer - Build better sites, faster | Billow",모션·상호작용,채택: 위치·스케일·불투명도 중심의 짧은 상태 전환. 배제: 정보 이해를 지연시키는 장식 모션.,
https://onepagelove.com/johny-vino,onepagelove.com,200,Johny Vino — One Page Website Award,"메타: Slick One Page portfolio for Johny Vino, showcasing his product and UX/UI design work within horizontal sliders. / 관찰 소제목: Johny Vino | Similar One Page Websites | Framer - Build better sites, faster | SimpleSketche",캐러셀·갤러리 전환,채택: 동일 템플릿 계약을 유지한 3상태 순환과 현재 항목 강조. 배제: 카드마다 다른 디자인 언어.,
https://onepagelove.com/kevin,onepagelove.com,200,Kevin — One Page Website Award,"메타: Clean One Pager for a new AI-powered mockup scene tool called Kevin. / 관찰 소제목: Kevin | Similar One Page Websites | Framer - Build better sites, faster | Housemait",큐레이션·시각 위계,채택: 대표 사례의 정보 밀도와 초점 배치를 비교. 배제: 공연 템플릿과 무관한 표면 스타일 복제.,
https://onepagelove.com/landmark,onepagelove.com,200,Landmark — One Page Website Award,"메타: Smart One Pager (built using WordPress) for Landmark, showcasing their real estate services and property portfolio. Big domain this (alre.com) – Landmark is the operating brand of  / 관찰 소제목: Landmark | Similar One Page Websites | Framer - Build better sites, faster | SimpleSketche",미니멀·에디토리얼 위계,"채택: 넓은 여백, 적은 레이어, 명확한 제목/정보 위계. 배제: 저대비 텍스트와 과밀한 카드.",
https://onepagelove.com/lovably,onepagelove.com,200,Lovably — One Page Website Award,"메타: Wonderful minimal direction in this One Pager (built with Webflow) for Lovably, a New York brand strategy and design studio celebrating 12 years in business. / 관찰 소제목: Lovably | Similar One Page Websites | Framer - Build better sites, faster | Mainline Next.js Next.js Template built with Tailwind CSS",미니멀·에디토리얼 위계,"채택: 넓은 여백, 적은 레이어, 명확한 제목/정보 위계. 배제: 저대비 텍스트와 과밀한 카드.",
https://onepagelove.com/ma,onepagelove.com,200,鳥獣戯間 — One Page Website Award,"메타: Experimental, case-study One Pager on “Ma” (間) — the Japanese concept of negative space. The Site Page site explores how a story can unfold in emptiness, using Chōjū-giga (the 12th / 관찰 소제목: 鳥獣戯間 | Similar One Page Websites | Framer - Build better sites, faster | History of Software Design",모션·상호작용,채택: 위치·스케일·불투명도 중심의 짧은 상태 전환. 배제: 정보 이해를 지연시키는 장식 모션.,
https://onepagelove.com/madie,onepagelove.com,200,Madie — One Page Website Award,"메타: Charming One Pager for Madie – a new madeleine and coffee shop in Madrid, Spain. Make sure you check out the overlay navigation transition, slick. / 관찰 소제목: Madie | Similar One Page Websites | Framer - Build better sites, faster | 11 Bar",큐레이션·시각 위계,채택: 대표 사례의 정보 밀도와 초점 배치를 비교. 배제: 공연 템플릿과 무관한 표면 스타일 복제.,
https://onepagelove.com/magma,onepagelove.com,200,Magma — One Page Website Award,"메타: Dark-schemed launching soon page (built with Webflow) for Magma, a service to help companies build sovereign, expert-trained AI agents and automation. / 관찰 소제목: Magma | Similar One Page Websites | Framer - Build better sites, faster | Mainline Next.js Next.js Template built with Tailwind CSS",큐레이션·시각 위계,채택: 대표 사례의 정보 밀도와 초점 배치를 비교. 배제: 공연 템플릿과 무관한 표면 스타일 복제.,
https://onepagelove.com/marina-rachello,onepagelove.com,200,Marina Rachello — One Page Website Award,"메타: Vibrant, bold type throughout this One Page portfolio for visual designer, Marina Rachello. / 관찰 소제목: Marina Rachello | Similar One Page Websites | Framer - Build better sites, faster | SimpleSketche",미니멀·에디토리얼 위계,"채택: 넓은 여백, 적은 레이어, 명확한 제목/정보 위계. 배제: 저대비 텍스트와 과밀한 카드.",
https://onepagelove.com/mat,onepagelove.com,200,Mat — One Page Website Award,"메타: One Pager (built with Framer) for Mat – an iOS app that lets users create custom home screen layouts by arranging photo cutouts on personalized digital mats. / 관찰 소제목: Mat | Similar One Page Websites | Framer - Build better sites, faster | Housemait",큐레이션·시각 위계,채택: 대표 사례의 정보 밀도와 초점 배치를 비교. 배제: 공연 템플릿과 무관한 표면 스타일 복제.,
https://onepagelove.com/materials,onepagelove.com,200,Materials¹ — One Page Website Award,"메타: Gorgeous morph of the hero object as you scroll this One Pager promoting the Materials¹ abstract design pack. / 관찰 소제목: Materials¹ | Similar One Page Websites | Framer - Build better sites, faster | Housemait",모션·상호작용,채택: 위치·스케일·불투명도 중심의 짧은 상태 전환. 배제: 정보 이해를 지연시키는 장식 모션.,
https://onepagelove.com/matthew-chudnovski,onepagelove.com,200,Matthew Chudnovski — One Page Website Award,"메타: Fun touch with the audio commentary function, within this One Page portfolio for marketing and creative director, Matthew Chudnovski. Also note how he loads up projects (via footer / 관찰 소제목: Matthew Chudnovski | Similar One Page Websites | Framer - Build better sites, faster | SimpleSketche",미니멀·에디토리얼 위계,"채택: 넓은 여백, 적은 레이어, 명확한 제목/정보 위계. 배제: 저대비 텍스트와 과밀한 카드.",
https://onepagelove.com/medium-rare,onepagelove.com,200,Medium Rare — One Page Website Award,"메타: Fun, interactive elements in this One Pager showcasing the work and experiments from the Medium Rare duo. / 관찰 소제목: Medium Rare | Similar One Page Websites | Framer - Build better sites, faster | Sky Clock",큐레이션·시각 위계,채택: 대표 사례의 정보 밀도와 초점 배치를 비교. 배제: 공연 템플릿과 무관한 표면 스타일 복제.,
https://onepagelove.com/michael-pumo,onepagelove.com,200,Michael Pumo — One Page Website Award,"메타: One Page portfolio (built using Storyblok CMS) for London-based freelance web designer and frontend developer, Michael Pumo. / 관찰 소제목: Michael Pumo | Similar One Page Websites | Framer - Build better sites, faster | SimpleSketche",미니멀·에디토리얼 위계,"채택: 넓은 여백, 적은 레이어, 명확한 제목/정보 위계. 배제: 저대비 텍스트와 과밀한 카드.",
https://onepagelove.com/monolog,onepagelove.com,200,Monolog — One Page Website Award,"메타: Brilliant attention to detail and obvious care woven throughout this One Page portfolio (built with Webflow) for Monolog, the studio led by Huy “By Huy” Nguyen. / 관찰 소제목: Monolog | Similar One Page Websites | Framer - Build better sites, faster | Mainline Next.js Next.js Template built with Tailwind CSS",미니멀·에디토리얼 위계,"채택: 넓은 여백, 적은 레이어, 명확한 제목/정보 위계. 배제: 저대비 텍스트와 과밀한 카드.",
https://onepagelove.com/neuropelvic-surgery,onepagelove.com,200,Neuropelvic Surgery — One Page Website Award,"메타: Informational One Pager about Neuropelvic Surgery that provides pelvic health treatments and surgical solutions for women. / 관찰 소제목: Neuropelvic Surgery | Similar One Page Websites | Framer - Build better sites, faster | Architecture of Socialist-Era Belgrade",건축 프레이밍·전시,"채택: 연속된 한 개구부, 얇은 측면 공기층, 앞면 가림의 물리적 순서. 배제: 원본에 없는 독립 기둥.",
https://onepagelove.com/og-generator,onepagelove.com,200,OG Image Generator - One Page Love,"메타: Paste a URL — get three designer-grade Open Graph cards in seconds. Edit any field and download the result as a JPG, ready for your <head>. / 관찰 소제목: OG Image Generator | Try a recent One Pager | ' + e.label + ' ' + e.sel + '",큐레이션·시각 위계,채택: 대표 사례의 정보 밀도와 초점 배치를 비교. 배제: 공연 템플릿과 무관한 표면 스타일 복제.,
https://onepagelove.com/onlook-cam,onepagelove.com,200,Onlook — One Page Website Award,"메타: Beautifully designed One Pager for Onlook, an app to view Ring camera feeds directly from your macOS menu bar. Always been a huge fan of in-page demos, where you can see exactly ho / 관찰 소제목: Onlook | Similar One Page Websites | Framer - Build better sites, faster | Housemait",큐레이션·시각 위계,채택: 대표 사례의 정보 밀도와 초점 배치를 비교. 배제: 공연 템플릿과 무관한 표면 스타일 복제.,
https://onepagelove.com/pattern-breaking,onepagelove.com,200,Pattern Breaking — One Page Website Award,"메타: Storytelling One Pager for Pattern Breaking – an experimental project exposing manipulative tactics used by fast fashion websites to pressure customers into unnecessary purchases.  / 관찰 소제목: Pattern Breaking | Similar One Page Websites | Framer - Build better sites, faster | Shopify Editions – Spring 2026",모션·상호작용,채택: 위치·스케일·불투명도 중심의 짧은 상태 전환. 배제: 정보 이해를 지연시키는 장식 모션.,
https://onepagelove.com/pp-neue-montreal,onepagelove.com,200,PP Neue Montreal — One Page Website Award,"메타: Brilliant showcase of the Neue Montreal typeface (by Pangram Pangram) throughout this long-scrolling One Pager (built with Framer). / 관찰 소제목: PP Neue Montreal | Similar One Page Websites | Framer - Build better sites, faster | Housemait",모션·상호작용,채택: 위치·스케일·불투명도 중심의 짧은 상태 전환. 배제: 정보 이해를 지연시키는 장식 모션.,
https://onepagelove.com/printable-mockups,onepagelove.com,200,Printable Mockups — One Page Website Award,"메타: One Pager for Printable Mockups, a web app that lets users create UI mockups and wireframes using a drag-and-drop builder, then export and print them. Cheers for this Alex! / 관찰 소제목: Printable Mockups | Similar One Page Websites | Framer - Build better sites, faster | Housemait",큐레이션·시각 위계,채택: 대표 사례의 정보 밀도와 초점 배치를 비교. 배제: 공연 템플릿과 무관한 표면 스타일 복제.,
https://onepagelove.com/rcl,onepagelove.com,200,Right-Click Logo — One Page Website Award,"메타: One Pager with a ready-to-use prompt for adding a right-click brand menu to your website logo. The interactive demo includes a real-time menu builder, so you can also preview and c / 관찰 소제목: Right-Click Logo | Similar One Page Websites | Framer - Build better sites, faster | Housemait",건축 프레이밍·전시,"채택: 연속된 한 개구부, 얇은 측면 공기층, 앞면 가림의 물리적 순서. 배제: 원본에 없는 독립 기둥.",
https://onepagelove.com/rectangles-fm,onepagelove.com,200,Rectangles.fm — One Page Website Award,"메타: Beautifully crafted One Pager (built with Framer) for Rectangles.fm delivering weekly design conversations. / 관찰 소제목: Rectangles.fm | Similar One Page Websites | Framer - Build better sites, faster | Mainline Next.js Next.js Template built with Tailwind CSS",큐레이션·시각 위계,채택: 대표 사례의 정보 밀도와 초점 배치를 비교. 배제: 공연 템플릿과 무관한 표면 스타일 복제.,
https://onepagelove.com/rendez-vous-franceclat,onepagelove.com,200,Rendez-vous Francéclat — One Page Website Award,"메타: One Pager for Rendez-vous – a fine jewellery event launched by Francéclat. / 관찰 소제목: Rendez-vous Francéclat | Similar One Page Websites | Framer - Build better sites, faster | Sarah & Matt Wedding",큐레이션·시각 위계,채택: 대표 사례의 정보 밀도와 초점 배치를 비교. 배제: 공연 템플릿과 무관한 표면 스타일 복제.,
https://onepagelove.com/root-square,onepagelove.com,200,Root Square — One Page Website Award,"메타: Friendly, approachable One Pager (built with Framer) for Root Square, offering online math tutoring for kids in English and Russian. The playful identity centers around a cat masco / 관찰 소제목: Root Square | Similar One Page Websites | Framer - Build better sites, faster | Mainline Next.js Next.js Template built with Tailwind CSS",큐레이션·시각 위계,채택: 대표 사례의 정보 밀도와 초점 배치를 비교. 배제: 공연 템플릿과 무관한 표면 스타일 복제.,
https://onepagelove.com/rsquad,onepagelove.com,200,RSquad — One Page Website Award,"메타: Creative and unique One Pager (built with Webflow) for blockchain engineers, RSquad. The design direction and scroll concept is fascinating: “RSquad is a team of hardcore blockchai / 관찰 소제목: RSquad | Similar One Page Websites | Framer - Build better sites, faster | Mainline Next.js Next.js Template built with Tailwind CSS",모션·상호작용,채택: 위치·스케일·불투명도 중심의 짧은 상태 전환. 배제: 정보 이해를 지연시키는 장식 모션.,
https://onepagelove.com/sarah-matt-wedding,onepagelove.com,200,Sarah & Matt Wedding — One Page Website Award,"메타: Beautifully crafted One Pager sharing details about the wedding celebration of Sarah & Matt, taking place at Excelsior in Lancaster, Pennsylvania. The interactive hero, 3D invitati / 관찰 소제목: Sarah & Matt Wedding | Similar One Page Websites | Framer - Build better sites, faster | Rendez-vous Francéclat",3D·공간 깊이,"채택: 단일 소실점, 전경 가림, 접촉 그림자로 깊이 표현. 배제: 장식용 3D와 과도한 카메라 회전.",
https://onepagelove.com/secret-garden-stresa,onepagelove.com,200,Secret Garden Stresa — One Page Website Award,"메타: Elegant One Pager for Secret Garden Stresa, a private boutique residence near Lake Maggiore. / 관찰 소제목: Secret Garden Stresa | Similar One Page Websites | Framer - Build better sites, faster | Deiterhaus",큐레이션·시각 위계,채택: 대표 사례의 정보 밀도와 초점 배치를 비교. 배제: 공연 템플릿과 무관한 표면 스타일 복제.,
https://onepagelove.com/shopify-editions-spring-2026,onepagelove.com,200,Shopify Editions – Spring 2026 — One Page Website Award,"메타: Another spectacular landing page by Shopify for their Editions campaign, now showing Spring 2026. See their Winter edition here. / 관찰 소제목: Shopify Editions – Spring 2026 | Similar One Page Websites | Framer - Build better sites, faster | 2026 Generative AI Trends",큐레이션·시각 위계,채택: 대표 사례의 정보 밀도와 초점 배치를 비교. 배제: 공연 템플릿과 무관한 표면 스타일 복제.,
https://onepagelove.com/shopify-themes,onepagelove.com,200,Shopify Themes,메타: Browse 2 curated shopify themes. Each reviewed with a live demo and full-page screenshots. / 관찰 소제목: Hongo Shopify Theme | Citrus Shopify Theme,큐레이션·시각 위계,채택: 대표 사례의 정보 밀도와 초점 배치를 비교. 배제: 공연 템플릿과 무관한 표면 스타일 복제.,
https://onepagelove.com/simplesketche,onepagelove.com,200,SimpleSketche — One Page Website Award,"메타: An incredible 3D cube portfolio showcasing SimpleSketche, the 3D design services of Yankun Yang. / 관찰 소제목: SimpleSketche | Similar One Page Websites | Framer - Build better sites, faster | Marina Rachello",3D·공간 깊이,"채택: 단일 소실점, 전경 가림, 접촉 그림자로 깊이 표현. 배제: 장식용 3D와 과도한 카메라 회전.",
https://onepagelove.com/sky-clock,onepagelove.com,200,Sky Clock — One Page Website Award,"메타: Single-serving One Pager for Sky Clock, that visualizes today’s sky as a 24-hour gradient based on cloud coverage. “Then we added the sun and moon positions as well. It’s a poetic  / 관찰 소제목: Sky Clock | Similar One Page Websites | Framer - Build better sites, faster | 鳥獣戯間",큐레이션·시각 위계,채택: 대표 사례의 정보 밀도와 초점 배치를 비교. 배제: 공연 템플릿과 무관한 표면 스타일 복제.,
https://onepagelove.com/supaste,onepagelove.com,200,Supaste — One Page Website Award,"메타: Neat interactive demo in this One Pager (built with Framer) for Supaste, a macOS notch menubar app, that organizes your copied items in a searchable timeline. / 관찰 소제목: Supaste | Similar One Page Websites | Framer - Build better sites, faster | Housemait",큐레이션·시각 위계,채택: 대표 사례의 정보 밀도와 초점 배치를 비교. 배제: 공연 템플릿과 무관한 표면 스타일 복제.,
https://onepagelove.com/tenztan,onepagelove.com,200,Tenztan — One Page Website Award,"메타: Unique scroll experience in this dazzling One Page portfolio for Tenztan, showcasing of work by Tanmay Premee. / 관찰 소제목: Tenztan | Similar One Page Websites | Framer - Build better sites, faster | SimpleSketche",모션·상호작용,채택: 위치·스케일·불투명도 중심의 짧은 상태 전환. 배제: 정보 이해를 지연시키는 장식 모션.,
https://onepagelove.com/thayon,onepagelove.com,200,Thayon — One Page Website Award,"메타: One Pager (built with Framer) for Thayon, a service that connects AI researchers and engineers with hard-to-find, specialized job opportunities. / 관찰 소제목: Thayon | Similar One Page Websites | Framer - Build better sites, faster | Mainline Next.js Next.js Template built with Tailwind CSS",큐레이션·시각 위계,채택: 대표 사례의 정보 밀도와 초점 배치를 비교. 배제: 공연 템플릿과 무관한 표면 스타일 복제.,
https://onepagelove.com/tori,onepagelove.com,200,Tori by TalkJS — One Page Website Award,"메타: Terminal-inspired One Pager for Tori, an AI support agent (by TalkJS) for dev tools. / 관찰 소제목: Tori by TalkJS | Similar One Page Websites | Framer - Build better sites, faster | Housemait",큐레이션·시각 위계,채택: 대표 사례의 정보 밀도와 초점 배치를 비교. 배제: 공연 템플릿과 무관한 표면 스타일 복제.,
https://onepagelove.com/triple-kingdom,onepagelove.com,200,Triple Kingdom — One Page Website Award,"메타: Fun and creative Landing page for Triple Kingdom, the match & merge city-builder game by Peter Hinton. The testimonial/rating animation as you scroll down is delightful! / 관찰 소제목: Triple Kingdom | Similar One Page Websites | Framer - Build better sites, faster | Housemait",모션·상호작용,채택: 위치·스케일·불투명도 중심의 짧은 상태 전환. 배제: 정보 이해를 지연시키는 장식 모션.,
https://onepagelove.com/vault-ai,onepagelove.com,200,Vault AI — One Page Website Award,"메타: Dark-schemed One Pager for Vault AI, a financial management platform that helps small businesses track transactions and automate manual accounting work. / 관찰 소제목: Vault AI | Similar One Page Websites | Framer - Build better sites, faster | Billow",큐레이션·시각 위계,채택: 대표 사례의 정보 밀도와 초점 배치를 비교. 배제: 공연 템플릿과 무관한 표면 스타일 복제.,
https://onepagelove.com/waxyweb,onepagelove.com,200,WaxyWeb — One Page Website Award,"메타: Vibrant One Pager filled with positive vibes for Waxy Web creative agency. / 관찰 소제목: WaxyWeb | Similar One Page Websites | Framer - Build better sites, faster | SimpleSketche",큐레이션·시각 위계,채택: 대표 사례의 정보 밀도와 초점 배치를 비교. 배제: 공연 템플릿과 무관한 표면 스타일 복제.,
https://onepagelove.com/weppy,onepagelove.com,200,Weppy — One Page Website Award,"메타: Neat One Pager for Weppy – a free macOS desktop app that resizes and optimizes images offline with lossless. / 관찰 소제목: Weppy | Similar One Page Websites | Framer - Build better sites, faster | Housemait",큐레이션·시각 위계,채택: 대표 사례의 정보 밀도와 초점 배치를 비교. 배제: 공연 템플릿과 무관한 표면 스타일 복제.,
https://onepagelove.com/wordpress-themes,onepagelove.com,200,One Page WordPress Themes,"메타: Browse 40 curated one page wordpress themes. Each reviewed with a live demo and full-page screenshots. / 관찰 소제목: Crafto Music WordPress Theme | Crafto Freelancer WordPress Theme | Framer - Build better sites, faster | Crafto Product WordPress Theme",큐레이션·시각 위계,채택: 대표 사례의 정보 밀도와 초점 배치를 비교. 배제: 공연 템플릿과 무관한 표면 스타일 복제.,
https://onepagelove.com/world-cup-next,onepagelove.com,200,World Cup Next — One Page Website Award,"메타: Very useful single-serving One Pager providing the kick off time and stadium/tv info, for the next couple of World Cup matches. / 관찰 소제목: World Cup Next | Similar One Page Websites | Framer - Build better sites, faster | Sky Clock",큐레이션·시각 위계,채택: 대표 사례의 정보 밀도와 초점 배치를 비교. 배제: 공연 템플릿과 무관한 표면 스타일 복제.,
https://tympanus.net/codrops/2021/11/24/creative-image-hover-effects/,tympanus.net,404,creative-image-hover-effects,메타: 설명 없음,큐레이션·시각 위계,채택: 대표 사례의 정보 밀도와 초점 배치를 비교. 배제: 공연 템플릿과 무관한 표면 스타일 복제.,"HTTP 404; 검색/공식 보조 페이지로 존재 확인, 본문 직접 관찰 제한"
https://tympanus.net/codrops/2022/05/17/how-to-create-a-layered-zoom-effect-with-html-and-css/,tympanus.net,404,how-to-create-a-layered-zoom-effect-with-html-and-css,메타: 설명 없음,큐레이션·시각 위계,채택: 대표 사례의 정보 밀도와 초점 배치를 비교. 배제: 공연 템플릿과 무관한 표면 스타일 복제.,"HTTP 404; 검색/공식 보조 페이지로 존재 확인, 본문 직접 관찰 제한"
https://tympanus.net/codrops/2023/12/01/creating-a-3d-perspective-carousel-with-css/,tympanus.net,404,creating-a-3d-perspective-carousel-with-css,메타: 설명 없음,큐레이션·시각 위계,채택: 대표 사례의 정보 밀도와 초점 배치를 비교. 배제: 공연 템플릿과 무관한 표면 스타일 복제.,"HTTP 404; 검색/공식 보조 페이지로 존재 확인, 본문 직접 관찰 제한"
https://tympanus.net/codrops/2024/01/10/building-an-immersive-3d-gallery-with-react-three-fiber/,tympanus.net,404,building-an-immersive-3d-gallery-with-react-three-fiber,메타: 설명 없음,큐레이션·시각 위계,채택: 대표 사례의 정보 밀도와 초점 배치를 비교. 배제: 공연 템플릿과 무관한 표면 스타일 복제.,"HTTP 404; 검색/공식 보조 페이지로 존재 확인, 본문 직접 관찰 제한"
https://tympanus.net/codrops/2025/06/03/building-a-smooth-horizontal-scroll-experience-with-gsap/,tympanus.net,404,building-a-smooth-horizontal-scroll-experience-with-gsap,메타: 설명 없음,큐레이션·시각 위계,채택: 대표 사례의 정보 밀도와 초점 배치를 비교. 배제: 공연 템플릿과 무관한 표면 스타일 복제.,"HTTP 404; 검색/공식 보조 페이지로 존재 확인, 본문 직접 관찰 제한"
